horizon,location,output_type,output_type_id,reference_date,target,target_end_date,value,model_id
0,48,quantile,0.01,2024-11-23,wk inc flu hosp,2024-11-23,0.0,FluSight-baseline
0,48,quantile,0.025,2024-11-23,wk inc flu hosp,2024-11-23,0.0,FluSight-baseline
0,48,quantile,0.05,2024-11-23,wk inc flu hosp,2024-11-23,0.0,FluSight-baseline
0,48,quantile,0.1,2024-11-23,wk inc flu hosp,2024-11-23,42.0,FluSight-baseline
0,48,quantile,0.15,2024-11-23,wk inc flu hosp,2024-11-23,96.0,FluSight-baseline
0,48,quantile,0.2,2024-11-23,wk inc flu hosp,2024-11-23,126.0,FluSight-baseline
0,48,quantile,0.25,2024-11-23,wk inc flu hosp,2024-11-23,175.0,FluSight-baseline
0,48,quantile,0.3,2024-11-23,wk inc flu hosp,2024-11-23,188.0,FluSight-baseline
0,48,quantile,0.35,2024-11-23,wk inc flu hosp,2024-11-23,195.0,FluSight-baseline
0,48,quantile,0.4,2024-11-23,wk inc flu hosp,2024-11-23,202.0,FluSight-baseline
0,48,quantile,0.45,2024-11-23,wk inc flu hosp,2024-11-23,207.0,FluSight-baseline
0,48,quantile,0.5,2024-11-23,wk inc flu hosp,2024-11-23,213.0,FluSight-baseline
0,48,quantile,0.55,2024-11-23,wk inc flu hosp,2024-11-23,219.0,FluSight-baseline
0,48,quantile,0.6,2024-11-23,wk inc flu hosp,2024-11-23,224.0,FluSight-baseline
0,48,quantile,0.65,2024-11-23,wk inc flu hosp,2024-11-23,231.0,FluSight-baseline
0,48,quantile,0.7,2024-11-23,wk inc flu hosp,2024-11-23,238.0,FluSight-baseline
0,48,quantile,0.75,2024-11-23,wk inc flu hosp,2024-11-23,251.0,FluSight-baseline
0,48,quantile,0.8,2024-11-23,wk inc flu hosp,2024-11-23,300.0,FluSight-baseline
0,48,quantile,0.85,2024-11-23,wk inc flu hosp,2024-11-23,330.0,FluSight-baseline
0,48,quantile,0.9,2024-11-23,wk inc flu hosp,2024-11-23,384.0,FluSight-baseline
0,48,quantile,0.95,2024-11-23,wk inc flu hosp,2024-11-23,495.0,FluSight-baseline
0,48,quantile,0.975,2024-11-23,wk inc flu hosp,2024-11-23,594.0,FluSight-baseline
0,48,quantile,0.99,2024-11-23,wk inc flu hosp,2024-11-23,663.0,FluSight-baseline
1,48,quantile,0.01,2024-11-23,wk inc flu hosp,2024-11-30,0.0,FluSight-baseline
1,48,quantile,0.025,2024-11-23,wk inc flu hosp,2024-11-30,0.0,FluSight-baseline
1,48,quantile,0.05,2024-11-23,wk inc flu hosp,2024-11-30,0.0,FluSight-baseline
1,48,quantile,0.1,2024-11-23,wk inc flu hosp,2024-11-30,0.0,FluSight-baseline
1,48,quantile,0.15,2024-11-23,wk inc flu hosp,2024-11-30,25.0,FluSight-baseline
1,48,quantile,0.2,2024-11-23,wk inc flu hosp,2024-11-30,70.0,FluSight-baseline
1,48,quantile,0.25,2024-11-23,wk inc flu hosp,2024-11-30,105.0,FluSight-baseline
1,48,quantile,0.3,2024-11-23,wk inc flu hosp,2024-11-30,135.0,FluSight-baseline
1,48,quantile,0.35,2024-11-23,wk inc flu hosp,2024-11-30,165.0,FluSight-baseline
1,48,quantile,0.4,2024-11-23,wk inc flu hosp,2024-11-30,185.0,FluSight-baseline
1,48,quantile,0.45,2024-11-23,wk inc flu hosp,2024-11-30,200.0,FluSight-baseline
1,48,quantile,0.5,2024-11-23,wk inc flu hosp,2024-11-30,213.0,FluSight-baseline
1,48,quantile,0.55,2024-11-23,wk inc flu hosp,2024-11-30,226.0,FluSight-baseline
1,48,quantile,0.6,2024-11-23,wk inc flu hosp,2024-11-30,241.0,FluSight-baseline
1,48,quantile,0.65,2024-11-23,wk inc flu hosp,2024-11-30,263.0,FluSight-baseline
1,48,quantile,0.7,2024-11-23,wk inc flu hosp,2024-11-30,296.0,FluSight-baseline
1,48,quantile,0.75,2024-11-23,wk inc flu hosp,2024-11-30,326.0,FluSight-baseline
1,48,quantile,0.8,2024-11-23,wk inc flu hosp,2024-11-30,365.0,FluSight-baseline
1,48,quantile,0.85,2024-11-23,wk inc flu hosp,2024-11-30,416.0,FluSight-baseline
1,48,quantile,0.9,2024-11-23,wk inc flu hosp,2024-11-30,493.0,FluSight-baseline
1,48,quantile,0.95,2024-11-23,wk inc flu hosp,2024-11-30,606.0,FluSight-baseline
1,48,quantile,0.975,2024-11-23,wk inc flu hosp,2024-11-30,688.0,FluSight-baseline
1,48,quantile,0.99,2024-11-23,wk inc flu hosp,2024-11-30,799.0,FluSight-baseline
2,48,quantile,0.01,2024-11-23,wk inc flu hosp,2024-12-07,0.0,FluSight-baseline
2,48,quantile,0.025,2024-11-23,wk inc flu hosp,2024-12-07,0.0,FluSight-baseline
2,48,quantile,0.05,2024-11-23,wk inc flu hosp,2024-12-07,0.0,FluSight-baseline
2,48,quantile,0.1,2024-11-23,wk inc flu hosp,2024-12-07,0.0,FluSight-baseline
2,48,quantile,0.15,2024-11-23,wk inc flu hosp,2024-12-07,0.0,FluSight-baseline
2,48,quantile,0.2,2024-11-23,wk inc flu hosp,2024-12-07,21.0,FluSight-baseline
2,48,quantile,0.25,2024-11-23,wk inc flu hosp,2024-12-07,65.0,FluSight-baseline
2,48,quantile,0.3,2024-11-23,wk inc flu hosp,2024-12-07,102.0,FluSight-baseline
2,48,quantile,0.35,2024-11-23,wk inc flu hosp,2024-12-07,134.0,FluSight-baseline
2,48,quantile,0.4,2024-11-23,wk inc flu hosp,2024-12-07,165.0,FluSight-baseline
2,48,quantile,0.45,2024-11-23,wk inc flu hosp,2024-12-07,191.0,FluSight-baseline
2,48,quantile,0.5,2024-11-23,wk inc flu hosp,2024-12-07,213.0,FluSight-baseline
2,48,quantile,0.55,2024-11-23,wk inc flu hosp,2024-12-07,236.0,FluSight-baseline
2,48,quantile,0.6,2024-11-23,wk inc flu hosp,2024-12-07,263.0,FluSight-baseline
2,48,quantile,0.65,2024-11-23,wk inc flu hosp,2024-12-07,295.0,FluSight-baseline
2,48,quantile,0.7,2024-11-23,wk inc flu hosp,2024-12-07,329.0,FluSight-baseline
2,48,quantile,0.75,2024-11-23,wk inc flu hosp,2024-12-07,369.0,FluSight-baseline
2,48,quantile,0.8,2024-11-23,wk inc flu hosp,2024-12-07,418.0,FluSight-baseline
2,48,quantile,0.85,2024-11-23,wk inc flu hosp,2024-12-07,481.0,FluSight-baseline
2,48,quantile,0.9,2024-11-23,wk inc flu hosp,2024-12-07,565.0,FluSight-baseline
2,48,quantile,0.95,2024-11-23,wk inc flu hosp,2024-12-07,676.0,FluSight-baseline
2,48,quantile,0.975,2024-11-23,wk inc flu hosp,2024-12-07,778.0,FluSight-baseline
2,48,quantile,0.99,2024-11-23,wk inc flu hosp,2024-12-07,903.0,FluSight-baseline
3,48,quantile,0.01,2024-11-23,wk inc flu hosp,2024-12-14,0.0,FluSight-baseline
3,48,quantile,0.025,2024-11-23,wk inc flu hosp,2024-12-14,0.0,FluSight-baseline
3,48,quantile,0.05,2024-11-23,wk inc flu hosp,2024-12-14,0.0,FluSight-baseline
3,48,quantile,0.1,2024-11-23,wk inc flu hosp,2024-12-14,0.0,FluSight-baseline
3,48,quantile,0.15,2024-11-23,wk inc flu hosp,2024-12-14,0.0,FluSight-baseline
3,48,quantile,0.2,2024-11-23,wk inc flu hosp,2024-12-14,0.0,FluSight-baseline
3,48,quantile,0.25,2024-11-23,wk inc flu hosp,2024-12-14,31.0,FluSight-baseline
3,48,quantile,0.3,2024-11-23,wk inc flu hosp,2024-12-14,75.0,FluSight-baseline
3,48,quantile,0.35,2024-11-23,wk inc flu hosp,2024-12-14,114.0,FluSight-baseline
3,48,quantile,0.4,2024-11-23,wk inc flu hosp,2024-12-14,150.0,FluSight-baseline
3,48,quantile,0.45,2024-11-23,wk inc flu hosp,2024-12-14,183.0,FluSight-baseline
3,48,quantile,0.5,2024-11-23,wk inc flu hosp,2024-12-14,213.0,FluSight-baseline
3,48,quantile,0.55,2024-11-23,wk inc flu hosp,2024-12-14,244.0,FluSight-baseline
3,48,quantile,0.6,2024-11-23,wk inc flu hosp,2024-12-14,279.0,FluSight-baseline
3,48,quantile,0.65,2024-11-23,wk inc flu hosp,2024-12-14,315.0,FluSight-baseline
3,48,quantile,0.7,2024-11-23,wk inc flu hosp,2024-12-14,357.0,FluSight-baseline
3,48,quantile,0.75,2024-11-23,wk inc flu hosp,2024-12-14,404.0,FluSight-baseline
3,48,quantile,0.8,2024-11-23,wk inc flu hosp,2024-12-14,461.0,FluSight-baseline
3,48,quantile,0.85,2024-11-23,wk inc flu hosp,2024-12-14,529.0,FluSight-baseline
3,48,quantile,0.9,2024-11-23,wk inc flu hosp,2024-12-14,614.0,FluSight-baseline
3,48,quantile,0.95,2024-11-23,wk inc flu hosp,2024-12-14,740.0,FluSight-baseline
3,48,quantile,0.975,2024-11-23,wk inc flu hosp,2024-12-14,857.0,FluSight-baseline
3,48,quantile,0.99,2024-11-23,wk inc flu hosp,2024-12-14,1003.0,FluSight-baseline
0,48,quantile,0.01,2024-11-30,wk inc flu hosp,2024-11-30,0.0,FluSight-baseline
0,48,quantile,0.025,2024-11-30,wk inc flu hosp,2024-11-30,0.0,FluSight-baseline
0,48,quantile,0.05,2024-11-30,wk inc flu hosp,2024-11-30,0.0,FluSight-baseline
0,48,quantile,0.1,2024-11-30,wk inc flu hosp,2024-11-30,86.0,FluSight-baseline
0,48,quantile,0.15,2024-11-30,wk inc flu hosp,2024-11-30,141.0,FluSight-baseline
0,48,quantile,0.2,2024-11-30,wk inc flu hosp,2024-11-30,170.0,FluSight-baseline
0,48,quantile,0.25,2024-11-30,wk inc flu hosp,2024-11-30,218.0,FluSight-baseline
0,48,quantile,0.3,2024-11-30,wk inc flu hosp,2024-11-30,230.0,FluSight-baseline
0,48,quantile,0.35,2024-11-30,wk inc flu hosp,2024-11-30,238.0,FluSight-baseline
0,48,quantile,0.4,2024-11-30,wk inc flu hosp,2024-11-30,245.0,FluSight-baseline
0,48,quantile,0.45,2024-11-30,wk inc flu hosp,2024-11-30,250.0,FluSight-baseline
0,48,quantile,0.5,2024-11-30,wk inc flu hosp,2024-11-30,256.0,FluSight-baseline
0,48,quantile,0.55,2024-11-30,wk inc flu hosp,2024-11-30,262.0,FluSight-baseline
0,48,quantile,0.6,2024-11-30,wk inc flu hosp,2024-11-30,267.0,FluSight-baseline
0,48,quantile,0.65,2024-11-30,wk inc flu hosp,2024-11-30,274.0,FluSight-baseline
0,48,quantile,0.7,2024-11-30,wk inc flu hosp,2024-11-30,282.0,FluSight-baseline
0,48,quantile,0.75,2024-11-30,wk inc flu hosp,2024-11-30,294.0,FluSight-baseline
0,48,quantile,0.8,2024-11-30,wk inc flu hosp,2024-11-30,342.0,FluSight-baseline
0,48,quantile,0.85,2024-11-30,wk inc flu hosp,2024-11-30,371.0,FluSight-baseline
0,48,quantile,0.9,2024-11-30,wk inc flu hosp,2024-11-30,426.0,FluSight-baseline
0,48,quantile,0.95,2024-11-30,wk inc flu hosp,2024-11-30,537.0,FluSight-baseline
0,48,quantile,0.975,2024-11-30,wk inc flu hosp,2024-11-30,637.0,FluSight-baseline
0,48,quantile,0.99,2024-11-30,wk inc flu hosp,2024-11-30,705.0,FluSight-baseline
1,48,quantile,0.01,2024-11-30,wk inc flu hosp,2024-12-07,0.0,FluSight-baseline
1,48,quantile,0.025,2024-11-30,wk inc flu hosp,2024-12-07,0.0,FluSight-baseline
1,48,quantile,0.05,2024-11-30,wk inc flu hosp,2024-12-07,0.0,FluSight-baseline
1,48,quantile,0.1,2024-11-30,wk inc flu hosp,2024-12-07,4.0,FluSight-baseline
1,48,quantile,0.15,2024-11-30,wk inc flu hosp,2024-12-07,63.0,FluSight-baseline
1,48,quantile,0.2,2024-11-30,wk inc flu hosp,2024-12-07,110.0,FluSight-baseline
1,48,quantile,0.25,2024-11-30,wk inc flu hosp,2024-12-07,146.0,FluSight-baseline
1,48,quantile,0.3,2024-11-30,wk inc flu hosp,2024-12-07,177.0,FluSight-baseline
1,48,quantile,0.35,2024-11-30,wk inc flu hosp,2024-12-07,207.0,FluSight-baseline
1,48,quantile,0.4,2024-11-30,wk inc flu hosp,2024-12-07,228.0,FluSight-baseline
1,48,quantile,0.45,2024-11-30,wk inc flu hosp,2024-12-07,243.0,FluSight-baseline
1,48,quantile,0.5,2024-11-30,wk inc flu hosp,2024-12-07,256.0,FluSight-baseline
1,48,quantile,0.55,2024-11-30,wk inc flu hosp,2024-12-07,270.0,FluSight-baseline
1,48,quantile,0.6,2024-11-30,wk inc flu hosp,2024-12-07,285.0,FluSight-baseline
1,48,quantile,0.65,2024-11-30,wk inc flu hosp,2024-12-07,306.0,FluSight-baseline
1,48,quantile,0.7,2024-11-30,wk inc flu hosp,2024-12-07,338.0,FluSight-baseline
1,48,quantile,0.75,2024-11-30,wk inc flu hosp,2024-12-07,369.0,FluSight-baseline
1,48,quantile,0.8,2024-11-30,wk inc flu hosp,2024-12-07,406.0,FluSight-baseline
1,48,quantile,0.85,2024-11-30,wk inc flu hosp,2024-12-07,459.0,FluSight-baseline
1,48,quantile,0.9,2024-11-30,wk inc flu hosp,2024-12-07,536.0,FluSight-baseline
1,48,quantile,0.95,2024-11-30,wk inc flu hosp,2024-12-07,646.0,FluSight-baseline
1,48,quantile,0.975,2024-11-30,wk inc flu hosp,2024-12-07,726.0,FluSight-baseline
1,48,quantile,0.99,2024-11-30,wk inc flu hosp,2024-12-07,829.0,FluSight-baseline
2,48,quantile,0.01,2024-11-30,wk inc flu hosp,2024-12-14,0.0,FluSight-baseline
2,48,quantile,0.025,2024-11-30,wk inc flu hosp,2024-12-14,0.0,FluSight-baseline
2,48,quantile,0.05,2024-11-30,wk inc flu hosp,2024-12-14,0.0,FluSight-baseline
2,48,quantile,0.1,2024-11-30,wk inc flu hosp,2024-12-14,0.0,FluSight-baseline
2,48,quantile,0.15,2024-11-30,wk inc flu hosp,2024-12-14,7.0,FluSight-baseline
2,48,quantile,0.2,2024-11-30,wk inc flu hosp,2024-12-14,62.0,FluSight-baseline
2,48,quantile,0.25,2024-11-30,wk inc flu hosp,2024-12-14,107.0,FluSight-baseline
2,48,quantile,0.3,2024-11-30,wk inc flu hosp,2024-12-14,144.0,FluSight-baseline
2,48,quantile,0.35,2024-11-30,wk inc flu hosp,2024-12-14,177.0,FluSight-baseline
2,48,quantile,0.4,2024-11-30,wk inc flu hosp,2024-12-14,208.0,FluSight-baseline
2,48,quantile,0.45,2024-11-30,wk inc flu hosp,2024-12-14,234.0,FluSight-baseline
2,48,quantile,0.5,2024-11-30,wk inc flu hosp,2024-12-14,256.0,FluSight-baseline
2,48,quantile,0.55,2024-11-30,wk inc flu hosp,2024-12-14,279.0,FluSight-baseline
2,48,quantile,0.6,2024-11-30,wk inc flu hosp,2024-12-14,305.0,FluSight-baseline
2,48,quantile,0.65,2024-11-30,wk inc flu hosp,2024-12-14,337.0,FluSight-baseline
2,48,quantile,0.7,2024-11-30,wk inc flu hosp,2024-12-14,371.0,FluSight-baseline
2,48,quantile,0.75,2024-11-30,wk inc flu hosp,2024-12-14,410.0,FluSight-baseline
2,48,quantile,0.8,2024-11-30,wk inc flu hosp,2024-12-14,459.0,FluSight-baseline
2,48,quantile,0.85,2024-11-30,wk inc flu hosp,2024-12-14,523.0,FluSight-baseline
2,48,quantile,0.9,2024-11-30,wk inc flu hosp,2024-12-14,608.0,FluSight-baseline
2,48,quantile,0.95,2024-11-30,wk inc flu hosp,2024-12-14,715.0,FluSight-baseline
2,48,quantile,0.975,2024-11-30,wk inc flu hosp,2024-12-14,818.0,FluSight-baseline
2,48,quantile,0.99,2024-11-30,wk inc flu hosp,2024-12-14,944.0,FluSight-baseline
3,48,quantile,0.01,2024-11-30,wk inc flu hosp,2024-12-21,0.0,FluSight-baseline
3,48,quantile,0.025,2024-11-30,wk inc flu hosp,2024-12-21,0.0,FluSight-baseline
3,48,quantile,0.05,2024-11-30,wk inc flu hosp,2024-12-21,0.0,FluSight-baseline
3,48,quantile,0.1,2024-11-30,wk inc flu hosp,2024-12-21,0.0,FluSight-baseline
3,48,quantile,0.15,2024-11-30,wk inc flu hosp,2024-12-21,0.0,FluSight-baseline
3,48,quantile,0.2,2024-11-30,wk inc flu hosp,2024-12-21,19.0,FluSight-baseline
3,48,quantile,0.25,2024-11-30,wk inc flu hosp,2024-12-21,71.0,FluSight-baseline
3,48,quantile,0.3,2024-11-30,wk inc flu hosp,2024-12-21,115.0,FluSight-baseline
3,48,quantile,0.35,2024-11-30,wk inc flu hosp,2024-12-21,154.0,FluSight-baseline
3,48,quantile,0.4,2024-11-30,wk inc flu hosp,2024-12-21,191.0,FluSight-baseline
3,48,quantile,0.45,2024-11-30,wk inc flu hosp,2024-12-21,224.0,FluSight-baseline
3,48,quantile,0.5,2024-11-30,wk inc flu hosp,2024-12-21,256.0,FluSight-baseline
3,48,quantile,0.55,2024-11-30,wk inc flu hosp,2024-12-21,287.0,FluSight-baseline
3,48,quantile,0.6,2024-11-30,wk inc flu hosp,2024-12-21,321.0,FluSight-baseline
3,48,quantile,0.65,2024-11-30,wk inc flu hosp,2024-12-21,358.0,FluSight-baseline
3,48,quantile,0.7,2024-11-30,wk inc flu hosp,2024-12-21,398.0,FluSight-baseline
3,48,quantile,0.75,2024-11-30,wk inc flu hosp,2024-12-21,446.0,FluSight-baseline
3,48,quantile,0.8,2024-11-30,wk inc flu hosp,2024-12-21,502.0,FluSight-baseline
3,48,quantile,0.85,2024-11-30,wk inc flu hosp,2024-12-21,569.0,FluSight-baseline
3,48,quantile,0.9,2024-11-30,wk inc flu hosp,2024-12-21,653.0,FluSight-baseline
3,48,quantile,0.95,2024-11-30,wk inc flu hosp,2024-12-21,778.0,FluSight-baseline
3,48,quantile,0.975,2024-11-30,wk inc flu hosp,2024-12-21,893.0,FluSight-baseline
3,48,quantile,0.99,2024-11-30,wk inc flu hosp,2024-12-21,1041.0,FluSight-baseline
0,48,quantile,0.01,2024-12-07,wk inc flu hosp,2024-12-07,0.0,FluSight-baseline
0,48,quantile,0.025,2024-12-07,wk inc flu hosp,2024-12-07,5.0,FluSight-baseline
0,48,quantile,0.05,2024-12-07,wk inc flu hosp,2024-12-07,106.0,FluSight-baseline
0,48,quantile,0.1,2024-12-07,wk inc flu hosp,2024-12-07,217.0,FluSight-baseline
0,48,quantile,0.15,2024-12-07,wk inc flu hosp,2024-12-07,266.0,FluSight-baseline
0,48,quantile,0.2,2024-12-07,wk inc flu hosp,2024-12-07,299.0,FluSight-baseline
0,48,quantile,0.25,2024-12-07,wk inc flu hosp,2024-12-07,343.0,FluSight-baseline
0,48,quantile,0.3,2024-12-07,wk inc flu hosp,2024-12-07,360.0,FluSight-baseline
0,48,quantile,0.35,2024-12-07,wk inc flu hosp,2024-12-07,368.0,FluSight-baseline
0,48,quantile,0.4,2024-12-07,wk inc flu hosp,2024-12-07,375.0,FluSight-baseline
0,48,quantile,0.45,2024-12-07,wk inc flu hosp,2024-12-07,380.0,FluSight-baseline
0,48,quantile,0.5,2024-12-07,wk inc flu hosp,2024-12-07,386.0,FluSight-baseline
0,48,quantile,0.55,2024-12-07,wk inc flu hosp,2024-12-07,392.0,FluSight-baseline
0,48,quantile,0.6,2024-12-07,wk inc flu hosp,2024-12-07,397.0,FluSight-baseline
0,48,quantile,0.65,2024-12-07,wk inc flu hosp,2024-12-07,404.0,FluSight-baseline
0,48,quantile,0.7,2024-12-07,wk inc flu hosp,2024-12-07,412.0,FluSight-baseline
0,48,quantile,0.75,2024-12-07,wk inc flu hosp,2024-12-07,429.0,FluSight-baseline
0,48,quantile,0.8,2024-12-07,wk inc flu hosp,2024-12-07,473.0,FluSight-baseline
0,48,quantile,0.85,2024-12-07,wk inc flu hosp,2024-12-07,506.0,FluSight-baseline
0,48,quantile,0.9,2024-12-07,wk inc flu hosp,2024-12-07,556.0,FluSight-baseline
0,48,quantile,0.95,2024-12-07,wk inc flu hosp,2024-12-07,666.0,FluSight-baseline
0,48,quantile,0.975,2024-12-07,wk inc flu hosp,2024-12-07,767.0,FluSight-baseline
0,48,quantile,0.99,2024-12-07,wk inc flu hosp,2024-12-07,834.0,FluSight-baseline
1,48,quantile,0.01,2024-12-07,wk inc flu hosp,2024-12-14,0.0,FluSight-baseline
1,48,quantile,0.025,2024-12-07,wk inc flu hosp,2024-12-14,0.0,FluSight-baseline
1,48,quantile,0.05,2024-12-07,wk inc flu hosp,2024-12-14,4.0,FluSight-baseline
1,48,quantile,0.1,2024-12-07,wk inc flu hosp,2024-12-14,111.0,FluSight-baseline
1,48,quantile,0.15,2024-12-07,wk inc flu hosp,2024-12-14,186.0,FluSight-baseline
1,48,quantile,0.2,2024-12-07,wk inc flu hosp,2024-12-14,237.0,FluSight-baseline
1,48,quantile,0.25,2024-12-07,wk inc flu hosp,2024-12-14,273.0,FluSight-baseline
1,48,quantile,0.3,2024-12-07,wk inc flu hosp,2024-12-14,305.0,FluSight-baseline
1,48,quantile,0.35,2024-12-07,wk inc flu hosp,2024-12-14,335.0,FluSight-baseline
1,48,quantile,0.4,2024-12-07,wk inc flu hosp,2024-12-14,357.0,FluSight-baseline
1,48,quantile,0.45,2024-12-07,wk inc flu hosp,2024-12-14,372.0,FluSight-baseline
1,48,quantile,0.5,2024-12-07,wk inc flu hosp,2024-12-14,386.0,FluSight-baseline
1,48,quantile,0.55,2024-12-07,wk inc flu hosp,2024-12-14,400.0,FluSight-baseline
1,48,quantile,0.6,2024-12-07,wk inc flu hosp,2024-12-14,415.0,FluSight-baseline
1,48,quantile,0.65,2024-12-07,wk inc flu hosp,2024-12-14,438.0,FluSight-baseline
1,48,quantile,0.7,2024-12-07,wk inc flu hosp,2024-12-14,469.0,FluSight-baseline
1,48,quantile,0.75,2024-12-07,wk inc flu hosp,2024-12-14,499.0,FluSight-baseline
1,48,quantile,0.8,2024-12-07,wk inc flu hosp,2024-12-14,536.0,FluSight-baseline
1,48,quantile,0.85,2024-12-07,wk inc flu hosp,2024-12-14,587.0,FluSight-baseline
1,48,quantile,0.9,2024-12-07,wk inc flu hosp,2024-12-14,665.0,FluSight-baseline
1,48,quantile,0.95,2024-12-07,wk inc flu hosp,2024-12-14,777.0,FluSight-baseline
1,48,quantile,0.975,2024-12-07,wk inc flu hosp,2024-12-14,855.0,FluSight-baseline
1,48,quantile,0.99,2024-12-07,wk inc flu hosp,2024-12-14,958.0,FluSight-baseline
2,48,quantile,0.01,2024-12-07,wk inc flu hosp,2024-12-21,0.0,FluSight-baseline
2,48,quantile,0.025,2024-12-07,wk inc flu hosp,2024-12-21,0.0,FluSight-baseline
2,48,quantile,0.05,2024-12-07,wk inc flu hosp,2024-12-21,0.0,FluSight-baseline
2,48,quantile,0.1,2024-12-07,wk inc flu hosp,2024-12-21,42.0,FluSight-baseline
2,48,quantile,0.15,2024-12-07,wk inc flu hosp,2024-12-21,122.0,FluSight-baseline
2,48,quantile,0.2,2024-12-07,wk inc flu hosp,2024-12-21,184.0,FluSight-baseline
2,48,quantile,0.25,2024-12-07,wk inc flu hosp,2024-12-21,232.0,FluSight-baseline
2,48,quantile,0.3,2024-12-07,wk inc flu hosp,2024-12-21,271.0,FluSight-baseline
2,48,quantile,0.35,2024-12-07,wk inc flu hosp,2024-12-21,305.0,FluSight-baseline
2,48,quantile,0.4,2024-12-07,wk inc flu hosp,2024-12-21,336.0,FluSight-baseline
2,48,quantile,0.45,2024-12-07,wk inc flu hosp,2024-12-21,363.0,FluSight-baseline
2,48,quantile,0.5,2024-12-07,wk inc flu hosp,2024-12-21,386.0,FluSight-baseline
2,48,quantile,0.55,2024-12-07,wk inc flu hosp,2024-12-21,410.0,FluSight-baseline
2,48,quantile,0.6,2024-12-07,wk inc flu hosp,2024-12-21,436.0,FluSight-baseline
2,48,quantile,0.65,2024-12-07,wk inc flu hosp,2024-12-21,468.0,FluSight-baseline
2,48,quantile,0.7,2024-12-07,wk inc flu hosp,2024-12-21,502.0,FluSight-baseline
2,48,quantile,0.75,2024-12-07,wk inc flu hosp,2024-12-21,541.0,FluSight-baseline
2,48,quantile,0.8,2024-12-07,wk inc flu hosp,2024-12-21,590.0,FluSight-baseline
2,48,quantile,0.85,2024-12-07,wk inc flu hosp,2024-12-21,654.0,FluSight-baseline
2,48,quantile,0.9,2024-12-07,wk inc flu hosp,2024-12-21,736.0,FluSight-baseline
2,48,quantile,0.95,2024-12-07,wk inc flu hosp,2024-12-21,847.0,FluSight-baseline
2,48,quantile,0.975,2024-12-07,wk inc flu hosp,2024-12-21,944.0,FluSight-baseline
2,48,quantile,0.99,2024-12-07,wk inc flu hosp,2024-12-21,1066.0,FluSight-baseline
3,48,quantile,0.01,2024-12-07,wk inc flu hosp,2024-12-28,0.0,FluSight-baseline
3,48,quantile,0.025,2024-12-07,wk inc flu hosp,2024-12-28,0.0,FluSight-baseline
3,48,quantile,0.05,2024-12-07,wk inc flu hosp,2024-12-28,0.0,FluSight-baseline
3,48,quantile,0.1,2024-12-07,wk inc flu hosp,2024-12-28,0.0,FluSight-baseline
3,48,quantile,0.15,2024-12-07,wk inc flu hosp,2024-12-28,76.0,FluSight-baseline
3,48,quantile,0.2,2024-12-07,wk inc flu hosp,2024-12-28,141.0,FluSight-baseline
3,48,quantile,0.25,2024-12-07,wk inc flu hosp,2024-12-28,197.0,FluSight-baseline
3,48,quantile,0.3,2024-12-07,wk inc flu hosp,2024-12-28,243.0,FluSight-baseline
3,48,quantile,0.35,2024-12-07,wk inc flu hosp,2024-12-28,283.0,FluSight-baseline
3,48,quantile,0.4,2024-12-07,wk inc flu hosp,2024-12-28,320.0,FluSight-baseline
3,48,quantile,0.45,2024-12-07,wk inc flu hosp,2024-12-28,355.0,FluSight-baseline
3,48,quantile,0.5,2024-12-07,wk inc flu hosp,2024-12-28,386.0,FluSight-baseline
3,48,quantile,0.55,2024-12-07,wk inc flu hosp,2024-12-28,418.0,FluSight-baseline
3,48,quantile,0.6,2024-12-07,wk inc flu hosp,2024-12-28,453.0,FluSight-baseline
3,48,quantile,0.65,2024-12-07,wk inc flu hosp,2024-12-28,491.0,FluSight-baseline
3,48,quantile,0.7,2024-12-07,wk inc flu hosp,2024-12-28,531.0,FluSight-baseline
3,48,quantile,0.75,2024-12-07,wk inc flu hosp,2024-12-28,578.0,FluSight-baseline
3,48,quantile,0.8,2024-12-07,wk inc flu hosp,2024-12-28,633.0,FluSight-baseline
3,48,quantile,0.85,2024-12-07,wk inc flu hosp,2024-12-28,702.0,FluSight-baseline
3,48,quantile,0.9,2024-12-07,wk inc flu hosp,2024-12-28,786.0,FluSight-baseline
3,48,quantile,0.95,2024-12-07,wk inc flu hosp,2024-12-28,911.0,FluSight-baseline
3,48,quantile,0.975,2024-12-07,wk inc flu hosp,2024-12-28,1023.0,FluSight-baseline
3,48,quantile,0.99,2024-12-07,wk inc flu hosp,2024-12-28,1160.0,FluSight-baseline
0,48,quantile,0.01,2024-12-14,wk inc flu hosp,2024-12-14,45.0,FluSight-baseline
0,48,quantile,0.025,2024-12-14,wk inc flu hosp,2024-12-14,113.0,FluSight-baseline
0,48,quantile,0.05,2024-12-14,wk inc flu hosp,2024-12-14,214.0,FluSight-baseline
0,48,quantile,0.1,2024-12-14,wk inc flu hosp,2024-12-14,324.0,FluSight-baseline
0,48,quantile,0.15,2024-12-14,wk inc flu hosp,2024-12-14,375.0,FluSight-baseline
0,48,quantile,0.2,2024-12-14,wk inc flu hosp,2024-12-14,405.0,FluSight-baseline
0,48,quantile,0.25,2024-12-14,wk inc flu hosp,2024-12-14,449.0,FluSight-baseline
0,48,quantile,0.3,2024-12-14,wk inc flu hosp,2024-12-14,467.0,FluSight-baseline
0,48,quantile,0.35,2024-12-14,wk inc flu hosp,2024-12-14,475.0,FluSight-baseline
0,48,quantile,0.4,2024-12-14,wk inc flu hosp,2024-12-14,481.0,FluSight-baseline
0,48,quantile,0.45,2024-12-14,wk inc flu hosp,2024-12-14,487.0,FluSight-baseline
0,48,quantile,0.5,2024-12-14,wk inc flu hosp,2024-12-14,493.0,FluSight-baseline
0,48,quantile,0.55,2024-12-14,wk inc flu hosp,2024-12-14,499.0,FluSight-baseline
0,48,quantile,0.6,2024-12-14,wk inc flu hosp,2024-12-14,505.0,FluSight-baseline
0,48,quantile,0.65,2024-12-14,wk inc flu hosp,2024-12-14,511.0,FluSight-baseline
0,48,quantile,0.7,2024-12-14,wk inc flu hosp,2024-12-14,519.0,FluSight-baseline
0,48,quantile,0.75,2024-12-14,wk inc flu hosp,2024-12-14,537.0,FluSight-baseline
0,48,quantile,0.8,2024-12-14,wk inc flu hosp,2024-12-14,581.0,FluSight-baseline
0,48,quantile,0.85,2024-12-14,wk inc flu hosp,2024-12-14,611.0,FluSight-baseline
0,48,quantile,0.9,2024-12-14,wk inc flu hosp,2024-12-14,662.0,FluSight-baseline
0,48,quantile,0.95,2024-12-14,wk inc flu hosp,2024-12-14,772.0,FluSight-baseline
0,48,quantile,0.975,2024-12-14,wk inc flu hosp,2024-12-14,873.0,FluSight-baseline
0,48,quantile,0.99,2024-12-14,wk inc flu hosp,2024-12-14,941.0,FluSight-baseline
1,48,quantile,0.01,2024-12-14,wk inc flu hosp,2024-12-21,0.0,FluSight-baseline
1,48,quantile,0.025,2024-12-14,wk inc flu hosp,2024-12-21,23.0,FluSight-baseline
1,48,quantile,0.05,2024-12-14,wk inc flu hosp,2024-12-21,103.0,FluSight-baseline
1,48,quantile,0.1,2024-12-14,wk inc flu hosp,2024-12-21,217.0,FluSight-baseline
1,48,quantile,0.15,2024-12-14,wk inc flu hosp,2024-12-21,295.0,FluSight-baseline
1,48,quantile,0.2,2024-12-14,wk inc flu hosp,2024-12-21,344.0,FluSight-baseline
1,48,quantile,0.25,2024-12-14,wk inc flu hosp,2024-12-21,380.0,FluSight-baseline
1,48,quantile,0.3,2024-12-14,wk inc flu hosp,2024-12-21,410.0,FluSight-baseline
1,48,quantile,0.35,2024-12-14,wk inc flu hosp,2024-12-21,441.0,FluSight-baseline
1,48,quantile,0.4,2024-12-14,wk inc flu hosp,2024-12-21,464.0,FluSight-baseline
1,48,quantile,0.45,2024-12-14,wk inc flu hosp,2024-12-21,479.0,FluSight-baseline
1,48,quantile,0.5,2024-12-14,wk inc flu hosp,2024-12-21,493.0,FluSight-baseline
1,48,quantile,0.55,2024-12-14,wk inc flu hosp,2024-12-21,507.0,FluSight-baseline
1,48,quantile,0.6,2024-12-14,wk inc flu hosp,2024-12-21,523.0,FluSight-baseline
1,48,quantile,0.65,2024-12-14,wk inc flu hosp,2024-12-21,545.0,FluSight-baseline
1,48,quantile,0.7,2024-12-14,wk inc flu hosp,2024-12-21,576.0,FluSight-baseline
1,48,quantile,0.75,2024-12-14,wk inc flu hosp,2024-12-21,606.0,FluSight-baseline
1,48,quantile,0.8,2024-12-14,wk inc flu hosp,2024-12-21,641.0,FluSight-baseline
1,48,quantile,0.85,2024-12-14,wk inc flu hosp,2024-12-21,690.0,FluSight-baseline
1,48,quantile,0.9,2024-12-14,wk inc flu hosp,2024-12-21,768.0,FluSight-baseline
1,48,quantile,0.95,2024-12-14,wk inc flu hosp,2024-12-21,883.0,FluSight-baseline
1,48,quantile,0.975,2024-12-14,wk inc flu hosp,2024-12-21,965.0,FluSight-baseline
1,48,quantile,0.99,2024-12-14,wk inc flu hosp,2024-12-21,1068.0,FluSight-baseline
2,48,quantile,0.01,2024-12-14,wk inc flu hosp,2024-12-28,0.0,FluSight-baseline
2,48,quantile,0.025,2024-12-14,wk inc flu hosp,2024-12-28,0.0,FluSight-baseline
2,48,quantile,0.05,2024-12-14,wk inc flu hosp,2024-12-28,34.0,FluSight-baseline
2,48,quantile,0.1,2024-12-14,wk inc flu hosp,2024-12-28,144.0,FluSight-baseline
2,48,quantile,0.15,2024-12-14,wk inc flu hosp,2024-12-28,229.0,FluSight-baseline
2,48,quantile,0.2,2024-12-14,wk inc flu hosp,2024-12-28,291.0,FluSight-baseline
2,48,quantile,0.25,2024-12-14,wk inc flu hosp,2024-12-28,339.0,FluSight-baseline
2,48,quantile,0.3,2024-12-14,wk inc flu hosp,2024-12-28,377.0,FluSight-baseline
2,48,quantile,0.35,2024-12-14,wk inc flu hosp,2024-12-28,411.0,FluSight-baseline
2,48,quantile,0.4,2024-12-14,wk inc flu hosp,2024-12-28,442.0,FluSight-baseline
2,48,quantile,0.45,2024-12-14,wk inc flu hosp,2024-12-28,470.0,FluSight-baseline
2,48,quantile,0.5,2024-12-14,wk inc flu hosp,2024-12-28,493.0,FluSight-baseline
2,48,quantile,0.55,2024-12-14,wk inc flu hosp,2024-12-28,517.0,FluSight-baseline
2,48,quantile,0.6,2024-12-14,wk inc flu hosp,2024-12-28,543.0,FluSight-baseline
2,48,quantile,0.65,2024-12-14,wk inc flu hosp,2024-12-28,575.0,FluSight-baseline
2,48,quantile,0.7,2024-12-14,wk inc flu hosp,2024-12-28,608.0,FluSight-baseline
2,48,quantile,0.75,2024-12-14,wk inc flu hosp,2024-12-28,646.0,FluSight-baseline
2,48,quantile,0.8,2024-12-14,wk inc flu hosp,2024-12-28,694.0,FluSight-baseline
2,48,quantile,0.85,2024-12-14,wk inc flu hosp,2024-12-28,755.0,FluSight-baseline
2,48,quantile,0.9,2024-12-14,wk inc flu hosp,2024-12-28,838.0,FluSight-baseline
2,48,quantile,0.95,2024-12-14,wk inc flu hosp,2024-12-28,948.0,FluSight-baseline
2,48,quantile,0.975,2024-12-14,wk inc flu hosp,2024-12-28,1048.0,FluSight-baseline
2,48,quantile,0.99,2024-12-14,wk inc flu hosp,2024-12-28,1172.0,FluSight-baseline
3,48,quantile,0.01,2024-12-14,wk inc flu hosp,2025-01-04,0.0,FluSight-baseline
3,48,quantile,0.025,2024-12-14,wk inc flu hosp,2025-01-04,0.0,FluSight-baseline
3,48,quantile,0.05,2024-12-14,wk inc flu hosp,2025-01-04,0.0,FluSight-baseline
3,48,quantile,0.1,2024-12-14,wk inc flu hosp,2025-01-04,93.0,FluSight-baseline
3,48,quantile,0.15,2024-12-14,wk inc flu hosp,2025-01-04,179.0,FluSight-baseline
3,48,quantile,0.2,2024-12-14,wk inc flu hosp,2025-01-04,247.0,FluSight-baseline
3,48,quantile,0.25,2024-12-14,wk inc flu hosp,2025-01-04,302.0,FluSight-baseline
3,48,quantile,0.3,2024-12-14,wk inc flu hosp,2025-01-04,348.0,FluSight-baseline
3,48,quantile,0.35,2024-12-14,wk inc flu hosp,2025-01-04,389.0,FluSight-baseline
3,48,quantile,0.4,2024-12-14,wk inc flu hosp,2025-01-04,426.0,FluSight-baseline
3,48,quantile,0.45,2024-12-14,wk inc flu hosp,2025-01-04,461.0,FluSight-baseline
3,48,quantile,0.5,2024-12-14,wk inc flu hosp,2025-01-04,493.0,FluSight-baseline
3,48,quantile,0.55,2024-12-14,wk inc flu hosp,2025-01-04,525.0,FluSight-baseline
3,48,quantile,0.6,2024-12-14,wk inc flu hosp,2025-01-04,559.0,FluSight-baseline
3,48,quantile,0.65,2024-12-14,wk inc flu hosp,2025-01-04,596.0,FluSight-baseline
3,48,quantile,0.7,2024-12-14,wk inc flu hosp,2025-01-04,636.0,FluSight-baseline
3,48,quantile,0.75,2024-12-14,wk inc flu hosp,2025-01-04,682.0,FluSight-baseline
3,48,quantile,0.8,2024-12-14,wk inc flu hosp,2025-01-04,737.0,FluSight-baseline
3,48,quantile,0.85,2024-12-14,wk inc flu hosp,2025-01-04,804.0,FluSight-baseline
3,48,quantile,0.9,2024-12-14,wk inc flu hosp,2025-01-04,888.0,FluSight-baseline
3,48,quantile,0.95,2024-12-14,wk inc flu hosp,2025-01-04,1012.0,FluSight-baseline
3,48,quantile,0.975,2024-12-14,wk inc flu hosp,2025-01-04,1126.0,FluSight-baseline
3,48,quantile,0.99,2024-12-14,wk inc flu hosp,2025-01-04,1270.0,FluSight-baseline
0,48,quantile,0.01,2024-12-21,wk inc flu hosp,2024-12-21,192.0,FluSight-baseline
0,48,quantile,0.025,2024-12-21,wk inc flu hosp,2024-12-21,259.0,FluSight-baseline
0,48,quantile,0.05,2024-12-21,wk inc flu hosp,2024-12-21,361.0,FluSight-baseline
0,48,quantile,0.1,2024-12-21,wk inc flu hosp,2024-12-21,471.0,FluSight-baseline
0,48,quantile,0.15,2024-12-21,wk inc flu hosp,2024-12-21,513.0,FluSight-baseline
0,48,quantile,0.2,2024-12-21,wk inc flu hosp,2024-12-21,550.0,FluSight-baseline
0,48,quantile,0.25,2024-12-21,wk inc flu hosp,2024-12-21,592.0,FluSight-baseline
0,48,quantile,0.3,2024-12-21,wk inc flu hosp,2024-12-21,612.0,FluSight-baseline
0,48,quantile,0.35,2024-12-21,wk inc flu hosp,2024-12-21,621.0,FluSight-baseline
0,48,quantile,0.4,2024-12-21,wk inc flu hosp,2024-12-21,627.0,FluSight-baseline
0,48,quantile,0.45,2024-12-21,wk inc flu hosp,2024-12-21,633.0,FluSight-baseline
0,48,quantile,0.5,2024-12-21,wk inc flu hosp,2024-12-21,639.0,FluSight-baseline
0,48,quantile,0.55,2024-12-21,wk inc flu hosp,2024-12-21,645.0,FluSight-baseline
0,48,quantile,0.6,2024-12-21,wk inc flu hosp,2024-12-21,651.0,FluSight-baseline
0,48,quantile,0.65,2024-12-21,wk inc flu hosp,2024-12-21,657.0,FluSight-baseline
0,48,quantile,0.7,2024-12-21,wk inc flu hosp,2024-12-21,666.0,FluSight-baseline
0,48,quantile,0.75,2024-12-21,wk inc flu hosp,2024-12-21,686.0,FluSight-baseline
0,48,quantile,0.8,2024-12-21,wk inc flu hosp,2024-12-21,728.0,FluSight-baseline
0,48,quantile,0.85,2024-12-21,wk inc flu hosp,2024-12-21,765.0,FluSight-baseline
0,48,quantile,0.9,2024-12-21,wk inc flu hosp,2024-12-21,807.0,FluSight-baseline
0,48,quantile,0.95,2024-12-21,wk inc flu hosp,2024-12-21,917.0,FluSight-baseline
0,48,quantile,0.975,2024-12-21,wk inc flu hosp,2024-12-21,1019.0,FluSight-baseline
0,48,quantile,0.99,2024-12-21,wk inc flu hosp,2024-12-21,1086.0,FluSight-baseline
1,48,quantile,0.01,2024-12-21,wk inc flu hosp,2024-12-28,67.0,FluSight-baseline
1,48,quantile,0.025,2024-12-21,wk inc flu hosp,2024-12-28,167.0,FluSight-baseline
1,48,quantile,0.05,2024-12-21,wk inc flu hosp,2024-12-28,248.0,FluSight-baseline
1,48,quantile,0.1,2024-12-21,wk inc flu hosp,2024-12-28,362.0,FluSight-baseline
1,48,quantile,0.15,2024-12-21,wk inc flu hosp,2024-12-28,439.0,FluSight-baseline
1,48,quantile,0.2,2024-12-21,wk inc flu hosp,2024-12-28,490.0,FluSight-baseline
1,48,quantile,0.25,2024-12-21,wk inc flu hosp,2024-12-28,524.0,FluSight-baseline
1,48,quantile,0.3,2024-12-21,wk inc flu hosp,2024-12-28,553.0,FluSight-baseline
1,48,quantile,0.35,2024-12-21,wk inc flu hosp,2024-12-28,585.0,FluSight-baseline
1,48,quantile,0.4,2024-12-21,wk inc flu hosp,2024-12-28,609.0,FluSight-baseline
1,48,quantile,0.45,2024-12-21,wk inc flu hosp,2024-12-28,625.0,FluSight-baseline
1,48,quantile,0.5,2024-12-21,wk inc flu hosp,2024-12-28,639.0,FluSight-baseline
1,48,quantile,0.55,2024-12-21,wk inc flu hosp,2024-12-28,653.0,FluSight-baseline
1,48,quantile,0.6,2024-12-21,wk inc flu hosp,2024-12-28,669.0,FluSight-baseline
1,48,quantile,0.65,2024-12-21,wk inc flu hosp,2024-12-28,692.0,FluSight-baseline
1,48,quantile,0.7,2024-12-21,wk inc flu hosp,2024-12-28,725.0,FluSight-baseline
1,48,quantile,0.75,2024-12-21,wk inc flu hosp,2024-12-28,754.0,FluSight-baseline
1,48,quantile,0.8,2024-12-21,wk inc flu hosp,2024-12-28,788.0,FluSight-baseline
1,48,quantile,0.85,2024-12-21,wk inc flu hosp,2024-12-28,839.0,FluSight-baseline
1,48,quantile,0.9,2024-12-21,wk inc flu hosp,2024-12-28,915.0,FluSight-baseline
1,48,quantile,0.95,2024-12-21,wk inc flu hosp,2024-12-28,1029.0,FluSight-baseline
1,48,quantile,0.975,2024-12-21,wk inc flu hosp,2024-12-28,1110.0,FluSight-baseline
1,48,quantile,0.99,2024-12-21,wk inc flu hosp,2024-12-28,1212.0,FluSight-baseline
2,48,quantile,0.01,2024-12-21,wk inc flu hosp,2025-01-04,0.0,FluSight-baseline
2,48,quantile,0.025,2024-12-21,wk inc flu hosp,2025-01-04,77.0,FluSight-baseline
2,48,quantile,0.05,2024-12-21,wk inc flu hosp,2025-01-04,179.0,FluSight-baseline
2,48,quantile,0.1,2024-12-21,wk inc flu hosp,2025-01-04,291.0,FluSight-baseline
2,48,quantile,0.15,2024-12-21,wk inc flu hosp,2025-01-04,374.0,FluSight-baseline
2,48,quantile,0.2,2024-12-21,wk inc flu hosp,2025-01-04,436.0,FluSight-baseline
2,48,quantile,0.25,2024-12-21,wk inc flu hosp,2025-01-04,485.0,FluSight-baseline
2,48,quantile,0.3,2024-12-21,wk inc flu hosp,2025-01-04,522.0,FluSight-baseline
2,48,quantile,0.35,2024-12-21,wk inc flu hosp,2025-01-04,555.0,FluSight-baseline
2,48,quantile,0.4,2024-12-21,wk inc flu hosp,2025-01-04,587.0,FluSight-baseline
2,48,quantile,0.45,2024-12-21,wk inc flu hosp,2025-01-04,615.0,FluSight-baseline
2,48,quantile,0.5,2024-12-21,wk inc flu hosp,2025-01-04,639.0,FluSight-baseline
2,48,quantile,0.55,2024-12-21,wk inc flu hosp,2025-01-04,663.0,FluSight-baseline
2,48,quantile,0.6,2024-12-21,wk inc flu hosp,2025-01-04,690.0,FluSight-baseline
2,48,quantile,0.65,2024-12-21,wk inc flu hosp,2025-01-04,723.0,FluSight-baseline
2,48,quantile,0.7,2024-12-21,wk inc flu hosp,2025-01-04,758.0,FluSight-baseline
2,48,quantile,0.75,2024-12-21,wk inc flu hosp,2025-01-04,794.0,FluSight-baseline
2,48,quantile,0.8,2024-12-21,wk inc flu hosp,2025-01-04,842.0,FluSight-baseline
2,48,quantile,0.85,2024-12-21,wk inc flu hosp,2025-01-04,905.0,FluSight-baseline
2,48,quantile,0.9,2024-12-21,wk inc flu hosp,2025-01-04,989.0,FluSight-baseline
2,48,quantile,0.95,2024-12-21,wk inc flu hosp,2025-01-04,1103.0,FluSight-baseline
2,48,quantile,0.975,2024-12-21,wk inc flu hosp,2025-01-04,1200.0,FluSight-baseline
2,48,quantile,0.99,2024-12-21,wk inc flu hosp,2025-01-04,1325.0,FluSight-baseline
3,48,quantile,0.01,2024-12-21,wk inc flu hosp,2025-01-11,0.0,FluSight-baseline
3,48,quantile,0.025,2024-12-21,wk inc flu hosp,2025-01-11,1.0,FluSight-baseline
3,48,quantile,0.05,2024-12-21,wk inc flu hosp,2025-01-11,118.0,FluSight-baseline
3,48,quantile,0.1,2024-12-21,wk inc flu hosp,2025-01-11,241.0,FluSight-baseline
3,48,quantile,0.15,2024-12-21,wk inc flu hosp,2025-01-11,328.0,FluSight-baseline
3,48,quantile,0.2,2024-12-21,wk inc flu hosp,2025-01-11,393.0,FluSight-baseline
3,48,quantile,0.25,2024-12-21,wk inc flu hosp,2025-01-11,449.0,FluSight-baseline
3,48,quantile,0.3,2024-12-21,wk inc flu hosp,2025-01-11,495.0,FluSight-baseline
3,48,quantile,0.35,2024-12-21,wk inc flu hosp,2025-01-11,535.0,FluSight-baseline
3,48,quantile,0.4,2024-12-21,wk inc flu hosp,2025-01-11,573.0,FluSight-baseline
3,48,quantile,0.45,2024-12-21,wk inc flu hosp,2025-01-11,607.0,FluSight-baseline
3,48,quantile,0.5,2024-12-21,wk inc flu hosp,2025-01-11,639.0,FluSight-baseline
3,48,quantile,0.55,2024-12-21,wk inc flu hosp,2025-01-11,671.0,FluSight-baseline
3,48,quantile,0.6,2024-12-21,wk inc flu hosp,2025-01-11,706.0,FluSight-baseline
3,48,quantile,0.65,2024-12-21,wk inc flu hosp,2025-01-11,744.0,FluSight-baseline
3,48,quantile,0.7,2024-12-21,wk inc flu hosp,2025-01-11,783.0,FluSight-baseline
3,48,quantile,0.75,2024-12-21,wk inc flu hosp,2025-01-11,828.0,FluSight-baseline
3,48,quantile,0.8,2024-12-21,wk inc flu hosp,2025-01-11,884.0,FluSight-baseline
3,48,quantile,0.85,2024-12-21,wk inc flu hosp,2025-01-11,953.0,FluSight-baseline
3,48,quantile,0.9,2024-12-21,wk inc flu hosp,2025-01-11,1038.0,FluSight-baseline
3,48,quantile,0.95,2024-12-21,wk inc flu hosp,2025-01-11,1164.0,FluSight-baseline
3,48,quantile,0.975,2024-12-21,wk inc flu hosp,2025-01-11,1277.0,FluSight-baseline
3,48,quantile,0.99,2024-12-21,wk inc flu hosp,2025-01-11,1421.0,FluSight-baseline
0,48,quantile,0.01,2024-12-28,wk inc flu hosp,2024-12-28,563.0,FluSight-baseline
0,48,quantile,0.025,2024-12-28,wk inc flu hosp,2024-12-28,629.0,FluSight-baseline
0,48,quantile,0.05,2024-12-28,wk inc flu hosp,2024-12-28,715.0,FluSight-baseline
0,48,quantile,0.1,2024-12-28,wk inc flu hosp,2024-12-28,835.0,FluSight-baseline
0,48,quantile,0.15,2024-12-28,wk inc flu hosp,2024-12-28,879.0,FluSight-baseline
0,48,quantile,0.2,2024-12-28,wk inc flu hosp,2024-12-28,917.0,FluSight-baseline
0,48,quantile,0.25,2024-12-28,wk inc flu hosp,2024-12-28,960.0,FluSight-baseline
0,48,quantile,0.3,2024-12-28,wk inc flu hosp,2024-12-28,981.0,FluSight-baseline
0,48,quantile,0.35,2024-12-28,wk inc flu hosp,2024-12-28,990.0,FluSight-baseline
0,48,quantile,0.4,2024-12-28,wk inc flu hosp,2024-12-28,997.0,FluSight-baseline
0,48,quantile,0.45,2024-12-28,wk inc flu hosp,2024-12-28,1002.0,FluSight-baseline
0,48,quantile,0.5,2024-12-28,wk inc flu hosp,2024-12-28,1009.0,FluSight-baseline
0,48,quantile,0.55,2024-12-28,wk inc flu hosp,2024-12-28,1016.0,FluSight-baseline
0,48,quantile,0.6,2024-12-28,wk inc flu hosp,2024-12-28,1021.0,FluSight-baseline
0,48,quantile,0.65,2024-12-28,wk inc flu hosp,2024-12-28,1028.0,FluSight-baseline
0,48,quantile,0.7,2024-12-28,wk inc flu hosp,2024-12-28,1037.0,FluSight-baseline
0,48,quantile,0.75,2024-12-28,wk inc flu hosp,2024-12-28,1058.0,FluSight-baseline
0,48,quantile,0.8,2024-12-28,wk inc flu hosp,2024-12-28,1101.0,FluSight-baseline
0,48,quantile,0.85,2024-12-28,wk inc flu hosp,2024-12-28,1139.0,FluSight-baseline
0,48,quantile,0.9,2024-12-28,wk inc flu hosp,2024-12-28,1183.0,FluSight-baseline
0,48,quantile,0.95,2024-12-28,wk inc flu hosp,2024-12-28,1303.0,FluSight-baseline
0,48,quantile,0.975,2024-12-28,wk inc flu hosp,2024-12-28,1389.0,FluSight-baseline
0,48,quantile,0.99,2024-12-28,wk inc flu hosp,2024-12-28,1455.0,FluSight-baseline
1,48,quantile,0.01,2024-12-28,wk inc flu hosp,2025-01-04,425.0,FluSight-baseline
1,48,quantile,0.025,2024-12-28,wk inc flu hosp,2025-01-04,532.0,FluSight-baseline
1,48,quantile,0.05,2024-12-28,wk inc flu hosp,2025-01-04,616.0,FluSight-baseline
1,48,quantile,0.1,2024-12-28,wk inc flu hosp,2025-01-04,724.0,FluSight-baseline
1,48,quantile,0.15,2024-12-28,wk inc flu hosp,2025-01-04,803.0,FluSight-baseline
1,48,quantile,0.2,2024-12-28,wk inc flu hosp,2025-01-04,853.0,FluSight-baseline
1,48,quantile,0.25,2024-12-28,wk inc flu hosp,2025-01-04,891.0,FluSight-baseline
1,48,quantile,0.3,2024-12-28,wk inc flu hosp,2025-01-04,922.0,FluSight-baseline
1,48,quantile,0.35,2024-12-28,wk inc flu hosp,2025-01-04,953.0,FluSight-baseline
1,48,quantile,0.4,2024-12-28,wk inc flu hosp,2025-01-04,977.0,FluSight-baseline
1,48,quantile,0.45,2024-12-28,wk inc flu hosp,2025-01-04,994.0,FluSight-baseline
1,48,quantile,0.5,2024-12-28,wk inc flu hosp,2025-01-04,1009.0,FluSight-baseline
1,48,quantile,0.55,2024-12-28,wk inc flu hosp,2025-01-04,1023.0,FluSight-baseline
1,48,quantile,0.6,2024-12-28,wk inc flu hosp,2025-01-04,1040.0,FluSight-baseline
1,48,quantile,0.65,2024-12-28,wk inc flu hosp,2025-01-04,1064.0,FluSight-baseline
1,48,quantile,0.7,2024-12-28,wk inc flu hosp,2025-01-04,1096.0,FluSight-baseline
1,48,quantile,0.75,2024-12-28,wk inc flu hosp,2025-01-04,1129.0,FluSight-baseline
1,48,quantile,0.8,2024-12-28,wk inc flu hosp,2025-01-04,1166.0,FluSight-baseline
1,48,quantile,0.85,2024-12-28,wk inc flu hosp,2025-01-04,1218.0,FluSight-baseline
1,48,quantile,0.9,2024-12-28,wk inc flu hosp,2025-01-04,1296.0,FluSight-baseline
1,48,quantile,0.95,2024-12-28,wk inc flu hosp,2025-01-04,1403.0,FluSight-baseline
1,48,quantile,0.975,2024-12-28,wk inc flu hosp,2025-01-04,1483.0,FluSight-baseline
1,48,quantile,0.99,2024-12-28,wk inc flu hosp,2025-01-04,1586.0,FluSight-baseline
2,48,quantile,0.01,2024-12-28,wk inc flu hosp,2025-01-11,312.0,FluSight-baseline
2,48,quantile,0.025,2024-12-28,wk inc flu hosp,2025-01-11,440.0,FluSight-baseline
2,48,quantile,0.05,2024-12-28,wk inc flu hosp,2025-01-11,542.0,FluSight-baseline
2,48,quantile,0.1,2024-12-28,wk inc flu hosp,2025-01-11,656.0,FluSight-baseline
2,48,quantile,0.15,2024-12-28,wk inc flu hosp,2025-01-11,737.0,FluSight-baseline
2,48,quantile,0.2,2024-12-28,wk inc flu hosp,2025-01-11,800.0,FluSight-baseline
2,48,quantile,0.25,2024-12-28,wk inc flu hosp,2025-01-11,849.0,FluSight-baseline
2,48,quantile,0.3,2024-12-28,wk inc flu hosp,2025-01-11,889.0,FluSight-baseline
2,48,quantile,0.35,2024-12-28,wk inc flu hosp,2025-01-11,923.0,FluSight-baseline
2,48,quantile,0.4,2024-12-28,wk inc flu hosp,2025-01-11,957.0,FluSight-baseline
2,48,quantile,0.45,2024-12-28,wk inc flu hosp,2025-01-11,985.0,FluSight-baseline
2,48,quantile,0.5,2024-12-28,wk inc flu hosp,2025-01-11,1009.0,FluSight-baseline
2,48,quantile,0.55,2024-12-28,wk inc flu hosp,2025-01-11,1034.0,FluSight-baseline
2,48,quantile,0.6,2024-12-28,wk inc flu hosp,2025-01-11,1062.0,FluSight-baseline
2,48,quantile,0.65,2024-12-28,wk inc flu hosp,2025-01-11,1095.0,FluSight-baseline
2,48,quantile,0.7,2024-12-28,wk inc flu hosp,2025-01-11,1131.0,FluSight-baseline
2,48,quantile,0.75,2024-12-28,wk inc flu hosp,2025-01-11,1171.0,FluSight-baseline
2,48,quantile,0.8,2024-12-28,wk inc flu hosp,2025-01-11,1218.0,FluSight-baseline
2,48,quantile,0.85,2024-12-28,wk inc flu hosp,2025-01-11,1282.0,FluSight-baseline
2,48,quantile,0.9,2024-12-28,wk inc flu hosp,2025-01-11,1363.0,FluSight-baseline
2,48,quantile,0.95,2024-12-28,wk inc flu hosp,2025-01-11,1475.0,FluSight-baseline
2,48,quantile,0.975,2024-12-28,wk inc flu hosp,2025-01-11,1574.0,FluSight-baseline
2,48,quantile,0.99,2024-12-28,wk inc flu hosp,2025-01-11,1705.0,FluSight-baseline
3,48,quantile,0.01,2024-12-28,wk inc flu hosp,2025-01-18,217.0,FluSight-baseline
3,48,quantile,0.025,2024-12-28,wk inc flu hosp,2025-01-18,360.0,FluSight-baseline
3,48,quantile,0.05,2024-12-28,wk inc flu hosp,2025-01-18,473.0,FluSight-baseline
3,48,quantile,0.1,2024-12-28,wk inc flu hosp,2025-01-18,603.0,FluSight-baseline
3,48,quantile,0.15,2024-12-28,wk inc flu hosp,2025-01-18,687.0,FluSight-baseline
3,48,quantile,0.2,2024-12-28,wk inc flu hosp,2025-01-18,755.0,FluSight-baseline
3,48,quantile,0.25,2024-12-28,wk inc flu hosp,2025-01-18,813.0,FluSight-baseline
3,48,quantile,0.3,2024-12-28,wk inc flu hosp,2025-01-18,861.0,FluSight-baseline
3,48,quantile,0.35,2024-12-28,wk inc flu hosp,2025-01-18,902.0,FluSight-baseline
3,48,quantile,0.4,2024-12-28,wk inc flu hosp,2025-01-18,940.0,FluSight-baseline
3,48,quantile,0.45,2024-12-28,wk inc flu hosp,2025-01-18,976.0,FluSight-baseline
3,48,quantile,0.5,2024-12-28,wk inc flu hosp,2025-01-18,1009.0,FluSight-baseline
3,48,quantile,0.55,2024-12-28,wk inc flu hosp,2025-01-18,1042.0,FluSight-baseline
3,48,quantile,0.6,2024-12-28,wk inc flu hosp,2025-01-18,1078.0,FluSight-baseline
3,48,quantile,0.65,2024-12-28,wk inc flu hosp,2025-01-18,1116.0,FluSight-baseline
3,48,quantile,0.7,2024-12-28,wk inc flu hosp,2025-01-18,1158.0,FluSight-baseline
3,48,quantile,0.75,2024-12-28,wk inc flu hosp,2025-01-18,1205.0,FluSight-baseline
3,48,quantile,0.8,2024-12-28,wk inc flu hosp,2025-01-18,1261.0,FluSight-baseline
3,48,quantile,0.85,2024-12-28,wk inc flu hosp,2025-01-18,1329.0,FluSight-baseline
3,48,quantile,0.9,2024-12-28,wk inc flu hosp,2025-01-18,1413.0,FluSight-baseline
3,48,quantile,0.95,2024-12-28,wk inc flu hosp,2025-01-18,1540.0,FluSight-baseline
3,48,quantile,0.975,2024-12-28,wk inc flu hosp,2025-01-18,1654.0,FluSight-baseline
3,48,quantile,0.99,2024-12-28,wk inc flu hosp,2025-01-18,1799.0,FluSight-baseline
0,48,quantile,0.01,2025-01-04,wk inc flu hosp,2025-01-04,1481.0,FluSight-baseline
0,48,quantile,0.025,2025-01-04,wk inc flu hosp,2025-01-04,1561.0,FluSight-baseline
0,48,quantile,0.05,2025-01-04,wk inc flu hosp,2025-01-04,1632.0,FluSight-baseline
0,48,quantile,0.1,2025-01-04,wk inc flu hosp,2025-01-04,1794.0,FluSight-baseline
0,48,quantile,0.15,2025-01-04,wk inc flu hosp,2025-01-04,1844.0,FluSight-baseline
0,48,quantile,0.2,2025-01-04,wk inc flu hosp,2025-01-04,1880.0,FluSight-baseline
0,48,quantile,0.25,2025-01-04,wk inc flu hosp,2025-01-04,1923.0,FluSight-baseline
0,48,quantile,0.3,2025-01-04,wk inc flu hosp,2025-01-04,1946.0,FluSight-baseline
0,48,quantile,0.35,2025-01-04,wk inc flu hosp,2025-01-04,1955.0,FluSight-baseline
0,48,quantile,0.4,2025-01-04,wk inc flu hosp,2025-01-04,1962.0,FluSight-baseline
0,48,quantile,0.45,2025-01-04,wk inc flu hosp,2025-01-04,1967.0,FluSight-baseline
0,48,quantile,0.5,2025-01-04,wk inc flu hosp,2025-01-04,1974.0,FluSight-baseline
0,48,quantile,0.55,2025-01-04,wk inc flu hosp,2025-01-04,1981.0,FluSight-baseline
0,48,quantile,0.6,2025-01-04,wk inc flu hosp,2025-01-04,1986.0,FluSight-baseline
0,48,quantile,0.65,2025-01-04,wk inc flu hosp,2025-01-04,1993.0,FluSight-baseline
0,48,quantile,0.7,2025-01-04,wk inc flu hosp,2025-01-04,2002.0,FluSight-baseline
0,48,quantile,0.75,2025-01-04,wk inc flu hosp,2025-01-04,2025.0,FluSight-baseline
0,48,quantile,0.8,2025-01-04,wk inc flu hosp,2025-01-04,2068.0,FluSight-baseline
0,48,quantile,0.85,2025-01-04,wk inc flu hosp,2025-01-04,2104.0,FluSight-baseline
0,48,quantile,0.9,2025-01-04,wk inc flu hosp,2025-01-04,2154.0,FluSight-baseline
0,48,quantile,0.95,2025-01-04,wk inc flu hosp,2025-01-04,2316.0,FluSight-baseline
0,48,quantile,0.975,2025-01-04,wk inc flu hosp,2025-01-04,2387.0,FluSight-baseline
0,48,quantile,0.99,2025-01-04,wk inc flu hosp,2025-01-04,2467.0,FluSight-baseline
1,48,quantile,0.01,2025-01-04,wk inc flu hosp,2025-01-11,1277.0,FluSight-baseline
1,48,quantile,0.025,2025-01-04,wk inc flu hosp,2025-01-11,1439.0,FluSight-baseline
1,48,quantile,0.05,2025-01-04,wk inc flu hosp,2025-01-11,1546.0,FluSight-baseline
1,48,quantile,0.1,2025-01-04,wk inc flu hosp,2025-01-11,1665.0,FluSight-baseline
1,48,quantile,0.15,2025-01-04,wk inc flu hosp,2025-01-11,1752.0,FluSight-baseline
1,48,quantile,0.2,2025-01-04,wk inc flu hosp,2025-01-11,1812.0,FluSight-baseline
1,48,quantile,0.25,2025-01-04,wk inc flu hosp,2025-01-11,1851.0,FluSight-baseline
1,48,quantile,0.3,2025-01-04,wk inc flu hosp,2025-01-11,1883.0,FluSight-baseline
1,48,quantile,0.35,2025-01-04,wk inc flu hosp,2025-01-11,1917.0,FluSight-baseline
1,48,quantile,0.4,2025-01-04,wk inc flu hosp,2025-01-11,1942.0,FluSight-baseline
1,48,quantile,0.45,2025-01-04,wk inc flu hosp,2025-01-11,1959.0,FluSight-baseline
1,48,quantile,0.5,2025-01-04,wk inc flu hosp,2025-01-11,1974.0,FluSight-baseline
1,48,quantile,0.55,2025-01-04,wk inc flu hosp,2025-01-11,1988.0,FluSight-baseline
1,48,quantile,0.6,2025-01-04,wk inc flu hosp,2025-01-11,2006.0,FluSight-baseline
1,48,quantile,0.65,2025-01-04,wk inc flu hosp,2025-01-11,2032.0,FluSight-baseline
1,48,quantile,0.7,2025-01-04,wk inc flu hosp,2025-01-11,2065.0,FluSight-baseline
1,48,quantile,0.75,2025-01-04,wk inc flu hosp,2025-01-11,2097.0,FluSight-baseline
1,48,quantile,0.8,2025-01-04,wk inc flu hosp,2025-01-11,2137.0,FluSight-baseline
1,48,quantile,0.85,2025-01-04,wk inc flu hosp,2025-01-11,2195.0,FluSight-baseline
1,48,quantile,0.9,2025-01-04,wk inc flu hosp,2025-01-11,2286.0,FluSight-baseline
1,48,quantile,0.95,2025-01-04,wk inc flu hosp,2025-01-11,2404.0,FluSight-baseline
1,48,quantile,0.975,2025-01-04,wk inc flu hosp,2025-01-11,2513.0,FluSight-baseline
1,48,quantile,0.99,2025-01-04,wk inc flu hosp,2025-01-11,2669.0,FluSight-baseline
2,48,quantile,0.01,2025-01-04,wk inc flu hosp,2025-01-18,1167.0,FluSight-baseline
2,48,quantile,0.025,2025-01-04,wk inc flu hosp,2025-01-18,1327.0,FluSight-baseline
2,48,quantile,0.05,2025-01-04,wk inc flu hosp,2025-01-18,1460.0,FluSight-baseline
2,48,quantile,0.1,2025-01-04,wk inc flu hosp,2025-01-18,1589.0,FluSight-baseline
2,48,quantile,0.15,2025-01-04,wk inc flu hosp,2025-01-18,1681.0,FluSight-baseline
2,48,quantile,0.2,2025-01-04,wk inc flu hosp,2025-01-18,1751.0,FluSight-baseline
2,48,quantile,0.25,2025-01-04,wk inc flu hosp,2025-01-18,1805.0,FluSight-baseline
2,48,quantile,0.3,2025-01-04,wk inc flu hosp,2025-01-18,1847.0,FluSight-baseline
2,48,quantile,0.35,2025-01-04,wk inc flu hosp,2025-01-18,1884.0,FluSight-baseline
2,48,quantile,0.4,2025-01-04,wk inc flu hosp,2025-01-18,1920.0,FluSight-baseline
2,48,quantile,0.45,2025-01-04,wk inc flu hosp,2025-01-18,1949.0,FluSight-baseline
2,48,quantile,0.5,2025-01-04,wk inc flu hosp,2025-01-18,1974.0,FluSight-baseline
2,48,quantile,0.55,2025-01-04,wk inc flu hosp,2025-01-18,1999.0,FluSight-baseline
2,48,quantile,0.6,2025-01-04,wk inc flu hosp,2025-01-18,2029.0,FluSight-baseline
2,48,quantile,0.65,2025-01-04,wk inc flu hosp,2025-01-18,2065.0,FluSight-baseline
2,48,quantile,0.7,2025-01-04,wk inc flu hosp,2025-01-18,2101.0,FluSight-baseline
2,48,quantile,0.75,2025-01-04,wk inc flu hosp,2025-01-18,2144.0,FluSight-baseline
2,48,quantile,0.8,2025-01-04,wk inc flu hosp,2025-01-18,2199.0,FluSight-baseline
2,48,quantile,0.85,2025-01-04,wk inc flu hosp,2025-01-18,2268.0,FluSight-baseline
2,48,quantile,0.9,2025-01-04,wk inc flu hosp,2025-01-18,2359.0,FluSight-baseline
2,48,quantile,0.95,2025-01-04,wk inc flu hosp,2025-01-18,2490.0,FluSight-baseline
2,48,quantile,0.975,2025-01-04,wk inc flu hosp,2025-01-18,2620.0,FluSight-baseline
2,48,quantile,0.99,2025-01-04,wk inc flu hosp,2025-01-18,2777.0,FluSight-baseline
3,48,quantile,0.01,2025-01-04,wk inc flu hosp,2025-01-25,1068.0,FluSight-baseline
3,48,quantile,0.025,2025-01-04,wk inc flu hosp,2025-01-25,1232.0,FluSight-baseline
3,48,quantile,0.05,2025-01-04,wk inc flu hosp,2025-01-25,1378.0,FluSight-baseline
3,48,quantile,0.1,2025-01-04,wk inc flu hosp,2025-01-25,1531.0,FluSight-baseline
3,48,quantile,0.15,2025-01-04,wk inc flu hosp,2025-01-25,1626.0,FluSight-baseline
3,48,quantile,0.2,2025-01-04,wk inc flu hosp,2025-01-25,1703.0,FluSight-baseline
3,48,quantile,0.25,2025-01-04,wk inc flu hosp,2025-01-25,1765.0,FluSight-baseline
3,48,quantile,0.3,2025-01-04,wk inc flu hosp,2025-01-25,1817.0,FluSight-baseline
3,48,quantile,0.35,2025-01-04,wk inc flu hosp,2025-01-25,1861.0,FluSight-baseline
3,48,quantile,0.4,2025-01-04,wk inc flu hosp,2025-01-25,1901.0,FluSight-baseline
3,48,quantile,0.45,2025-01-04,wk inc flu hosp,2025-01-25,1939.0,FluSight-baseline
3,48,quantile,0.5,2025-01-04,wk inc flu hosp,2025-01-25,1974.0,FluSight-baseline
3,48,quantile,0.55,2025-01-04,wk inc flu hosp,2025-01-25,2009.0,FluSight-baseline
3,48,quantile,0.6,2025-01-04,wk inc flu hosp,2025-01-25,2047.0,FluSight-baseline
3,48,quantile,0.65,2025-01-04,wk inc flu hosp,2025-01-25,2087.0,FluSight-baseline
3,48,quantile,0.7,2025-01-04,wk inc flu hosp,2025-01-25,2132.0,FluSight-baseline
3,48,quantile,0.75,2025-01-04,wk inc flu hosp,2025-01-25,2183.0,FluSight-baseline
3,48,quantile,0.8,2025-01-04,wk inc flu hosp,2025-01-25,2244.0,FluSight-baseline
3,48,quantile,0.85,2025-01-04,wk inc flu hosp,2025-01-25,2322.0,FluSight-baseline
3,48,quantile,0.9,2025-01-04,wk inc flu hosp,2025-01-25,2416.0,FluSight-baseline
3,48,quantile,0.95,2025-01-04,wk inc flu hosp,2025-01-25,2566.0,FluSight-baseline
3,48,quantile,0.975,2025-01-04,wk inc flu hosp,2025-01-25,2712.0,FluSight-baseline
3,48,quantile,0.99,2025-01-04,wk inc flu hosp,2025-01-25,2885.0,FluSight-baseline
0,48,quantile,0.01,2025-01-11,wk inc flu hosp,2025-01-11,1916.0,FluSight-baseline
0,48,quantile,0.025,2025-01-11,wk inc flu hosp,2025-01-11,1994.0,FluSight-baseline
0,48,quantile,0.05,2025-01-11,wk inc flu hosp,2025-01-11,2035.0,FluSight-baseline
0,48,quantile,0.1,2025-01-11,wk inc flu hosp,2025-01-11,2225.0,FluSight-baseline
0,48,quantile,0.15,2025-01-11,wk inc flu hosp,2025-01-11,2276.0,FluSight-baseline
0,48,quantile,0.2,2025-01-11,wk inc flu hosp,2025-01-11,2310.0,FluSight-baseline
0,48,quantile,0.25,2025-01-11,wk inc flu hosp,2025-01-11,2352.0,FluSight-baseline
0,48,quantile,0.3,2025-01-11,wk inc flu hosp,2025-01-11,2378.0,FluSight-baseline
0,48,quantile,0.35,2025-01-11,wk inc flu hosp,2025-01-11,2386.0,FluSight-baseline
0,48,quantile,0.4,2025-01-11,wk inc flu hosp,2025-01-11,2393.0,FluSight-baseline
0,48,quantile,0.45,2025-01-11,wk inc flu hosp,2025-01-11,2399.0,FluSight-baseline
0,48,quantile,0.5,2025-01-11,wk inc flu hosp,2025-01-11,2406.0,FluSight-baseline
0,48,quantile,0.55,2025-01-11,wk inc flu hosp,2025-01-11,2413.0,FluSight-baseline
0,48,quantile,0.6,2025-01-11,wk inc flu hosp,2025-01-11,2419.0,FluSight-baseline
0,48,quantile,0.65,2025-01-11,wk inc flu hosp,2025-01-11,2426.0,FluSight-baseline
0,48,quantile,0.7,2025-01-11,wk inc flu hosp,2025-01-11,2434.0,FluSight-baseline
0,48,quantile,0.75,2025-01-11,wk inc flu hosp,2025-01-11,2460.0,FluSight-baseline
0,48,quantile,0.8,2025-01-11,wk inc flu hosp,2025-01-11,2502.0,FluSight-baseline
0,48,quantile,0.85,2025-01-11,wk inc flu hosp,2025-01-11,2536.0,FluSight-baseline
0,48,quantile,0.9,2025-01-11,wk inc flu hosp,2025-01-11,2587.0,FluSight-baseline
0,48,quantile,0.95,2025-01-11,wk inc flu hosp,2025-01-11,2777.0,FluSight-baseline
0,48,quantile,0.975,2025-01-11,wk inc flu hosp,2025-01-11,2818.0,FluSight-baseline
0,48,quantile,0.99,2025-01-11,wk inc flu hosp,2025-01-11,2896.0,FluSight-baseline
1,48,quantile,0.01,2025-01-11,wk inc flu hosp,2025-01-18,1699.0,FluSight-baseline
1,48,quantile,0.025,2025-01-11,wk inc flu hosp,2025-01-18,1860.0,FluSight-baseline
1,48,quantile,0.05,2025-01-11,wk inc flu hosp,2025-01-18,1970.0,FluSight-baseline
1,48,quantile,0.1,2025-01-11,wk inc flu hosp,2025-01-18,2080.0,FluSight-baseline
1,48,quantile,0.15,2025-01-11,wk inc flu hosp,2025-01-18,2175.0,FluSight-baseline
1,48,quantile,0.2,2025-01-11,wk inc flu hosp,2025-01-18,2240.0,FluSight-baseline
1,48,quantile,0.25,2025-01-11,wk inc flu hosp,2025-01-18,2280.0,FluSight-baseline
1,48,quantile,0.3,2025-01-11,wk inc flu hosp,2025-01-18,2313.0,FluSight-baseline
1,48,quantile,0.35,2025-01-11,wk inc flu hosp,2025-01-18,2347.0,FluSight-baseline
1,48,quantile,0.4,2025-01-11,wk inc flu hosp,2025-01-18,2373.0,FluSight-baseline
1,48,quantile,0.45,2025-01-11,wk inc flu hosp,2025-01-18,2391.0,FluSight-baseline
1,48,quantile,0.5,2025-01-11,wk inc flu hosp,2025-01-18,2406.0,FluSight-baseline
1,48,quantile,0.55,2025-01-11,wk inc flu hosp,2025-01-18,2421.0,FluSight-baseline
1,48,quantile,0.6,2025-01-11,wk inc flu hosp,2025-01-18,2438.0,FluSight-baseline
1,48,quantile,0.65,2025-01-11,wk inc flu hosp,2025-01-18,2464.0,FluSight-baseline
1,48,quantile,0.7,2025-01-11,wk inc flu hosp,2025-01-18,2499.0,FluSight-baseline
1,48,quantile,0.75,2025-01-11,wk inc flu hosp,2025-01-18,2532.0,FluSight-baseline
1,48,quantile,0.8,2025-01-11,wk inc flu hosp,2025-01-18,2574.0,FluSight-baseline
1,48,quantile,0.85,2025-01-11,wk inc flu hosp,2025-01-18,2636.0,FluSight-baseline
1,48,quantile,0.9,2025-01-11,wk inc flu hosp,2025-01-18,2734.0,FluSight-baseline
1,48,quantile,0.95,2025-01-11,wk inc flu hosp,2025-01-18,2843.0,FluSight-baseline
1,48,quantile,0.975,2025-01-11,wk inc flu hosp,2025-01-18,2953.0,FluSight-baseline
1,48,quantile,0.99,2025-01-11,wk inc flu hosp,2025-01-18,3113.0,FluSight-baseline
2,48,quantile,0.01,2025-01-11,wk inc flu hosp,2025-01-25,1581.0,FluSight-baseline
2,48,quantile,0.025,2025-01-11,wk inc flu hosp,2025-01-25,1746.0,FluSight-baseline
2,48,quantile,0.05,2025-01-11,wk inc flu hosp,2025-01-25,1879.0,FluSight-baseline
2,48,quantile,0.1,2025-01-11,wk inc flu hosp,2025-01-25,2011.0,FluSight-baseline
2,48,quantile,0.15,2025-01-11,wk inc flu hosp,2025-01-25,2103.0,FluSight-baseline
2,48,quantile,0.2,2025-01-11,wk inc flu hosp,2025-01-25,2175.0,FluSight-baseline
2,48,quantile,0.25,2025-01-11,wk inc flu hosp,2025-01-25,2232.0,FluSight-baseline
2,48,quantile,0.3,2025-01-11,wk inc flu hosp,2025-01-25,2275.0,FluSight-baseline
2,48,quantile,0.35,2025-01-11,wk inc flu hosp,2025-01-25,2313.0,FluSight-baseline
2,48,quantile,0.4,2025-01-11,wk inc flu hosp,2025-01-25,2349.0,FluSight-baseline
2,48,quantile,0.45,2025-01-11,wk inc flu hosp,2025-01-25,2379.0,FluSight-baseline
2,48,quantile,0.5,2025-01-11,wk inc flu hosp,2025-01-25,2406.0,FluSight-baseline
2,48,quantile,0.55,2025-01-11,wk inc flu hosp,2025-01-25,2432.0,FluSight-baseline
2,48,quantile,0.6,2025-01-11,wk inc flu hosp,2025-01-25,2463.0,FluSight-baseline
2,48,quantile,0.65,2025-01-11,wk inc flu hosp,2025-01-25,2499.0,FluSight-baseline
2,48,quantile,0.7,2025-01-11,wk inc flu hosp,2025-01-25,2537.0,FluSight-baseline
2,48,quantile,0.75,2025-01-11,wk inc flu hosp,2025-01-25,2581.0,FluSight-baseline
2,48,quantile,0.8,2025-01-11,wk inc flu hosp,2025-01-25,2637.0,FluSight-baseline
2,48,quantile,0.85,2025-01-11,wk inc flu hosp,2025-01-25,2710.0,FluSight-baseline
2,48,quantile,0.9,2025-01-11,wk inc flu hosp,2025-01-25,2800.0,FluSight-baseline
2,48,quantile,0.95,2025-01-11,wk inc flu hosp,2025-01-25,2931.0,FluSight-baseline
2,48,quantile,0.975,2025-01-11,wk inc flu hosp,2025-01-25,3067.0,FluSight-baseline
2,48,quantile,0.99,2025-01-11,wk inc flu hosp,2025-01-25,3225.0,FluSight-baseline
3,48,quantile,0.01,2025-01-11,wk inc flu hosp,2025-02-01,1477.0,FluSight-baseline
3,48,quantile,0.025,2025-01-11,wk inc flu hosp,2025-02-01,1648.0,FluSight-baseline
3,48,quantile,0.05,2025-01-11,wk inc flu hosp,2025-02-01,1797.0,FluSight-baseline
3,48,quantile,0.1,2025-01-11,wk inc flu hosp,2025-02-01,1953.0,FluSight-baseline
3,48,quantile,0.15,2025-01-11,wk inc flu hosp,2025-02-01,2049.0,FluSight-baseline
3,48,quantile,0.2,2025-01-11,wk inc flu hosp,2025-02-01,2127.0,FluSight-baseline
3,48,quantile,0.25,2025-01-11,wk inc flu hosp,2025-02-01,2190.0,FluSight-baseline
3,48,quantile,0.3,2025-01-11,wk inc flu hosp,2025-02-01,2244.0,FluSight-baseline
3,48,quantile,0.35,2025-01-11,wk inc flu hosp,2025-02-01,2289.0,FluSight-baseline
3,48,quantile,0.4,2025-01-11,wk inc flu hosp,2025-02-01,2331.0,FluSight-baseline
3,48,quantile,0.45,2025-01-11,wk inc flu hosp,2025-02-01,2370.0,FluSight-baseline
3,48,quantile,0.5,2025-01-11,wk inc flu hosp,2025-02-01,2406.0,FluSight-baseline
3,48,quantile,0.55,2025-01-11,wk inc flu hosp,2025-02-01,2442.0,FluSight-baseline
3,48,quantile,0.6,2025-01-11,wk inc flu hosp,2025-02-01,2481.0,FluSight-baseline
3,48,quantile,0.65,2025-01-11,wk inc flu hosp,2025-02-01,2524.0,FluSight-baseline
3,48,quantile,0.7,2025-01-11,wk inc flu hosp,2025-02-01,2571.0,FluSight-baseline
3,48,quantile,0.75,2025-01-11,wk inc flu hosp,2025-02-01,2624.0,FluSight-baseline
3,48,quantile,0.8,2025-01-11,wk inc flu hosp,2025-02-01,2687.0,FluSight-baseline
3,48,quantile,0.85,2025-01-11,wk inc flu hosp,2025-02-01,2764.0,FluSight-baseline
3,48,quantile,0.9,2025-01-11,wk inc flu hosp,2025-02-01,2860.0,FluSight-baseline
3,48,quantile,0.95,2025-01-11,wk inc flu hosp,2025-02-01,3015.0,FluSight-baseline
3,48,quantile,0.975,2025-01-11,wk inc flu hosp,2025-02-01,3162.0,FluSight-baseline
3,48,quantile,0.99,2025-01-11,wk inc flu hosp,2025-02-01,3326.0,FluSight-baseline
0,48,quantile,0.01,2025-01-18,wk inc flu hosp,2025-01-18,1403.0,FluSight-baseline
0,48,quantile,0.025,2025-01-18,wk inc flu hosp,2025-01-18,1498.0,FluSight-baseline
0,48,quantile,0.05,2025-01-18,wk inc flu hosp,2025-01-18,1583.0,FluSight-baseline
0,48,quantile,0.1,2025-01-18,wk inc flu hosp,2025-01-18,1774.0,FluSight-baseline
0,48,quantile,0.15,2025-01-18,wk inc flu hosp,2025-01-18,1827.0,FluSight-baseline
0,48,quantile,0.2,2025-01-18,wk inc flu hosp,2025-01-18,1861.0,FluSight-baseline
0,48,quantile,0.25,2025-01-18,wk inc flu hosp,2025-01-18,1901.0,FluSight-baseline
0,48,quantile,0.3,2025-01-18,wk inc flu hosp,2025-01-18,1931.0,FluSight-baseline
0,48,quantile,0.35,2025-01-18,wk inc flu hosp,2025-01-18,1938.0,FluSight-baseline
0,48,quantile,0.4,2025-01-18,wk inc flu hosp,2025-01-18,1946.0,FluSight-baseline
0,48,quantile,0.45,2025-01-18,wk inc flu hosp,2025-01-18,1952.0,FluSight-baseline
0,48,quantile,0.5,2025-01-18,wk inc flu hosp,2025-01-18,1959.0,FluSight-baseline
0,48,quantile,0.55,2025-01-18,wk inc flu hosp,2025-01-18,1966.0,FluSight-baseline
0,48,quantile,0.6,2025-01-18,wk inc flu hosp,2025-01-18,1972.0,FluSight-baseline
0,48,quantile,0.65,2025-01-18,wk inc flu hosp,2025-01-18,1980.0,FluSight-baseline
0,48,quantile,0.7,2025-01-18,wk inc flu hosp,2025-01-18,1987.0,FluSight-baseline
0,48,quantile,0.75,2025-01-18,wk inc flu hosp,2025-01-18,2017.0,FluSight-baseline
0,48,quantile,0.8,2025-01-18,wk inc flu hosp,2025-01-18,2057.0,FluSight-baseline
0,48,quantile,0.85,2025-01-18,wk inc flu hosp,2025-01-18,2091.0,FluSight-baseline
0,48,quantile,0.9,2025-01-18,wk inc flu hosp,2025-01-18,2144.0,FluSight-baseline
0,48,quantile,0.95,2025-01-18,wk inc flu hosp,2025-01-18,2335.0,FluSight-baseline
0,48,quantile,0.975,2025-01-18,wk inc flu hosp,2025-01-18,2420.0,FluSight-baseline
0,48,quantile,0.99,2025-01-18,wk inc flu hosp,2025-01-18,2515.0,FluSight-baseline
1,48,quantile,0.01,2025-01-18,wk inc flu hosp,2025-01-25,1221.0,FluSight-baseline
1,48,quantile,0.025,2025-01-18,wk inc flu hosp,2025-01-25,1375.0,FluSight-baseline
1,48,quantile,0.05,2025-01-18,wk inc flu hosp,2025-01-25,1488.0,FluSight-baseline
1,48,quantile,0.1,2025-01-18,wk inc flu hosp,2025-01-25,1610.0,FluSight-baseline
1,48,quantile,0.15,2025-01-18,wk inc flu hosp,2025-01-25,1717.0,FluSight-baseline
1,48,quantile,0.2,2025-01-18,wk inc flu hosp,2025-01-25,1787.0,FluSight-baseline
1,48,quantile,0.25,2025-01-18,wk inc flu hosp,2025-01-25,1829.0,FluSight-baseline
1,48,quantile,0.3,2025-01-18,wk inc flu hosp,2025-01-25,1863.0,FluSight-baseline
1,48,quantile,0.35,2025-01-18,wk inc flu hosp,2025-01-25,1897.0,FluSight-baseline
1,48,quantile,0.4,2025-01-18,wk inc flu hosp,2025-01-25,1925.0,FluSight-baseline
1,48,quantile,0.45,2025-01-18,wk inc flu hosp,2025-01-25,1944.0,FluSight-baseline
1,48,quantile,0.5,2025-01-18,wk inc flu hosp,2025-01-25,1959.0,FluSight-baseline
1,48,quantile,0.55,2025-01-18,wk inc flu hosp,2025-01-25,1974.0,FluSight-baseline
1,48,quantile,0.6,2025-01-18,wk inc flu hosp,2025-01-25,1993.0,FluSight-baseline
1,48,quantile,0.65,2025-01-18,wk inc flu hosp,2025-01-25,2021.0,FluSight-baseline
1,48,quantile,0.7,2025-01-18,wk inc flu hosp,2025-01-25,2055.0,FluSight-baseline
1,48,quantile,0.75,2025-01-18,wk inc flu hosp,2025-01-25,2090.0,FluSight-baseline
1,48,quantile,0.8,2025-01-18,wk inc flu hosp,2025-01-25,2132.0,FluSight-baseline
1,48,quantile,0.85,2025-01-18,wk inc flu hosp,2025-01-25,2200.0,FluSight-baseline
1,48,quantile,0.9,2025-01-18,wk inc flu hosp,2025-01-25,2307.0,FluSight-baseline
1,48,quantile,0.95,2025-01-18,wk inc flu hosp,2025-01-25,2431.0,FluSight-baseline
1,48,quantile,0.975,2025-01-18,wk inc flu hosp,2025-01-25,2541.0,FluSight-baseline
1,48,quantile,0.99,2025-01-18,wk inc flu hosp,2025-01-25,2696.0,FluSight-baseline
2,48,quantile,0.01,2025-01-18,wk inc flu hosp,2025-02-01,1097.0,FluSight-baseline
2,48,quantile,0.025,2025-01-18,wk inc flu hosp,2025-02-01,1261.0,FluSight-baseline
2,48,quantile,0.05,2025-01-18,wk inc flu hosp,2025-02-01,1399.0,FluSight-baseline
2,48,quantile,0.1,2025-01-18,wk inc flu hosp,2025-02-01,1540.0,FluSight-baseline
2,48,quantile,0.15,2025-01-18,wk inc flu hosp,2025-02-01,1636.0,FluSight-baseline
2,48,quantile,0.2,2025-01-18,wk inc flu hosp,2025-02-01,1715.0,FluSight-baseline
2,48,quantile,0.25,2025-01-18,wk inc flu hosp,2025-02-01,1775.0,FluSight-baseline
2,48,quantile,0.3,2025-01-18,wk inc flu hosp,2025-02-01,1823.0,FluSight-baseline
2,48,quantile,0.35,2025-01-18,wk inc flu hosp,2025-02-01,1863.0,FluSight-baseline
2,48,quantile,0.4,2025-01-18,wk inc flu hosp,2025-02-01,1900.0,FluSight-baseline
2,48,quantile,0.45,2025-01-18,wk inc flu hosp,2025-02-01,1932.0,FluSight-baseline
2,48,quantile,0.5,2025-01-18,wk inc flu hosp,2025-02-01,1959.0,FluSight-baseline
2,48,quantile,0.55,2025-01-18,wk inc flu hosp,2025-02-01,1986.0,FluSight-baseline
2,48,quantile,0.6,2025-01-18,wk inc flu hosp,2025-02-01,2019.0,FluSight-baseline
2,48,quantile,0.65,2025-01-18,wk inc flu hosp,2025-02-01,2056.0,FluSight-baseline
2,48,quantile,0.7,2025-01-18,wk inc flu hosp,2025-02-01,2095.0,FluSight-baseline
2,48,quantile,0.75,2025-01-18,wk inc flu hosp,2025-02-01,2142.0,FluSight-baseline
2,48,quantile,0.8,2025-01-18,wk inc flu hosp,2025-02-01,2205.0,FluSight-baseline
2,48,quantile,0.85,2025-01-18,wk inc flu hosp,2025-02-01,2283.0,FluSight-baseline
2,48,quantile,0.9,2025-01-18,wk inc flu hosp,2025-02-01,2379.0,FluSight-baseline
2,48,quantile,0.95,2025-01-18,wk inc flu hosp,2025-02-01,2521.0,FluSight-baseline
2,48,quantile,0.975,2025-01-18,wk inc flu hosp,2025-02-01,2660.0,FluSight-baseline
2,48,quantile,0.99,2025-01-18,wk inc flu hosp,2025-02-01,2818.0,FluSight-baseline
3,48,quantile,0.01,2025-01-18,wk inc flu hosp,2025-02-08,992.0,FluSight-baseline
3,48,quantile,0.025,2025-01-18,wk inc flu hosp,2025-02-08,1162.0,FluSight-baseline
3,48,quantile,0.05,2025-01-18,wk inc flu hosp,2025-02-08,1316.0,FluSight-baseline
3,48,quantile,0.1,2025-01-18,wk inc flu hosp,2025-02-08,1478.0,FluSight-baseline
3,48,quantile,0.15,2025-01-18,wk inc flu hosp,2025-02-08,1581.0,FluSight-baseline
3,48,quantile,0.2,2025-01-18,wk inc flu hosp,2025-02-08,1664.0,FluSight-baseline
3,48,quantile,0.25,2025-01-18,wk inc flu hosp,2025-02-08,1731.0,FluSight-baseline
3,48,quantile,0.3,2025-01-18,wk inc flu hosp,2025-02-08,1789.0,FluSight-baseline
3,48,quantile,0.35,2025-01-18,wk inc flu hosp,2025-02-08,1838.0,FluSight-baseline
3,48,quantile,0.4,2025-01-18,wk inc flu hosp,2025-02-08,1882.0,FluSight-baseline
3,48,quantile,0.45,2025-01-18,wk inc flu hosp,2025-02-08,1921.0,FluSight-baseline
3,48,quantile,0.5,2025-01-18,wk inc flu hosp,2025-02-08,1959.0,FluSight-baseline
3,48,quantile,0.55,2025-01-18,wk inc flu hosp,2025-02-08,1996.0,FluSight-baseline
3,48,quantile,0.6,2025-01-18,wk inc flu hosp,2025-02-08,2038.0,FluSight-baseline
3,48,quantile,0.65,2025-01-18,wk inc flu hosp,2025-02-08,2083.0,FluSight-baseline
3,48,quantile,0.7,2025-01-18,wk inc flu hosp,2025-02-08,2132.0,FluSight-baseline
3,48,quantile,0.75,2025-01-18,wk inc flu hosp,2025-02-08,2190.0,FluSight-baseline
3,48,quantile,0.8,2025-01-18,wk inc flu hosp,2025-02-08,2257.0,FluSight-baseline
3,48,quantile,0.85,2025-01-18,wk inc flu hosp,2025-02-08,2340.0,FluSight-baseline
3,48,quantile,0.9,2025-01-18,wk inc flu hosp,2025-02-08,2443.0,FluSight-baseline
3,48,quantile,0.95,2025-01-18,wk inc flu hosp,2025-02-08,2604.0,FluSight-baseline
3,48,quantile,0.975,2025-01-18,wk inc flu hosp,2025-02-08,2752.0,FluSight-baseline
3,48,quantile,0.99,2025-01-18,wk inc flu hosp,2025-02-08,2929.0,FluSight-baseline
0,48,quantile,0.01,2025-02-01,wk inc flu hosp,2025-02-01,2094.0,FluSight-baseline
0,48,quantile,0.025,2025-02-01,wk inc flu hosp,2025-02-01,2138.0,FluSight-baseline
0,48,quantile,0.05,2025-02-01,wk inc flu hosp,2025-02-01,2219.0,FluSight-baseline
0,48,quantile,0.1,2025-02-01,wk inc flu hosp,2025-02-01,2408.0,FluSight-baseline
0,48,quantile,0.15,2025-02-01,wk inc flu hosp,2025-02-01,2458.0,FluSight-baseline
0,48,quantile,0.2,2025-02-01,wk inc flu hosp,2025-02-01,2498.0,FluSight-baseline
0,48,quantile,0.25,2025-02-01,wk inc flu hosp,2025-02-01,2532.0,FluSight-baseline
0,48,quantile,0.3,2025-02-01,wk inc flu hosp,2025-02-01,2568.0,FluSight-baseline
0,48,quantile,0.35,2025-02-01,wk inc flu hosp,2025-02-01,2575.0,FluSight-baseline
0,48,quantile,0.4,2025-02-01,wk inc flu hosp,2025-02-01,2583.0,FluSight-baseline
0,48,quantile,0.45,2025-02-01,wk inc flu hosp,2025-02-01,2589.0,FluSight-baseline
0,48,quantile,0.5,2025-02-01,wk inc flu hosp,2025-02-01,2597.0,FluSight-baseline
0,48,quantile,0.55,2025-02-01,wk inc flu hosp,2025-02-01,2605.0,FluSight-baseline
0,48,quantile,0.6,2025-02-01,wk inc flu hosp,2025-02-01,2611.0,FluSight-baseline
0,48,quantile,0.65,2025-02-01,wk inc flu hosp,2025-02-01,2619.0,FluSight-baseline
0,48,quantile,0.7,2025-02-01,wk inc flu hosp,2025-02-01,2626.0,FluSight-baseline
0,48,quantile,0.75,2025-02-01,wk inc flu hosp,2025-02-01,2662.0,FluSight-baseline
0,48,quantile,0.8,2025-02-01,wk inc flu hosp,2025-02-01,2696.0,FluSight-baseline
0,48,quantile,0.85,2025-02-01,wk inc flu hosp,2025-02-01,2736.0,FluSight-baseline
0,48,quantile,0.9,2025-02-01,wk inc flu hosp,2025-02-01,2786.0,FluSight-baseline
0,48,quantile,0.95,2025-02-01,wk inc flu hosp,2025-02-01,2975.0,FluSight-baseline
0,48,quantile,0.975,2025-02-01,wk inc flu hosp,2025-02-01,3056.0,FluSight-baseline
0,48,quantile,0.99,2025-02-01,wk inc flu hosp,2025-02-01,3100.0,FluSight-baseline
1,48,quantile,0.01,2025-02-01,wk inc flu hosp,2025-02-08,1863.0,FluSight-baseline
1,48,quantile,0.025,2025-02-01,wk inc flu hosp,2025-02-08,2024.0,FluSight-baseline
1,48,quantile,0.05,2025-02-01,wk inc flu hosp,2025-02-08,2127.0,FluSight-baseline
1,48,quantile,0.1,2025-02-01,wk inc flu hosp,2025-02-08,2238.0,FluSight-baseline
1,48,quantile,0.15,2025-02-01,wk inc flu hosp,2025-02-08,2347.0,FluSight-baseline
1,48,quantile,0.2,2025-02-01,wk inc flu hosp,2025-02-08,2417.0,FluSight-baseline
1,48,quantile,0.25,2025-02-01,wk inc flu hosp,2025-02-08,2462.0,FluSight-baseline
1,48,quantile,0.3,2025-02-01,wk inc flu hosp,2025-02-08,2499.0,FluSight-baseline
1,48,quantile,0.35,2025-02-01,wk inc flu hosp,2025-02-08,2534.0,FluSight-baseline
1,48,quantile,0.4,2025-02-01,wk inc flu hosp,2025-02-08,2562.0,FluSight-baseline
1,48,quantile,0.45,2025-02-01,wk inc flu hosp,2025-02-08,2581.0,FluSight-baseline
1,48,quantile,0.5,2025-02-01,wk inc flu hosp,2025-02-08,2597.0,FluSight-baseline
1,48,quantile,0.55,2025-02-01,wk inc flu hosp,2025-02-08,2613.0,FluSight-baseline
1,48,quantile,0.6,2025-02-01,wk inc flu hosp,2025-02-08,2632.0,FluSight-baseline
1,48,quantile,0.65,2025-02-01,wk inc flu hosp,2025-02-08,2662.0,FluSight-baseline
1,48,quantile,0.7,2025-02-01,wk inc flu hosp,2025-02-08,2696.0,FluSight-baseline
1,48,quantile,0.75,2025-02-01,wk inc flu hosp,2025-02-08,2732.0,FluSight-baseline
1,48,quantile,0.8,2025-02-01,wk inc flu hosp,2025-02-08,2777.0,FluSight-baseline
1,48,quantile,0.85,2025-02-01,wk inc flu hosp,2025-02-08,2847.0,FluSight-baseline
1,48,quantile,0.9,2025-02-01,wk inc flu hosp,2025-02-08,2955.0,FluSight-baseline
1,48,quantile,0.95,2025-02-01,wk inc flu hosp,2025-02-08,3068.0,FluSight-baseline
1,48,quantile,0.975,2025-02-01,wk inc flu hosp,2025-02-08,3169.0,FluSight-baseline
1,48,quantile,0.99,2025-02-01,wk inc flu hosp,2025-02-08,3323.0,FluSight-baseline
2,48,quantile,0.01,2025-02-01,wk inc flu hosp,2025-02-15,1740.0,FluSight-baseline
2,48,quantile,0.025,2025-02-01,wk inc flu hosp,2025-02-15,1900.0,FluSight-baseline
2,48,quantile,0.05,2025-02-01,wk inc flu hosp,2025-02-15,2038.0,FluSight-baseline
2,48,quantile,0.1,2025-02-01,wk inc flu hosp,2025-02-15,2175.0,FluSight-baseline
2,48,quantile,0.15,2025-02-01,wk inc flu hosp,2025-02-15,2266.0,FluSight-baseline
2,48,quantile,0.2,2025-02-01,wk inc flu hosp,2025-02-15,2346.0,FluSight-baseline
2,48,quantile,0.25,2025-02-01,wk inc flu hosp,2025-02-15,2408.0,FluSight-baseline
2,48,quantile,0.3,2025-02-01,wk inc flu hosp,2025-02-15,2457.0,FluSight-baseline
2,48,quantile,0.35,2025-02-01,wk inc flu hosp,2025-02-15,2498.0,FluSight-baseline
2,48,quantile,0.4,2025-02-01,wk inc flu hosp,2025-02-15,2536.0,FluSight-baseline
2,48,quantile,0.45,2025-02-01,wk inc flu hosp,2025-02-15,2569.0,FluSight-baseline
2,48,quantile,0.5,2025-02-01,wk inc flu hosp,2025-02-15,2597.0,FluSight-baseline
2,48,quantile,0.55,2025-02-01,wk inc flu hosp,2025-02-15,2625.0,FluSight-baseline
2,48,quantile,0.6,2025-02-01,wk inc flu hosp,2025-02-15,2658.0,FluSight-baseline
2,48,quantile,0.65,2025-02-01,wk inc flu hosp,2025-02-15,2697.0,FluSight-baseline
2,48,quantile,0.7,2025-02-01,wk inc flu hosp,2025-02-15,2738.0,FluSight-baseline
2,48,quantile,0.75,2025-02-01,wk inc flu hosp,2025-02-15,2786.0,FluSight-baseline
2,48,quantile,0.8,2025-02-01,wk inc flu hosp,2025-02-15,2849.0,FluSight-baseline
2,48,quantile,0.85,2025-02-01,wk inc flu hosp,2025-02-15,2930.0,FluSight-baseline
2,48,quantile,0.9,2025-02-01,wk inc flu hosp,2025-02-15,3021.0,FluSight-baseline
2,48,quantile,0.95,2025-02-01,wk inc flu hosp,2025-02-15,3159.0,FluSight-baseline
2,48,quantile,0.975,2025-02-01,wk inc flu hosp,2025-02-15,3291.0,FluSight-baseline
2,48,quantile,0.99,2025-02-01,wk inc flu hosp,2025-02-15,3455.0,FluSight-baseline
3,48,quantile,0.01,2025-02-01,wk inc flu hosp,2025-02-22,1635.0,FluSight-baseline
3,48,quantile,0.025,2025-02-01,wk inc flu hosp,2025-02-22,1804.0,FluSight-baseline
3,48,quantile,0.05,2025-02-01,wk inc flu hosp,2025-02-22,1955.0,FluSight-baseline
3,48,quantile,0.1,2025-02-01,wk inc flu hosp,2025-02-22,2112.0,FluSight-baseline
3,48,quantile,0.15,2025-02-01,wk inc flu hosp,2025-02-22,2212.0,FluSight-baseline
3,48,quantile,0.2,2025-02-01,wk inc flu hosp,2025-02-22,2293.0,FluSight-baseline
3,48,quantile,0.25,2025-02-01,wk inc flu hosp,2025-02-22,2361.0,FluSight-baseline
3,48,quantile,0.3,2025-02-01,wk inc flu hosp,2025-02-22,2421.0,FluSight-baseline
3,48,quantile,0.35,2025-02-01,wk inc flu hosp,2025-02-22,2472.0,FluSight-baseline
3,48,quantile,0.4,2025-02-01,wk inc flu hosp,2025-02-22,2517.0,FluSight-baseline
3,48,quantile,0.45,2025-02-01,wk inc flu hosp,2025-02-22,2558.0,FluSight-baseline
3,48,quantile,0.5,2025-02-01,wk inc flu hosp,2025-02-22,2597.0,FluSight-baseline
3,48,quantile,0.55,2025-02-01,wk inc flu hosp,2025-02-22,2636.0,FluSight-baseline
3,48,quantile,0.6,2025-02-01,wk inc flu hosp,2025-02-22,2678.0,FluSight-baseline
3,48,quantile,0.65,2025-02-01,wk inc flu hosp,2025-02-22,2724.0,FluSight-baseline
3,48,quantile,0.7,2025-02-01,wk inc flu hosp,2025-02-22,2774.0,FluSight-baseline
3,48,quantile,0.75,2025-02-01,wk inc flu hosp,2025-02-22,2833.0,FluSight-baseline
3,48,quantile,0.8,2025-02-01,wk inc flu hosp,2025-02-22,2902.0,FluSight-baseline
3,48,quantile,0.85,2025-02-01,wk inc flu hosp,2025-02-22,2984.0,FluSight-baseline
3,48,quantile,0.9,2025-02-01,wk inc flu hosp,2025-02-22,3083.0,FluSight-baseline
3,48,quantile,0.95,2025-02-01,wk inc flu hosp,2025-02-22,3242.0,FluSight-baseline
3,48,quantile,0.975,2025-02-01,wk inc flu hosp,2025-02-22,3389.0,FluSight-baseline
3,48,quantile,0.99,2025-02-01,wk inc flu hosp,2025-02-22,3565.0,FluSight-baseline
0,48,quantile,0.01,2025-02-08,wk inc flu hosp,2025-02-08,3417.0,FluSight-baseline
0,48,quantile,0.025,2025-02-08,wk inc flu hosp,2025-02-08,3734.0,FluSight-baseline
0,48,quantile,0.05,2025-02-08,wk inc flu hosp,2025-02-08,3820.0,FluSight-baseline
0,48,quantile,0.1,2025-02-08,wk inc flu hosp,2025-02-08,3987.0,FluSight-baseline
0,48,quantile,0.15,2025-02-08,wk inc flu hosp,2025-02-08,4073.0,FluSight-baseline
0,48,quantile,0.2,2025-02-08,wk inc flu hosp,2025-02-08,4115.0,FluSight-baseline
0,48,quantile,0.25,2025-02-08,wk inc flu hosp,2025-02-08,4148.0,FluSight-baseline
0,48,quantile,0.3,2025-02-08,wk inc flu hosp,2025-02-08,4186.0,FluSight-baseline
0,48,quantile,0.35,2025-02-08,wk inc flu hosp,2025-02-08,4194.0,FluSight-baseline
0,48,quantile,0.4,2025-02-08,wk inc flu hosp,2025-02-08,4202.0,FluSight-baseline
0,48,quantile,0.45,2025-02-08,wk inc flu hosp,2025-02-08,4208.0,FluSight-baseline
0,48,quantile,0.5,2025-02-08,wk inc flu hosp,2025-02-08,4216.0,FluSight-baseline
0,48,quantile,0.55,2025-02-08,wk inc flu hosp,2025-02-08,4224.0,FluSight-baseline
0,48,quantile,0.6,2025-02-08,wk inc flu hosp,2025-02-08,4230.0,FluSight-baseline
0,48,quantile,0.65,2025-02-08,wk inc flu hosp,2025-02-08,4238.0,FluSight-baseline
0,48,quantile,0.7,2025-02-08,wk inc flu hosp,2025-02-08,4246.0,FluSight-baseline
0,48,quantile,0.75,2025-02-08,wk inc flu hosp,2025-02-08,4284.0,FluSight-baseline
0,48,quantile,0.8,2025-02-08,wk inc flu hosp,2025-02-08,4317.0,FluSight-baseline
0,48,quantile,0.85,2025-02-08,wk inc flu hosp,2025-02-08,4359.0,FluSight-baseline
0,48,quantile,0.9,2025-02-08,wk inc flu hosp,2025-02-08,4445.0,FluSight-baseline
0,48,quantile,0.95,2025-02-08,wk inc flu hosp,2025-02-08,4612.0,FluSight-baseline
0,48,quantile,0.975,2025-02-08,wk inc flu hosp,2025-02-08,4698.0,FluSight-baseline
0,48,quantile,0.99,2025-02-08,wk inc flu hosp,2025-02-08,5015.0,FluSight-baseline
1,48,quantile,0.01,2025-02-08,wk inc flu hosp,2025-02-15,3299.0,FluSight-baseline
1,48,quantile,0.025,2025-02-08,wk inc flu hosp,2025-02-15,3477.0,FluSight-baseline
1,48,quantile,0.05,2025-02-08,wk inc flu hosp,2025-02-15,3689.0,FluSight-baseline
1,48,quantile,0.1,2025-02-08,wk inc flu hosp,2025-02-15,3828.0,FluSight-baseline
1,48,quantile,0.15,2025-02-08,wk inc flu hosp,2025-02-15,3944.0,FluSight-baseline
1,48,quantile,0.2,2025-02-08,wk inc flu hosp,2025-02-15,4025.0,FluSight-baseline
1,48,quantile,0.25,2025-02-08,wk inc flu hosp,2025-02-15,4076.0,FluSight-baseline
1,48,quantile,0.3,2025-02-08,wk inc flu hosp,2025-02-15,4114.0,FluSight-baseline
1,48,quantile,0.35,2025-02-08,wk inc flu hosp,2025-02-15,4148.0,FluSight-baseline
1,48,quantile,0.4,2025-02-08,wk inc flu hosp,2025-02-15,4180.0,FluSight-baseline
1,48,quantile,0.45,2025-02-08,wk inc flu hosp,2025-02-15,4200.0,FluSight-baseline
1,48,quantile,0.5,2025-02-08,wk inc flu hosp,2025-02-15,4216.0,FluSight-baseline
1,48,quantile,0.55,2025-02-08,wk inc flu hosp,2025-02-15,4232.0,FluSight-baseline
1,48,quantile,0.6,2025-02-08,wk inc flu hosp,2025-02-15,4252.0,FluSight-baseline
1,48,quantile,0.65,2025-02-08,wk inc flu hosp,2025-02-15,4284.0,FluSight-baseline
1,48,quantile,0.7,2025-02-08,wk inc flu hosp,2025-02-15,4319.0,FluSight-baseline
1,48,quantile,0.75,2025-02-08,wk inc flu hosp,2025-02-15,4357.0,FluSight-baseline
1,48,quantile,0.8,2025-02-08,wk inc flu hosp,2025-02-15,4408.0,FluSight-baseline
1,48,quantile,0.85,2025-02-08,wk inc flu hosp,2025-02-15,4488.0,FluSight-baseline
1,48,quantile,0.9,2025-02-08,wk inc flu hosp,2025-02-15,4604.0,FluSight-baseline
1,48,quantile,0.95,2025-02-08,wk inc flu hosp,2025-02-15,4743.0,FluSight-baseline
1,48,quantile,0.975,2025-02-08,wk inc flu hosp,2025-02-15,4954.0,FluSight-baseline
1,48,quantile,0.99,2025-02-08,wk inc flu hosp,2025-02-15,5130.0,FluSight-baseline
2,48,quantile,0.01,2025-02-08,wk inc flu hosp,2025-02-22,3174.0,FluSight-baseline
2,48,quantile,0.025,2025-02-08,wk inc flu hosp,2025-02-22,3357.0,FluSight-baseline
2,48,quantile,0.05,2025-02-08,wk inc flu hosp,2025-02-22,3544.0,FluSight-baseline
2,48,quantile,0.1,2025-02-08,wk inc flu hosp,2025-02-22,3742.0,FluSight-baseline
2,48,quantile,0.15,2025-02-08,wk inc flu hosp,2025-02-22,3849.0,FluSight-baseline
2,48,quantile,0.2,2025-02-08,wk inc flu hosp,2025-02-22,3942.0,FluSight-baseline
2,48,quantile,0.25,2025-02-08,wk inc flu hosp,2025-02-22,4013.0,FluSight-baseline
2,48,quantile,0.3,2025-02-08,wk inc flu hosp,2025-02-22,4066.0,FluSight-baseline
2,48,quantile,0.35,2025-02-08,wk inc flu hosp,2025-02-22,4112.0,FluSight-baseline
2,48,quantile,0.4,2025-02-08,wk inc flu hosp,2025-02-22,4151.0,FluSight-baseline
2,48,quantile,0.45,2025-02-08,wk inc flu hosp,2025-02-22,4187.0,FluSight-baseline
2,48,quantile,0.5,2025-02-08,wk inc flu hosp,2025-02-22,4216.0,FluSight-baseline
2,48,quantile,0.55,2025-02-08,wk inc flu hosp,2025-02-22,4246.0,FluSight-baseline
2,48,quantile,0.6,2025-02-08,wk inc flu hosp,2025-02-22,4281.0,FluSight-baseline
2,48,quantile,0.65,2025-02-08,wk inc flu hosp,2025-02-22,4321.0,FluSight-baseline
2,48,quantile,0.7,2025-02-08,wk inc flu hosp,2025-02-22,4366.0,FluSight-baseline
2,48,quantile,0.75,2025-02-08,wk inc flu hosp,2025-02-22,4421.0,FluSight-baseline
2,48,quantile,0.8,2025-02-08,wk inc flu hosp,2025-02-22,4491.0,FluSight-baseline
2,48,quantile,0.85,2025-02-08,wk inc flu hosp,2025-02-22,4583.0,FluSight-baseline
2,48,quantile,0.9,2025-02-08,wk inc flu hosp,2025-02-22,4689.0,FluSight-baseline
2,48,quantile,0.95,2025-02-08,wk inc flu hosp,2025-02-22,4882.0,FluSight-baseline
2,48,quantile,0.975,2025-02-08,wk inc flu hosp,2025-02-22,5070.0,FluSight-baseline
2,48,quantile,0.99,2025-02-08,wk inc flu hosp,2025-02-22,5240.0,FluSight-baseline
3,48,quantile,0.01,2025-02-08,wk inc flu hosp,2025-03-01,3045.0,FluSight-baseline
3,48,quantile,0.025,2025-02-08,wk inc flu hosp,2025-03-01,3257.0,FluSight-baseline
3,48,quantile,0.05,2025-02-08,wk inc flu hosp,2025-03-01,3442.0,FluSight-baseline
3,48,quantile,0.1,2025-02-08,wk inc flu hosp,2025-03-01,3655.0,FluSight-baseline
3,48,quantile,0.15,2025-02-08,wk inc flu hosp,2025-03-01,3781.0,FluSight-baseline
3,48,quantile,0.2,2025-02-08,wk inc flu hosp,2025-03-01,3876.0,FluSight-baseline
3,48,quantile,0.25,2025-02-08,wk inc flu hosp,2025-03-01,3958.0,FluSight-baseline
3,48,quantile,0.3,2025-02-08,wk inc flu hosp,2025-03-01,4025.0,FluSight-baseline
3,48,quantile,0.35,2025-02-08,wk inc flu hosp,2025-03-01,4081.0,FluSight-baseline
3,48,quantile,0.4,2025-02-08,wk inc flu hosp,2025-03-01,4129.0,FluSight-baseline
3,48,quantile,0.45,2025-02-08,wk inc flu hosp,2025-03-01,4174.0,FluSight-baseline
3,48,quantile,0.5,2025-02-08,wk inc flu hosp,2025-03-01,4216.0,FluSight-baseline
3,48,quantile,0.55,2025-02-08,wk inc flu hosp,2025-03-01,4257.0,FluSight-baseline
3,48,quantile,0.6,2025-02-08,wk inc flu hosp,2025-03-01,4302.0,FluSight-baseline
3,48,quantile,0.65,2025-02-08,wk inc flu hosp,2025-03-01,4351.0,FluSight-baseline
3,48,quantile,0.7,2025-02-08,wk inc flu hosp,2025-03-01,4407.0,FluSight-baseline
3,48,quantile,0.75,2025-02-08,wk inc flu hosp,2025-03-01,4473.0,FluSight-baseline
3,48,quantile,0.8,2025-02-08,wk inc flu hosp,2025-03-01,4552.0,FluSight-baseline
3,48,quantile,0.85,2025-02-08,wk inc flu hosp,2025-03-01,4645.0,FluSight-baseline
3,48,quantile,0.9,2025-02-08,wk inc flu hosp,2025-03-01,4771.0,FluSight-baseline
3,48,quantile,0.95,2025-02-08,wk inc flu hosp,2025-03-01,4985.0,FluSight-baseline
3,48,quantile,0.975,2025-02-08,wk inc flu hosp,2025-03-01,5166.0,FluSight-baseline
3,48,quantile,0.99,2025-02-08,wk inc flu hosp,2025-03-01,5377.0,FluSight-baseline
0,48,quantile,0.01,2025-02-15,wk inc flu hosp,2025-02-15,3099.0,FluSight-baseline
0,48,quantile,0.025,2025-02-15,wk inc flu hosp,2025-02-15,3424.0,FluSight-baseline
0,48,quantile,0.05,2025-02-15,wk inc flu hosp,2025-02-15,3522.0,FluSight-baseline
0,48,quantile,0.1,2025-02-15,wk inc flu hosp,2025-02-15,3691.0,FluSight-baseline
0,48,quantile,0.15,2025-02-15,wk inc flu hosp,2025-02-15,3782.0,FluSight-baseline
0,48,quantile,0.2,2025-02-15,wk inc flu hosp,2025-02-15,3825.0,FluSight-baseline
0,48,quantile,0.25,2025-02-15,wk inc flu hosp,2025-02-15,3856.0,FluSight-baseline
0,48,quantile,0.3,2025-02-15,wk inc flu hosp,2025-02-15,3897.0,FluSight-baseline
0,48,quantile,0.35,2025-02-15,wk inc flu hosp,2025-02-15,3905.0,FluSight-baseline
0,48,quantile,0.4,2025-02-15,wk inc flu hosp,2025-02-15,3914.0,FluSight-baseline
0,48,quantile,0.45,2025-02-15,wk inc flu hosp,2025-02-15,3920.0,FluSight-baseline
0,48,quantile,0.5,2025-02-15,wk inc flu hosp,2025-02-15,3928.0,FluSight-baseline
0,48,quantile,0.55,2025-02-15,wk inc flu hosp,2025-02-15,3936.0,FluSight-baseline
0,48,quantile,0.6,2025-02-15,wk inc flu hosp,2025-02-15,3942.0,FluSight-baseline
0,48,quantile,0.65,2025-02-15,wk inc flu hosp,2025-02-15,3951.0,FluSight-baseline
0,48,quantile,0.7,2025-02-15,wk inc flu hosp,2025-02-15,3959.0,FluSight-baseline
0,48,quantile,0.75,2025-02-15,wk inc flu hosp,2025-02-15,4000.0,FluSight-baseline
0,48,quantile,0.8,2025-02-15,wk inc flu hosp,2025-02-15,4031.0,FluSight-baseline
0,48,quantile,0.85,2025-02-15,wk inc flu hosp,2025-02-15,4074.0,FluSight-baseline
0,48,quantile,0.9,2025-02-15,wk inc flu hosp,2025-02-15,4165.0,FluSight-baseline
0,48,quantile,0.95,2025-02-15,wk inc flu hosp,2025-02-15,4334.0,FluSight-baseline
0,48,quantile,0.975,2025-02-15,wk inc flu hosp,2025-02-15,4432.0,FluSight-baseline
0,48,quantile,0.99,2025-02-15,wk inc flu hosp,2025-02-15,4757.0,FluSight-baseline
1,48,quantile,0.01,2025-02-15,wk inc flu hosp,2025-02-22,2937.0,FluSight-baseline
1,48,quantile,0.025,2025-02-15,wk inc flu hosp,2025-02-22,3156.0,FluSight-baseline
1,48,quantile,0.05,2025-02-15,wk inc flu hosp,2025-02-22,3363.0,FluSight-baseline
1,48,quantile,0.1,2025-02-15,wk inc flu hosp,2025-02-22,3525.0,FluSight-baseline
1,48,quantile,0.15,2025-02-15,wk inc flu hosp,2025-02-22,3640.0,FluSight-baseline
1,48,quantile,0.2,2025-02-15,wk inc flu hosp,2025-02-22,3728.0,FluSight-baseline
1,48,quantile,0.25,2025-02-15,wk inc flu hosp,2025-02-22,3782.0,FluSight-baseline
1,48,quantile,0.3,2025-02-15,wk inc flu hosp,2025-02-22,3822.0,FluSight-baseline
1,48,quantile,0.35,2025-02-15,wk inc flu hosp,2025-02-22,3859.0,FluSight-baseline
1,48,quantile,0.4,2025-02-15,wk inc flu hosp,2025-02-22,3891.0,FluSight-baseline
1,48,quantile,0.45,2025-02-15,wk inc flu hosp,2025-02-22,3912.0,FluSight-baseline
1,48,quantile,0.5,2025-02-15,wk inc flu hosp,2025-02-22,3928.0,FluSight-baseline
1,48,quantile,0.55,2025-02-15,wk inc flu hosp,2025-02-22,3945.0,FluSight-baseline
1,48,quantile,0.6,2025-02-15,wk inc flu hosp,2025-02-22,3965.0,FluSight-baseline
1,48,quantile,0.65,2025-02-15,wk inc flu hosp,2025-02-22,3998.0,FluSight-baseline
1,48,quantile,0.7,2025-02-15,wk inc flu hosp,2025-02-22,4034.0,FluSight-baseline
1,48,quantile,0.75,2025-02-15,wk inc flu hosp,2025-02-22,4074.0,FluSight-baseline
1,48,quantile,0.8,2025-02-15,wk inc flu hosp,2025-02-22,4128.0,FluSight-baseline
1,48,quantile,0.85,2025-02-15,wk inc flu hosp,2025-02-22,4214.0,FluSight-baseline
1,48,quantile,0.9,2025-02-15,wk inc flu hosp,2025-02-22,4329.0,FluSight-baseline
1,48,quantile,0.95,2025-02-15,wk inc flu hosp,2025-02-22,4493.0,FluSight-baseline
1,48,quantile,0.975,2025-02-15,wk inc flu hosp,2025-02-22,4703.0,FluSight-baseline
1,48,quantile,0.99,2025-02-15,wk inc flu hosp,2025-02-22,4916.0,FluSight-baseline
2,48,quantile,0.01,2025-02-15,wk inc flu hosp,2025-03-01,2766.0,FluSight-baseline
2,48,quantile,0.025,2025-02-15,wk inc flu hosp,2025-03-01,3019.0,FluSight-baseline
2,48,quantile,0.05,2025-02-15,wk inc flu hosp,2025-03-01,3220.0,FluSight-baseline
2,48,quantile,0.1,2025-02-15,wk inc flu hosp,2025-03-01,3429.0,FluSight-baseline
2,48,quantile,0.15,2025-02-15,wk inc flu hosp,2025-03-01,3542.0,FluSight-baseline
2,48,quantile,0.2,2025-02-15,wk inc flu hosp,2025-03-01,3638.0,FluSight-baseline
2,48,quantile,0.25,2025-02-15,wk inc flu hosp,2025-03-01,3714.0,FluSight-baseline
2,48,quantile,0.3,2025-02-15,wk inc flu hosp,2025-03-01,3774.0,FluSight-baseline
2,48,quantile,0.35,2025-02-15,wk inc flu hosp,2025-03-01,3820.0,FluSight-baseline
2,48,quantile,0.4,2025-02-15,wk inc flu hosp,2025-03-01,3861.0,FluSight-baseline
2,48,quantile,0.45,2025-02-15,wk inc flu hosp,2025-03-01,3899.0,FluSight-baseline
2,48,quantile,0.5,2025-02-15,wk inc flu hosp,2025-03-01,3928.0,FluSight-baseline
2,48,quantile,0.55,2025-02-15,wk inc flu hosp,2025-03-01,3958.0,FluSight-baseline
2,48,quantile,0.6,2025-02-15,wk inc flu hosp,2025-03-01,3995.0,FluSight-baseline
2,48,quantile,0.65,2025-02-15,wk inc flu hosp,2025-03-01,4037.0,FluSight-baseline
2,48,quantile,0.7,2025-02-15,wk inc flu hosp,2025-03-01,4083.0,FluSight-baseline
2,48,quantile,0.75,2025-02-15,wk inc flu hosp,2025-03-01,4142.0,FluSight-baseline
2,48,quantile,0.8,2025-02-15,wk inc flu hosp,2025-03-01,4216.0,FluSight-baseline
2,48,quantile,0.85,2025-02-15,wk inc flu hosp,2025-03-01,4310.0,FluSight-baseline
2,48,quantile,0.9,2025-02-15,wk inc flu hosp,2025-03-01,4425.0,FluSight-baseline
2,48,quantile,0.95,2025-02-15,wk inc flu hosp,2025-03-01,4640.0,FluSight-baseline
2,48,quantile,0.975,2025-02-15,wk inc flu hosp,2025-03-01,4836.0,FluSight-baseline
2,48,quantile,0.99,2025-02-15,wk inc flu hosp,2025-03-01,5090.0,FluSight-baseline
3,48,quantile,0.01,2025-02-15,wk inc flu hosp,2025-03-08,2632.0,FluSight-baseline
3,48,quantile,0.025,2025-02-15,wk inc flu hosp,2025-03-08,2898.0,FluSight-baseline
3,48,quantile,0.05,2025-02-15,wk inc flu hosp,2025-03-08,3113.0,FluSight-baseline
3,48,quantile,0.1,2025-02-15,wk inc flu hosp,2025-03-08,3342.0,FluSight-baseline
3,48,quantile,0.15,2025-02-15,wk inc flu hosp,2025-03-08,3475.0,FluSight-baseline
3,48,quantile,0.2,2025-02-15,wk inc flu hosp,2025-03-08,3573.0,FluSight-baseline
3,48,quantile,0.25,2025-02-15,wk inc flu hosp,2025-03-08,3657.0,FluSight-baseline
3,48,quantile,0.3,2025-02-15,wk inc flu hosp,2025-03-08,3728.0,FluSight-baseline
3,48,quantile,0.35,2025-02-15,wk inc flu hosp,2025-03-08,3786.0,FluSight-baseline
3,48,quantile,0.4,2025-02-15,wk inc flu hosp,2025-03-08,3837.0,FluSight-baseline
3,48,quantile,0.45,2025-02-15,wk inc flu hosp,2025-03-08,3885.0,FluSight-baseline
3,48,quantile,0.5,2025-02-15,wk inc flu hosp,2025-03-08,3928.0,FluSight-baseline
3,48,quantile,0.55,2025-02-15,wk inc flu hosp,2025-03-08,3970.0,FluSight-baseline
3,48,quantile,0.6,2025-02-15,wk inc flu hosp,2025-03-08,4017.0,FluSight-baseline
3,48,quantile,0.65,2025-02-15,wk inc flu hosp,2025-03-08,4068.0,FluSight-baseline
3,48,quantile,0.7,2025-02-15,wk inc flu hosp,2025-03-08,4127.0,FluSight-baseline
3,48,quantile,0.75,2025-02-15,wk inc flu hosp,2025-03-08,4197.0,FluSight-baseline
3,48,quantile,0.8,2025-02-15,wk inc flu hosp,2025-03-08,4279.0,FluSight-baseline
3,48,quantile,0.85,2025-02-15,wk inc flu hosp,2025-03-08,4378.0,FluSight-baseline
3,48,quantile,0.9,2025-02-15,wk inc flu hosp,2025-03-08,4513.0,FluSight-baseline
3,48,quantile,0.95,2025-02-15,wk inc flu hosp,2025-03-08,4746.0,FluSight-baseline
3,48,quantile,0.975,2025-02-15,wk inc flu hosp,2025-03-08,4954.0,FluSight-baseline
3,48,quantile,0.99,2025-02-15,wk inc flu hosp,2025-03-08,5203.0,FluSight-baseline
0,48,quantile,0.01,2025-02-22,wk inc flu hosp,2025-02-22,1373.0,FluSight-baseline
0,48,quantile,0.025,2025-02-22,wk inc flu hosp,2025-02-22,1663.0,FluSight-baseline
0,48,quantile,0.05,2025-02-22,wk inc flu hosp,2025-02-22,1814.0,FluSight-baseline
0,48,quantile,0.1,2025-02-22,wk inc flu hosp,2025-02-22,1998.0,FluSight-baseline
0,48,quantile,0.15,2025-02-22,wk inc flu hosp,2025-02-22,2093.0,FluSight-baseline
0,48,quantile,0.2,2025-02-22,wk inc flu hosp,2025-02-22,2139.0,FluSight-baseline
0,48,quantile,0.25,2025-02-22,wk inc flu hosp,2025-02-22,2168.0,FluSight-baseline
0,48,quantile,0.3,2025-02-22,wk inc flu hosp,2025-02-22,2211.0,FluSight-baseline
0,48,quantile,0.35,2025-02-22,wk inc flu hosp,2025-02-22,2221.0,FluSight-baseline
0,48,quantile,0.4,2025-02-22,wk inc flu hosp,2025-02-22,2229.0,FluSight-baseline
0,48,quantile,0.45,2025-02-22,wk inc flu hosp,2025-02-22,2236.0,FluSight-baseline
0,48,quantile,0.5,2025-02-22,wk inc flu hosp,2025-02-22,2244.0,FluSight-baseline
0,48,quantile,0.55,2025-02-22,wk inc flu hosp,2025-02-22,2252.0,FluSight-baseline
0,48,quantile,0.6,2025-02-22,wk inc flu hosp,2025-02-22,2259.0,FluSight-baseline
0,48,quantile,0.65,2025-02-22,wk inc flu hosp,2025-02-22,2267.0,FluSight-baseline
0,48,quantile,0.7,2025-02-22,wk inc flu hosp,2025-02-22,2277.0,FluSight-baseline
0,48,quantile,0.75,2025-02-22,wk inc flu hosp,2025-02-22,2320.0,FluSight-baseline
0,48,quantile,0.8,2025-02-22,wk inc flu hosp,2025-02-22,2349.0,FluSight-baseline
0,48,quantile,0.85,2025-02-22,wk inc flu hosp,2025-02-22,2395.0,FluSight-baseline
0,48,quantile,0.9,2025-02-22,wk inc flu hosp,2025-02-22,2490.0,FluSight-baseline
0,48,quantile,0.95,2025-02-22,wk inc flu hosp,2025-02-22,2674.0,FluSight-baseline
0,48,quantile,0.975,2025-02-22,wk inc flu hosp,2025-02-22,2825.0,FluSight-baseline
0,48,quantile,0.99,2025-02-22,wk inc flu hosp,2025-02-22,3115.0,FluSight-baseline
1,48,quantile,0.01,2025-02-22,wk inc flu hosp,2025-03-01,874.0,FluSight-baseline
1,48,quantile,0.025,2025-02-22,wk inc flu hosp,2025-03-01,1368.0,FluSight-baseline
1,48,quantile,0.05,2025-02-22,wk inc flu hosp,2025-03-01,1633.0,FluSight-baseline
1,48,quantile,0.1,2025-02-22,wk inc flu hosp,2025-03-01,1824.0,FluSight-baseline
1,48,quantile,0.15,2025-02-22,wk inc flu hosp,2025-03-01,1942.0,FluSight-baseline
1,48,quantile,0.2,2025-02-22,wk inc flu hosp,2025-03-01,2036.0,FluSight-baseline
1,48,quantile,0.25,2025-02-22,wk inc flu hosp,2025-03-01,2096.0,FluSight-baseline
1,48,quantile,0.3,2025-02-22,wk inc flu hosp,2025-03-01,2137.0,FluSight-baseline
1,48,quantile,0.35,2025-02-22,wk inc flu hosp,2025-03-01,2172.0,FluSight-baseline
1,48,quantile,0.4,2025-02-22,wk inc flu hosp,2025-03-01,2206.0,FluSight-baseline
1,48,quantile,0.45,2025-02-22,wk inc flu hosp,2025-03-01,2227.0,FluSight-baseline
1,48,quantile,0.5,2025-02-22,wk inc flu hosp,2025-03-01,2244.0,FluSight-baseline
1,48,quantile,0.55,2025-02-22,wk inc flu hosp,2025-03-01,2261.0,FluSight-baseline
1,48,quantile,0.6,2025-02-22,wk inc flu hosp,2025-03-01,2282.0,FluSight-baseline
1,48,quantile,0.65,2025-02-22,wk inc flu hosp,2025-03-01,2316.0,FluSight-baseline
1,48,quantile,0.7,2025-02-22,wk inc flu hosp,2025-03-01,2353.0,FluSight-baseline
1,48,quantile,0.75,2025-02-22,wk inc flu hosp,2025-03-01,2394.0,FluSight-baseline
1,48,quantile,0.8,2025-02-22,wk inc flu hosp,2025-03-01,2452.0,FluSight-baseline
1,48,quantile,0.85,2025-02-22,wk inc flu hosp,2025-03-01,2548.0,FluSight-baseline
1,48,quantile,0.9,2025-02-22,wk inc flu hosp,2025-03-01,2666.0,FluSight-baseline
1,48,quantile,0.95,2025-02-22,wk inc flu hosp,2025-03-01,2854.0,FluSight-baseline
1,48,quantile,0.975,2025-02-22,wk inc flu hosp,2025-03-01,3117.0,FluSight-baseline
1,48,quantile,0.99,2025-02-22,wk inc flu hosp,2025-03-01,3609.0,FluSight-baseline
2,48,quantile,0.01,2025-02-22,wk inc flu hosp,2025-03-08,677.0,FluSight-baseline
2,48,quantile,0.025,2025-02-22,wk inc flu hosp,2025-03-08,1132.0,FluSight-baseline
2,48,quantile,0.05,2025-02-22,wk inc flu hosp,2025-03-08,1444.0,FluSight-baseline
2,48,quantile,0.1,2025-02-22,wk inc flu hosp,2025-03-08,1714.0,FluSight-baseline
2,48,quantile,0.15,2025-02-22,wk inc flu hosp,2025-03-08,1840.0,FluSight-baseline
2,48,quantile,0.2,2025-02-22,wk inc flu hosp,2025-03-08,1940.0,FluSight-baseline
2,48,quantile,0.25,2025-02-22,wk inc flu hosp,2025-03-08,2021.0,FluSight-baseline
2,48,quantile,0.3,2025-02-22,wk inc flu hosp,2025-03-08,2083.0,FluSight-baseline
2,48,quantile,0.35,2025-02-22,wk inc flu hosp,2025-03-08,2131.0,FluSight-baseline
2,48,quantile,0.4,2025-02-22,wk inc flu hosp,2025-03-08,2174.0,FluSight-baseline
2,48,quantile,0.45,2025-02-22,wk inc flu hosp,2025-03-08,2213.0,FluSight-baseline
2,48,quantile,0.5,2025-02-22,wk inc flu hosp,2025-03-08,2244.0,FluSight-baseline
2,48,quantile,0.55,2025-02-22,wk inc flu hosp,2025-03-08,2275.0,FluSight-baseline
2,48,quantile,0.6,2025-02-22,wk inc flu hosp,2025-03-08,2314.0,FluSight-baseline
2,48,quantile,0.65,2025-02-22,wk inc flu hosp,2025-03-08,2356.0,FluSight-baseline
2,48,quantile,0.7,2025-02-22,wk inc flu hosp,2025-03-08,2404.0,FluSight-baseline
2,48,quantile,0.75,2025-02-22,wk inc flu hosp,2025-03-08,2467.0,FluSight-baseline
2,48,quantile,0.8,2025-02-22,wk inc flu hosp,2025-03-08,2548.0,FluSight-baseline
2,48,quantile,0.85,2025-02-22,wk inc flu hosp,2025-03-08,2647.0,FluSight-baseline
2,48,quantile,0.9,2025-02-22,wk inc flu hosp,2025-03-08,2773.0,FluSight-baseline
2,48,quantile,0.95,2025-02-22,wk inc flu hosp,2025-03-08,3037.0,FluSight-baseline
2,48,quantile,0.975,2025-02-22,wk inc flu hosp,2025-03-08,3359.0,FluSight-baseline
2,48,quantile,0.99,2025-02-22,wk inc flu hosp,2025-03-08,3801.0,FluSight-baseline
3,48,quantile,0.01,2025-02-22,wk inc flu hosp,2025-03-15,554.0,FluSight-baseline
3,48,quantile,0.025,2025-02-22,wk inc flu hosp,2025-03-15,941.0,FluSight-baseline
3,48,quantile,0.05,2025-02-22,wk inc flu hosp,2025-03-15,1305.0,FluSight-baseline
3,48,quantile,0.1,2025-02-22,wk inc flu hosp,2025-03-15,1607.0,FluSight-baseline
3,48,quantile,0.15,2025-02-22,wk inc flu hosp,2025-03-15,1762.0,FluSight-baseline
3,48,quantile,0.2,2025-02-22,wk inc flu hosp,2025-03-15,1870.0,FluSight-baseline
3,48,quantile,0.25,2025-02-22,wk inc flu hosp,2025-03-15,1961.0,FluSight-baseline
3,48,quantile,0.3,2025-02-22,wk inc flu hosp,2025-03-15,2034.0,FluSight-baseline
3,48,quantile,0.35,2025-02-22,wk inc flu hosp,2025-03-15,2096.0,FluSight-baseline
3,48,quantile,0.4,2025-02-22,wk inc flu hosp,2025-03-15,2150.0,FluSight-baseline
3,48,quantile,0.45,2025-02-22,wk inc flu hosp,2025-03-15,2200.0,FluSight-baseline
3,48,quantile,0.5,2025-02-22,wk inc flu hosp,2025-03-15,2244.0,FluSight-baseline
3,48,quantile,0.55,2025-02-22,wk inc flu hosp,2025-03-15,2289.0,FluSight-baseline
3,48,quantile,0.6,2025-02-22,wk inc flu hosp,2025-03-15,2339.0,FluSight-baseline
3,48,quantile,0.65,2025-02-22,wk inc flu hosp,2025-03-15,2393.0,FluSight-baseline
3,48,quantile,0.7,2025-02-22,wk inc flu hosp,2025-03-15,2455.0,FluSight-baseline
3,48,quantile,0.75,2025-02-22,wk inc flu hosp,2025-03-15,2530.0,FluSight-baseline
3,48,quantile,0.8,2025-02-22,wk inc flu hosp,2025-03-15,2620.0,FluSight-baseline
3,48,quantile,0.85,2025-02-22,wk inc flu hosp,2025-03-15,2727.0,FluSight-baseline
3,48,quantile,0.9,2025-02-22,wk inc flu hosp,2025-03-15,2881.0,FluSight-baseline
3,48,quantile,0.95,2025-02-22,wk inc flu hosp,2025-03-15,3181.0,FluSight-baseline
3,48,quantile,0.975,2025-02-22,wk inc flu hosp,2025-03-15,3536.0,FluSight-baseline
3,48,quantile,0.99,2025-02-22,wk inc flu hosp,2025-03-15,3927.0,FluSight-baseline
0,48,quantile,0.01,2025-03-01,wk inc flu hosp,2025-03-01,942.0,FluSight-baseline
0,48,quantile,0.025,2025-03-01,wk inc flu hosp,2025-03-01,1212.0,FluSight-baseline
0,48,quantile,0.05,2025-03-01,wk inc flu hosp,2025-03-01,1363.0,FluSight-baseline
0,48,quantile,0.1,2025-03-01,wk inc flu hosp,2025-03-01,1557.0,FluSight-baseline
0,48,quantile,0.15,2025-03-01,wk inc flu hosp,2025-03-01,1653.0,FluSight-baseline
0,48,quantile,0.2,2025-03-01,wk inc flu hosp,2025-03-01,1707.0,FluSight-baseline
0,48,quantile,0.25,2025-03-01,wk inc flu hosp,2025-03-01,1736.0,FluSight-baseline
0,48,quantile,0.3,2025-03-01,wk inc flu hosp,2025-03-01,1781.0,FluSight-baseline
0,48,quantile,0.35,2025-03-01,wk inc flu hosp,2025-03-01,1791.0,FluSight-baseline
0,48,quantile,0.4,2025-03-01,wk inc flu hosp,2025-03-01,1799.0,FluSight-baseline
0,48,quantile,0.45,2025-03-01,wk inc flu hosp,2025-03-01,1806.0,FluSight-baseline
0,48,quantile,0.5,2025-03-01,wk inc flu hosp,2025-03-01,1814.0,FluSight-baseline
0,48,quantile,0.55,2025-03-01,wk inc flu hosp,2025-03-01,1822.0,FluSight-baseline
0,48,quantile,0.6,2025-03-01,wk inc flu hosp,2025-03-01,1829.0,FluSight-baseline
0,48,quantile,0.65,2025-03-01,wk inc flu hosp,2025-03-01,1837.0,FluSight-baseline
0,48,quantile,0.7,2025-03-01,wk inc flu hosp,2025-03-01,1847.0,FluSight-baseline
0,48,quantile,0.75,2025-03-01,wk inc flu hosp,2025-03-01,1892.0,FluSight-baseline
0,48,quantile,0.8,2025-03-01,wk inc flu hosp,2025-03-01,1922.0,FluSight-baseline
0,48,quantile,0.85,2025-03-01,wk inc flu hosp,2025-03-01,1975.0,FluSight-baseline
0,48,quantile,0.9,2025-03-01,wk inc flu hosp,2025-03-01,2071.0,FluSight-baseline
0,48,quantile,0.95,2025-03-01,wk inc flu hosp,2025-03-01,2265.0,FluSight-baseline
0,48,quantile,0.975,2025-03-01,wk inc flu hosp,2025-03-01,2416.0,FluSight-baseline
0,48,quantile,0.99,2025-03-01,wk inc flu hosp,2025-03-01,2686.0,FluSight-baseline
1,48,quantile,0.01,2025-03-01,wk inc flu hosp,2025-03-08,439.0,FluSight-baseline
1,48,quantile,0.025,2025-03-01,wk inc flu hosp,2025-03-08,927.0,FluSight-baseline
1,48,quantile,0.05,2025-03-01,wk inc flu hosp,2025-03-08,1186.0,FluSight-baseline
1,48,quantile,0.1,2025-03-01,wk inc flu hosp,2025-03-08,1377.0,FluSight-baseline
1,48,quantile,0.15,2025-03-01,wk inc flu hosp,2025-03-08,1497.0,FluSight-baseline
1,48,quantile,0.2,2025-03-01,wk inc flu hosp,2025-03-08,1598.0,FluSight-baseline
1,48,quantile,0.25,2025-03-01,wk inc flu hosp,2025-03-08,1660.0,FluSight-baseline
1,48,quantile,0.3,2025-03-01,wk inc flu hosp,2025-03-08,1702.0,FluSight-baseline
1,48,quantile,0.35,2025-03-01,wk inc flu hosp,2025-03-08,1739.0,FluSight-baseline
1,48,quantile,0.4,2025-03-01,wk inc flu hosp,2025-03-08,1774.0,FluSight-baseline
1,48,quantile,0.45,2025-03-01,wk inc flu hosp,2025-03-08,1797.0,FluSight-baseline
1,48,quantile,0.5,2025-03-01,wk inc flu hosp,2025-03-08,1814.0,FluSight-baseline
1,48,quantile,0.55,2025-03-01,wk inc flu hosp,2025-03-08,1831.0,FluSight-baseline
1,48,quantile,0.6,2025-03-01,wk inc flu hosp,2025-03-08,1853.0,FluSight-baseline
1,48,quantile,0.65,2025-03-01,wk inc flu hosp,2025-03-08,1887.0,FluSight-baseline
1,48,quantile,0.7,2025-03-01,wk inc flu hosp,2025-03-08,1925.0,FluSight-baseline
1,48,quantile,0.75,2025-03-01,wk inc flu hosp,2025-03-08,1968.0,FluSight-baseline
1,48,quantile,0.8,2025-03-01,wk inc flu hosp,2025-03-08,2033.0,FluSight-baseline
1,48,quantile,0.85,2025-03-01,wk inc flu hosp,2025-03-08,2134.0,FluSight-baseline
1,48,quantile,0.9,2025-03-01,wk inc flu hosp,2025-03-08,2250.0,FluSight-baseline
1,48,quantile,0.95,2025-03-01,wk inc flu hosp,2025-03-08,2441.0,FluSight-baseline
1,48,quantile,0.975,2025-03-01,wk inc flu hosp,2025-03-08,2691.0,FluSight-baseline
1,48,quantile,0.99,2025-03-01,wk inc flu hosp,2025-03-08,3189.0,FluSight-baseline
2,48,quantile,0.01,2025-03-01,wk inc flu hosp,2025-03-15,286.0,FluSight-baseline
2,48,quantile,0.025,2025-03-01,wk inc flu hosp,2025-03-15,692.0,FluSight-baseline
2,48,quantile,0.05,2025-03-01,wk inc flu hosp,2025-03-15,998.0,FluSight-baseline
2,48,quantile,0.1,2025-03-01,wk inc flu hosp,2025-03-15,1259.0,FluSight-baseline
2,48,quantile,0.15,2025-03-01,wk inc flu hosp,2025-03-15,1395.0,FluSight-baseline
2,48,quantile,0.2,2025-03-01,wk inc flu hosp,2025-03-15,1498.0,FluSight-baseline
2,48,quantile,0.25,2025-03-01,wk inc flu hosp,2025-03-15,1582.0,FluSight-baseline
2,48,quantile,0.3,2025-03-01,wk inc flu hosp,2025-03-15,1648.0,FluSight-baseline
2,48,quantile,0.35,2025-03-01,wk inc flu hosp,2025-03-15,1698.0,FluSight-baseline
2,48,quantile,0.4,2025-03-01,wk inc flu hosp,2025-03-15,1742.0,FluSight-baseline
2,48,quantile,0.45,2025-03-01,wk inc flu hosp,2025-03-15,1782.0,FluSight-baseline
2,48,quantile,0.5,2025-03-01,wk inc flu hosp,2025-03-15,1814.0,FluSight-baseline
2,48,quantile,0.55,2025-03-01,wk inc flu hosp,2025-03-15,1847.0,FluSight-baseline
2,48,quantile,0.6,2025-03-01,wk inc flu hosp,2025-03-15,1886.0,FluSight-baseline
2,48,quantile,0.65,2025-03-01,wk inc flu hosp,2025-03-15,1929.0,FluSight-baseline
2,48,quantile,0.7,2025-03-01,wk inc flu hosp,2025-03-15,1980.0,FluSight-baseline
2,48,quantile,0.75,2025-03-01,wk inc flu hosp,2025-03-15,2046.0,FluSight-baseline
2,48,quantile,0.8,2025-03-01,wk inc flu hosp,2025-03-15,2132.0,FluSight-baseline
2,48,quantile,0.85,2025-03-01,wk inc flu hosp,2025-03-15,2230.0,FluSight-baseline
2,48,quantile,0.9,2025-03-01,wk inc flu hosp,2025-03-15,2361.0,FluSight-baseline
2,48,quantile,0.95,2025-03-01,wk inc flu hosp,2025-03-15,2623.0,FluSight-baseline
2,48,quantile,0.975,2025-03-01,wk inc flu hosp,2025-03-15,2927.0,FluSight-baseline
2,48,quantile,0.99,2025-03-01,wk inc flu hosp,2025-03-15,3334.0,FluSight-baseline
3,48,quantile,0.01,2025-03-01,wk inc flu hosp,2025-03-22,182.0,FluSight-baseline
3,48,quantile,0.025,2025-03-01,wk inc flu hosp,2025-03-22,526.0,FluSight-baseline
3,48,quantile,0.05,2025-03-01,wk inc flu hosp,2025-03-22,853.0,FluSight-baseline
3,48,quantile,0.1,2025-03-01,wk inc flu hosp,2025-03-22,1153.0,FluSight-baseline
3,48,quantile,0.15,2025-03-01,wk inc flu hosp,2025-03-22,1313.0,FluSight-baseline
3,48,quantile,0.2,2025-03-01,wk inc flu hosp,2025-03-22,1426.0,FluSight-baseline
3,48,quantile,0.25,2025-03-01,wk inc flu hosp,2025-03-22,1519.0,FluSight-baseline
3,48,quantile,0.3,2025-03-01,wk inc flu hosp,2025-03-22,1597.0,FluSight-baseline
3,48,quantile,0.35,2025-03-01,wk inc flu hosp,2025-03-22,1662.0,FluSight-baseline
3,48,quantile,0.4,2025-03-01,wk inc flu hosp,2025-03-22,1718.0,FluSight-baseline
3,48,quantile,0.45,2025-03-01,wk inc flu hosp,2025-03-22,1769.0,FluSight-baseline
3,48,quantile,0.5,2025-03-01,wk inc flu hosp,2025-03-22,1814.0,FluSight-baseline
3,48,quantile,0.55,2025-03-01,wk inc flu hosp,2025-03-22,1860.0,FluSight-baseline
3,48,quantile,0.6,2025-03-01,wk inc flu hosp,2025-03-22,1910.0,FluSight-baseline
3,48,quantile,0.65,2025-03-01,wk inc flu hosp,2025-03-22,1965.0,FluSight-baseline
3,48,quantile,0.7,2025-03-01,wk inc flu hosp,2025-03-22,2030.0,FluSight-baseline
3,48,quantile,0.75,2025-03-01,wk inc flu hosp,2025-03-22,2109.0,FluSight-baseline
3,48,quantile,0.8,2025-03-01,wk inc flu hosp,2025-03-22,2201.0,FluSight-baseline
3,48,quantile,0.85,2025-03-01,wk inc flu hosp,2025-03-22,2311.0,FluSight-baseline
3,48,quantile,0.9,2025-03-01,wk inc flu hosp,2025-03-22,2469.0,FluSight-baseline
3,48,quantile,0.95,2025-03-01,wk inc flu hosp,2025-03-22,2765.0,FluSight-baseline
3,48,quantile,0.975,2025-03-01,wk inc flu hosp,2025-03-22,3100.0,FluSight-baseline
3,48,quantile,0.99,2025-03-01,wk inc flu hosp,2025-03-22,3455.0,FluSight-baseline
0,48,quantile,0.01,2025-03-08,wk inc flu hosp,2025-03-08,528.0,FluSight-baseline
0,48,quantile,0.025,2025-03-08,wk inc flu hosp,2025-03-08,844.0,FluSight-baseline
0,48,quantile,0.05,2025-03-08,wk inc flu hosp,2025-03-08,934.0,FluSight-baseline
0,48,quantile,0.1,2025-03-08,wk inc flu hosp,2025-03-08,1129.0,FluSight-baseline
0,48,quantile,0.15,2025-03-08,wk inc flu hosp,2025-03-08,1235.0,FluSight-baseline
0,48,quantile,0.2,2025-03-08,wk inc flu hosp,2025-03-08,1291.0,FluSight-baseline
0,48,quantile,0.25,2025-03-08,wk inc flu hosp,2025-03-08,1320.0,FluSight-baseline
0,48,quantile,0.3,2025-03-08,wk inc flu hosp,2025-03-08,1368.0,FluSight-baseline
0,48,quantile,0.35,2025-03-08,wk inc flu hosp,2025-03-08,1377.0,FluSight-baseline
0,48,quantile,0.4,2025-03-08,wk inc flu hosp,2025-03-08,1385.0,FluSight-baseline
0,48,quantile,0.45,2025-03-08,wk inc flu hosp,2025-03-08,1393.0,FluSight-baseline
0,48,quantile,0.5,2025-03-08,wk inc flu hosp,2025-03-08,1401.0,FluSight-baseline
0,48,quantile,0.55,2025-03-08,wk inc flu hosp,2025-03-08,1409.0,FluSight-baseline
0,48,quantile,0.6,2025-03-08,wk inc flu hosp,2025-03-08,1417.0,FluSight-baseline
0,48,quantile,0.65,2025-03-08,wk inc flu hosp,2025-03-08,1425.0,FluSight-baseline
0,48,quantile,0.7,2025-03-08,wk inc flu hosp,2025-03-08,1434.0,FluSight-baseline
0,48,quantile,0.75,2025-03-08,wk inc flu hosp,2025-03-08,1482.0,FluSight-baseline
0,48,quantile,0.8,2025-03-08,wk inc flu hosp,2025-03-08,1512.0,FluSight-baseline
0,48,quantile,0.85,2025-03-08,wk inc flu hosp,2025-03-08,1567.0,FluSight-baseline
0,48,quantile,0.9,2025-03-08,wk inc flu hosp,2025-03-08,1673.0,FluSight-baseline
0,48,quantile,0.95,2025-03-08,wk inc flu hosp,2025-03-08,1868.0,FluSight-baseline
0,48,quantile,0.975,2025-03-08,wk inc flu hosp,2025-03-08,1958.0,FluSight-baseline
0,48,quantile,0.99,2025-03-08,wk inc flu hosp,2025-03-08,2274.0,FluSight-baseline
1,48,quantile,0.01,2025-03-08,wk inc flu hosp,2025-03-15,60.0,FluSight-baseline
1,48,quantile,0.025,2025-03-08,wk inc flu hosp,2025-03-15,517.0,FluSight-baseline
1,48,quantile,0.05,2025-03-08,wk inc flu hosp,2025-03-15,781.0,FluSight-baseline
1,48,quantile,0.1,2025-03-08,wk inc flu hosp,2025-03-15,948.0,FluSight-baseline
1,48,quantile,0.15,2025-03-08,wk inc flu hosp,2025-03-15,1064.0,FluSight-baseline
1,48,quantile,0.2,2025-03-08,wk inc flu hosp,2025-03-15,1174.0,FluSight-baseline
1,48,quantile,0.25,2025-03-08,wk inc flu hosp,2025-03-15,1244.0,FluSight-baseline
1,48,quantile,0.3,2025-03-08,wk inc flu hosp,2025-03-15,1288.0,FluSight-baseline
1,48,quantile,0.35,2025-03-08,wk inc flu hosp,2025-03-15,1326.0,FluSight-baseline
1,48,quantile,0.4,2025-03-08,wk inc flu hosp,2025-03-15,1361.0,FluSight-baseline
1,48,quantile,0.45,2025-03-08,wk inc flu hosp,2025-03-15,1384.0,FluSight-baseline
1,48,quantile,0.5,2025-03-08,wk inc flu hosp,2025-03-15,1401.0,FluSight-baseline
1,48,quantile,0.55,2025-03-08,wk inc flu hosp,2025-03-15,1419.0,FluSight-baseline
1,48,quantile,0.6,2025-03-08,wk inc flu hosp,2025-03-15,1442.0,FluSight-baseline
1,48,quantile,0.65,2025-03-08,wk inc flu hosp,2025-03-15,1478.0,FluSight-baseline
1,48,quantile,0.7,2025-03-08,wk inc flu hosp,2025-03-15,1514.0,FluSight-baseline
1,48,quantile,0.75,2025-03-08,wk inc flu hosp,2025-03-15,1559.0,FluSight-baseline
1,48,quantile,0.8,2025-03-08,wk inc flu hosp,2025-03-15,1628.0,FluSight-baseline
1,48,quantile,0.85,2025-03-08,wk inc flu hosp,2025-03-15,1740.0,FluSight-baseline
1,48,quantile,0.9,2025-03-08,wk inc flu hosp,2025-03-15,1855.0,FluSight-baseline
1,48,quantile,0.95,2025-03-08,wk inc flu hosp,2025-03-15,2019.0,FluSight-baseline
1,48,quantile,0.975,2025-03-08,wk inc flu hosp,2025-03-15,2282.0,FluSight-baseline
1,48,quantile,0.99,2025-03-08,wk inc flu hosp,2025-03-15,2762.0,FluSight-baseline
2,48,quantile,0.01,2025-03-08,wk inc flu hosp,2025-03-22,0.0,FluSight-baseline
2,48,quantile,0.025,2025-03-08,wk inc flu hosp,2025-03-22,288.0,FluSight-baseline
2,48,quantile,0.05,2025-03-08,wk inc flu hosp,2025-03-22,586.0,FluSight-baseline
2,48,quantile,0.1,2025-03-08,wk inc flu hosp,2025-03-22,850.0,FluSight-baseline
2,48,quantile,0.15,2025-03-08,wk inc flu hosp,2025-03-22,973.0,FluSight-baseline
2,48,quantile,0.2,2025-03-08,wk inc flu hosp,2025-03-22,1074.0,FluSight-baseline
2,48,quantile,0.25,2025-03-08,wk inc flu hosp,2025-03-22,1162.0,FluSight-baseline
2,48,quantile,0.3,2025-03-08,wk inc flu hosp,2025-03-22,1231.0,FluSight-baseline
2,48,quantile,0.35,2025-03-08,wk inc flu hosp,2025-03-22,1283.0,FluSight-baseline
2,48,quantile,0.4,2025-03-08,wk inc flu hosp,2025-03-22,1328.0,FluSight-baseline
2,48,quantile,0.45,2025-03-08,wk inc flu hosp,2025-03-22,1368.0,FluSight-baseline
2,48,quantile,0.5,2025-03-08,wk inc flu hosp,2025-03-22,1401.0,FluSight-baseline
2,48,quantile,0.55,2025-03-08,wk inc flu hosp,2025-03-22,1433.0,FluSight-baseline
2,48,quantile,0.6,2025-03-08,wk inc flu hosp,2025-03-22,1474.0,FluSight-baseline
2,48,quantile,0.65,2025-03-08,wk inc flu hosp,2025-03-22,1519.0,FluSight-baseline
2,48,quantile,0.7,2025-03-08,wk inc flu hosp,2025-03-22,1570.0,FluSight-baseline
2,48,quantile,0.75,2025-03-08,wk inc flu hosp,2025-03-22,1640.0,FluSight-baseline
2,48,quantile,0.8,2025-03-08,wk inc flu hosp,2025-03-22,1732.0,FluSight-baseline
2,48,quantile,0.85,2025-03-08,wk inc flu hosp,2025-03-22,1831.0,FluSight-baseline
2,48,quantile,0.9,2025-03-08,wk inc flu hosp,2025-03-22,1952.0,FluSight-baseline
2,48,quantile,0.95,2025-03-08,wk inc flu hosp,2025-03-22,2216.0,FluSight-baseline
2,48,quantile,0.975,2025-03-08,wk inc flu hosp,2025-03-22,2518.0,FluSight-baseline
2,48,quantile,0.99,2025-03-08,wk inc flu hosp,2025-03-22,2907.0,FluSight-baseline
3,48,quantile,0.01,2025-03-08,wk inc flu hosp,2025-03-29,0.0,FluSight-baseline
3,48,quantile,0.025,2025-03-08,wk inc flu hosp,2025-03-29,121.0,FluSight-baseline
3,48,quantile,0.05,2025-03-08,wk inc flu hosp,2025-03-29,447.0,FluSight-baseline
3,48,quantile,0.1,2025-03-08,wk inc flu hosp,2025-03-29,742.0,FluSight-baseline
3,48,quantile,0.15,2025-03-08,wk inc flu hosp,2025-03-29,894.0,FluSight-baseline
3,48,quantile,0.2,2025-03-08,wk inc flu hosp,2025-03-29,1002.0,FluSight-baseline
3,48,quantile,0.25,2025-03-08,wk inc flu hosp,2025-03-29,1095.0,FluSight-baseline
3,48,quantile,0.3,2025-03-08,wk inc flu hosp,2025-03-29,1173.0,FluSight-baseline
3,48,quantile,0.35,2025-03-08,wk inc flu hosp,2025-03-29,1242.0,FluSight-baseline
3,48,quantile,0.4,2025-03-08,wk inc flu hosp,2025-03-29,1299.0,FluSight-baseline
3,48,quantile,0.45,2025-03-08,wk inc flu hosp,2025-03-29,1352.0,FluSight-baseline
3,48,quantile,0.5,2025-03-08,wk inc flu hosp,2025-03-29,1401.0,FluSight-baseline
3,48,quantile,0.55,2025-03-08,wk inc flu hosp,2025-03-29,1449.0,FluSight-baseline
3,48,quantile,0.6,2025-03-08,wk inc flu hosp,2025-03-29,1500.0,FluSight-baseline
3,48,quantile,0.65,2025-03-08,wk inc flu hosp,2025-03-29,1558.0,FluSight-baseline
3,48,quantile,0.7,2025-03-08,wk inc flu hosp,2025-03-29,1626.0,FluSight-baseline
3,48,quantile,0.75,2025-03-08,wk inc flu hosp,2025-03-29,1707.0,FluSight-baseline
3,48,quantile,0.8,2025-03-08,wk inc flu hosp,2025-03-29,1801.0,FluSight-baseline
3,48,quantile,0.85,2025-03-08,wk inc flu hosp,2025-03-29,1909.0,FluSight-baseline
3,48,quantile,0.9,2025-03-08,wk inc flu hosp,2025-03-29,2062.0,FluSight-baseline
3,48,quantile,0.95,2025-03-08,wk inc flu hosp,2025-03-29,2362.0,FluSight-baseline
3,48,quantile,0.975,2025-03-08,wk inc flu hosp,2025-03-29,2693.0,FluSight-baseline
3,48,quantile,0.99,2025-03-08,wk inc flu hosp,2025-03-29,3030.0,FluSight-baseline
0,48,quantile,0.01,2025-03-15,wk inc flu hosp,2025-03-15,232.0,FluSight-baseline
0,48,quantile,0.025,2025-03-15,wk inc flu hosp,2025-03-15,562.0,FluSight-baseline
0,48,quantile,0.05,2025-03-15,wk inc flu hosp,2025-03-15,642.0,FluSight-baseline
0,48,quantile,0.1,2025-03-15,wk inc flu hosp,2025-03-15,825.0,FluSight-baseline
0,48,quantile,0.15,2025-03-15,wk inc flu hosp,2025-03-15,937.0,FluSight-baseline
0,48,quantile,0.2,2025-03-15,wk inc flu hosp,2025-03-15,991.0,FluSight-baseline
0,48,quantile,0.25,2025-03-15,wk inc flu hosp,2025-03-15,1022.0,FluSight-baseline
0,48,quantile,0.3,2025-03-15,wk inc flu hosp,2025-03-15,1071.0,FluSight-baseline
0,48,quantile,0.35,2025-03-15,wk inc flu hosp,2025-03-15,1081.0,FluSight-baseline
0,48,quantile,0.4,2025-03-15,wk inc flu hosp,2025-03-15,1089.0,FluSight-baseline
0,48,quantile,0.45,2025-03-15,wk inc flu hosp,2025-03-15,1097.0,FluSight-baseline
0,48,quantile,0.5,2025-03-15,wk inc flu hosp,2025-03-15,1105.0,FluSight-baseline
0,48,quantile,0.55,2025-03-15,wk inc flu hosp,2025-03-15,1113.0,FluSight-baseline
0,48,quantile,0.6,2025-03-15,wk inc flu hosp,2025-03-15,1121.0,FluSight-baseline
0,48,quantile,0.65,2025-03-15,wk inc flu hosp,2025-03-15,1129.0,FluSight-baseline
0,48,quantile,0.7,2025-03-15,wk inc flu hosp,2025-03-15,1139.0,FluSight-baseline
0,48,quantile,0.75,2025-03-15,wk inc flu hosp,2025-03-15,1188.0,FluSight-baseline
0,48,quantile,0.8,2025-03-15,wk inc flu hosp,2025-03-15,1219.0,FluSight-baseline
0,48,quantile,0.85,2025-03-15,wk inc flu hosp,2025-03-15,1273.0,FluSight-baseline
0,48,quantile,0.9,2025-03-15,wk inc flu hosp,2025-03-15,1385.0,FluSight-baseline
0,48,quantile,0.95,2025-03-15,wk inc flu hosp,2025-03-15,1568.0,FluSight-baseline
0,48,quantile,0.975,2025-03-15,wk inc flu hosp,2025-03-15,1648.0,FluSight-baseline
0,48,quantile,0.99,2025-03-15,wk inc flu hosp,2025-03-15,1978.0,FluSight-baseline
1,48,quantile,0.01,2025-03-15,wk inc flu hosp,2025-03-22,0.0,FluSight-baseline
1,48,quantile,0.025,2025-03-15,wk inc flu hosp,2025-03-22,229.0,FluSight-baseline
1,48,quantile,0.05,2025-03-15,wk inc flu hosp,2025-03-22,494.0,FluSight-baseline
1,48,quantile,0.1,2025-03-15,wk inc flu hosp,2025-03-22,655.0,FluSight-baseline
1,48,quantile,0.15,2025-03-15,wk inc flu hosp,2025-03-22,759.0,FluSight-baseline
1,48,quantile,0.2,2025-03-15,wk inc flu hosp,2025-03-22,871.0,FluSight-baseline
1,48,quantile,0.25,2025-03-15,wk inc flu hosp,2025-03-22,943.0,FluSight-baseline
1,48,quantile,0.3,2025-03-15,wk inc flu hosp,2025-03-22,989.0,FluSight-baseline
1,48,quantile,0.35,2025-03-15,wk inc flu hosp,2025-03-22,1027.0,FluSight-baseline
1,48,quantile,0.4,2025-03-15,wk inc flu hosp,2025-03-22,1064.0,FluSight-baseline
1,48,quantile,0.45,2025-03-15,wk inc flu hosp,2025-03-22,1087.0,FluSight-baseline
1,48,quantile,0.5,2025-03-15,wk inc flu hosp,2025-03-22,1105.0,FluSight-baseline
1,48,quantile,0.55,2025-03-15,wk inc flu hosp,2025-03-22,1122.0,FluSight-baseline
1,48,quantile,0.6,2025-03-15,wk inc flu hosp,2025-03-22,1146.0,FluSight-baseline
1,48,quantile,0.65,2025-03-15,wk inc flu hosp,2025-03-22,1183.0,FluSight-baseline
1,48,quantile,0.7,2025-03-15,wk inc flu hosp,2025-03-22,1220.0,FluSight-baseline
1,48,quantile,0.75,2025-03-15,wk inc flu hosp,2025-03-22,1266.0,FluSight-baseline
1,48,quantile,0.8,2025-03-15,wk inc flu hosp,2025-03-22,1339.0,FluSight-baseline
1,48,quantile,0.85,2025-03-15,wk inc flu hosp,2025-03-22,1452.0,FluSight-baseline
1,48,quantile,0.9,2025-03-15,wk inc flu hosp,2025-03-22,1558.0,FluSight-baseline
1,48,quantile,0.95,2025-03-15,wk inc flu hosp,2025-03-22,1720.0,FluSight-baseline
1,48,quantile,0.975,2025-03-15,wk inc flu hosp,2025-03-22,1987.0,FluSight-baseline
1,48,quantile,0.99,2025-03-15,wk inc flu hosp,2025-03-22,2455.0,FluSight-baseline
2,48,quantile,0.01,2025-03-15,wk inc flu hosp,2025-03-29,0.0,FluSight-baseline
2,48,quantile,0.025,2025-03-15,wk inc flu hosp,2025-03-29,36.0,FluSight-baseline
2,48,quantile,0.05,2025-03-15,wk inc flu hosp,2025-03-29,303.0,FluSight-baseline
2,48,quantile,0.1,2025-03-15,wk inc flu hosp,2025-03-29,558.0,FluSight-baseline
2,48,quantile,0.15,2025-03-15,wk inc flu hosp,2025-03-29,676.0,FluSight-baseline
2,48,quantile,0.2,2025-03-15,wk inc flu hosp,2025-03-29,773.0,FluSight-baseline
2,48,quantile,0.25,2025-03-15,wk inc flu hosp,2025-03-29,861.0,FluSight-baseline
2,48,quantile,0.3,2025-03-15,wk inc flu hosp,2025-03-29,932.0,FluSight-baseline
2,48,quantile,0.35,2025-03-15,wk inc flu hosp,2025-03-29,985.0,FluSight-baseline
2,48,quantile,0.4,2025-03-15,wk inc flu hosp,2025-03-29,1031.0,FluSight-baseline
2,48,quantile,0.45,2025-03-15,wk inc flu hosp,2025-03-29,1072.0,FluSight-baseline
2,48,quantile,0.5,2025-03-15,wk inc flu hosp,2025-03-29,1105.0,FluSight-baseline
2,48,quantile,0.55,2025-03-15,wk inc flu hosp,2025-03-29,1139.0,FluSight-baseline
2,48,quantile,0.6,2025-03-15,wk inc flu hosp,2025-03-29,1181.0,FluSight-baseline
2,48,quantile,0.65,2025-03-15,wk inc flu hosp,2025-03-29,1227.0,FluSight-baseline
2,48,quantile,0.7,2025-03-15,wk inc flu hosp,2025-03-29,1281.0,FluSight-baseline
2,48,quantile,0.75,2025-03-15,wk inc flu hosp,2025-03-29,1351.0,FluSight-baseline
2,48,quantile,0.8,2025-03-15,wk inc flu hosp,2025-03-29,1440.0,FluSight-baseline
2,48,quantile,0.85,2025-03-15,wk inc flu hosp,2025-03-29,1537.0,FluSight-baseline
2,48,quantile,0.9,2025-03-15,wk inc flu hosp,2025-03-29,1657.0,FluSight-baseline
2,48,quantile,0.95,2025-03-15,wk inc flu hosp,2025-03-29,1915.0,FluSight-baseline
2,48,quantile,0.975,2025-03-15,wk inc flu hosp,2025-03-29,2210.0,FluSight-baseline
2,48,quantile,0.99,2025-03-15,wk inc flu hosp,2025-03-29,2596.0,FluSight-baseline
3,48,quantile,0.01,2025-03-15,wk inc flu hosp,2025-04-05,0.0,FluSight-baseline
3,48,quantile,0.025,2025-03-15,wk inc flu hosp,2025-04-05,0.0,FluSight-baseline
3,48,quantile,0.05,2025-03-15,wk inc flu hosp,2025-04-05,163.0,FluSight-baseline
3,48,quantile,0.1,2025-03-15,wk inc flu hosp,2025-04-05,444.0,FluSight-baseline
3,48,quantile,0.15,2025-03-15,wk inc flu hosp,2025-04-05,597.0,FluSight-baseline
3,48,quantile,0.2,2025-03-15,wk inc flu hosp,2025-04-05,703.0,FluSight-baseline
3,48,quantile,0.25,2025-03-15,wk inc flu hosp,2025-04-05,795.0,FluSight-baseline
3,48,quantile,0.3,2025-03-15,wk inc flu hosp,2025-04-05,877.0,FluSight-baseline
3,48,quantile,0.35,2025-03-15,wk inc flu hosp,2025-04-05,946.0,FluSight-baseline
3,48,quantile,0.4,2025-03-15,wk inc flu hosp,2025-04-05,1004.0,FluSight-baseline
3,48,quantile,0.45,2025-03-15,wk inc flu hosp,2025-04-05,1058.0,FluSight-baseline
3,48,quantile,0.5,2025-03-15,wk inc flu hosp,2025-04-05,1105.0,FluSight-baseline
3,48,quantile,0.55,2025-03-15,wk inc flu hosp,2025-04-05,1153.0,FluSight-baseline
3,48,quantile,0.6,2025-03-15,wk inc flu hosp,2025-04-05,1206.0,FluSight-baseline
3,48,quantile,0.65,2025-03-15,wk inc flu hosp,2025-04-05,1264.0,FluSight-baseline
3,48,quantile,0.7,2025-03-15,wk inc flu hosp,2025-04-05,1333.0,FluSight-baseline
3,48,quantile,0.75,2025-03-15,wk inc flu hosp,2025-04-05,1413.0,FluSight-baseline
3,48,quantile,0.8,2025-03-15,wk inc flu hosp,2025-04-05,1504.0,FluSight-baseline
3,48,quantile,0.85,2025-03-15,wk inc flu hosp,2025-04-05,1608.0,FluSight-baseline
3,48,quantile,0.9,2025-03-15,wk inc flu hosp,2025-04-05,1763.0,FluSight-baseline
3,48,quantile,0.95,2025-03-15,wk inc flu hosp,2025-04-05,2049.0,FluSight-baseline
3,48,quantile,0.975,2025-03-15,wk inc flu hosp,2025-04-05,2377.0,FluSight-baseline
3,48,quantile,0.99,2025-03-15,wk inc flu hosp,2025-04-05,2725.0,FluSight-baseline
0,48,quantile,0.01,2025-03-22,wk inc flu hosp,2025-03-22,0.0,FluSight-baseline
0,48,quantile,0.025,2025-03-22,wk inc flu hosp,2025-03-22,254.0,FluSight-baseline
0,48,quantile,0.05,2025-03-22,wk inc flu hosp,2025-03-22,391.0,FluSight-baseline
0,48,quantile,0.1,2025-03-22,wk inc flu hosp,2025-03-22,560.0,FluSight-baseline
0,48,quantile,0.15,2025-03-22,wk inc flu hosp,2025-03-22,668.0,FluSight-baseline
0,48,quantile,0.2,2025-03-22,wk inc flu hosp,2025-03-22,719.0,FluSight-baseline
0,48,quantile,0.25,2025-03-22,wk inc flu hosp,2025-03-22,753.0,FluSight-baseline
0,48,quantile,0.3,2025-03-22,wk inc flu hosp,2025-03-22,803.0,FluSight-baseline
0,48,quantile,0.35,2025-03-22,wk inc flu hosp,2025-03-22,814.0,FluSight-baseline
0,48,quantile,0.4,2025-03-22,wk inc flu hosp,2025-03-22,822.0,FluSight-baseline
0,48,quantile,0.45,2025-03-22,wk inc flu hosp,2025-03-22,830.0,FluSight-baseline
0,48,quantile,0.5,2025-03-22,wk inc flu hosp,2025-03-22,838.0,FluSight-baseline
0,48,quantile,0.55,2025-03-22,wk inc flu hosp,2025-03-22,846.0,FluSight-baseline
0,48,quantile,0.6,2025-03-22,wk inc flu hosp,2025-03-22,854.0,FluSight-baseline
0,48,quantile,0.65,2025-03-22,wk inc flu hosp,2025-03-22,862.0,FluSight-baseline
0,48,quantile,0.7,2025-03-22,wk inc flu hosp,2025-03-22,873.0,FluSight-baseline
0,48,quantile,0.75,2025-03-22,wk inc flu hosp,2025-03-22,923.0,FluSight-baseline
0,48,quantile,0.8,2025-03-22,wk inc flu hosp,2025-03-22,957.0,FluSight-baseline
0,48,quantile,0.85,2025-03-22,wk inc flu hosp,2025-03-22,1008.0,FluSight-baseline
0,48,quantile,0.9,2025-03-22,wk inc flu hosp,2025-03-22,1116.0,FluSight-baseline
0,48,quantile,0.95,2025-03-22,wk inc flu hosp,2025-03-22,1285.0,FluSight-baseline
0,48,quantile,0.975,2025-03-22,wk inc flu hosp,2025-03-22,1422.0,FluSight-baseline
0,48,quantile,0.99,2025-03-22,wk inc flu hosp,2025-03-22,1717.0,FluSight-baseline
1,48,quantile,0.01,2025-03-22,wk inc flu hosp,2025-03-29,0.0,FluSight-baseline
1,48,quantile,0.025,2025-03-22,wk inc flu hosp,2025-03-29,0.0,FluSight-baseline
1,48,quantile,0.05,2025-03-22,wk inc flu hosp,2025-03-29,202.0,FluSight-baseline
1,48,quantile,0.1,2025-03-22,wk inc flu hosp,2025-03-29,401.0,FluSight-baseline
1,48,quantile,0.15,2025-03-22,wk inc flu hosp,2025-03-29,503.0,FluSight-baseline
1,48,quantile,0.2,2025-03-22,wk inc flu hosp,2025-03-29,604.0,FluSight-baseline
1,48,quantile,0.25,2025-03-22,wk inc flu hosp,2025-03-29,673.0,FluSight-baseline
1,48,quantile,0.3,2025-03-22,wk inc flu hosp,2025-03-29,719.0,FluSight-baseline
1,48,quantile,0.35,2025-03-22,wk inc flu hosp,2025-03-29,758.0,FluSight-baseline
1,48,quantile,0.4,2025-03-22,wk inc flu hosp,2025-03-29,796.0,FluSight-baseline
1,48,quantile,0.45,2025-03-22,wk inc flu hosp,2025-03-29,820.0,FluSight-baseline
1,48,quantile,0.5,2025-03-22,wk inc flu hosp,2025-03-29,838.0,FluSight-baseline
1,48,quantile,0.55,2025-03-22,wk inc flu hosp,2025-03-29,856.0,FluSight-baseline
1,48,quantile,0.6,2025-03-22,wk inc flu hosp,2025-03-29,880.0,FluSight-baseline
1,48,quantile,0.65,2025-03-22,wk inc flu hosp,2025-03-29,918.0,FluSight-baseline
1,48,quantile,0.7,2025-03-22,wk inc flu hosp,2025-03-29,957.0,FluSight-baseline
1,48,quantile,0.75,2025-03-22,wk inc flu hosp,2025-03-29,1003.0,FluSight-baseline
1,48,quantile,0.8,2025-03-22,wk inc flu hosp,2025-03-29,1073.0,FluSight-baseline
1,48,quantile,0.85,2025-03-22,wk inc flu hosp,2025-03-29,1173.0,FluSight-baseline
1,48,quantile,0.9,2025-03-22,wk inc flu hosp,2025-03-29,1278.0,FluSight-baseline
1,48,quantile,0.95,2025-03-22,wk inc flu hosp,2025-03-29,1477.0,FluSight-baseline
1,48,quantile,0.975,2025-03-22,wk inc flu hosp,2025-03-29,1729.0,FluSight-baseline
1,48,quantile,0.99,2025-03-22,wk inc flu hosp,2025-03-29,2195.0,FluSight-baseline
2,48,quantile,0.01,2025-03-22,wk inc flu hosp,2025-04-05,0.0,FluSight-baseline
2,48,quantile,0.025,2025-03-22,wk inc flu hosp,2025-04-05,0.0,FluSight-baseline
2,48,quantile,0.05,2025-03-22,wk inc flu hosp,2025-04-05,35.0,FluSight-baseline
2,48,quantile,0.1,2025-03-22,wk inc flu hosp,2025-04-05,286.0,FluSight-baseline
2,48,quantile,0.15,2025-03-22,wk inc flu hosp,2025-04-05,414.0,FluSight-baseline
2,48,quantile,0.2,2025-03-22,wk inc flu hosp,2025-04-05,507.0,FluSight-baseline
2,48,quantile,0.25,2025-03-22,wk inc flu hosp,2025-04-05,591.0,FluSight-baseline
2,48,quantile,0.3,2025-03-22,wk inc flu hosp,2025-04-05,661.0,FluSight-baseline
2,48,quantile,0.35,2025-03-22,wk inc flu hosp,2025-04-05,715.0,FluSight-baseline
2,48,quantile,0.4,2025-03-22,wk inc flu hosp,2025-04-05,762.0,FluSight-baseline
2,48,quantile,0.45,2025-03-22,wk inc flu hosp,2025-04-05,804.0,FluSight-baseline
2,48,quantile,0.5,2025-03-22,wk inc flu hosp,2025-04-05,838.0,FluSight-baseline
2,48,quantile,0.55,2025-03-22,wk inc flu hosp,2025-04-05,872.0,FluSight-baseline
2,48,quantile,0.6,2025-03-22,wk inc flu hosp,2025-04-05,913.0,FluSight-baseline
2,48,quantile,0.65,2025-03-22,wk inc flu hosp,2025-04-05,960.0,FluSight-baseline
2,48,quantile,0.7,2025-03-22,wk inc flu hosp,2025-04-05,1014.0,FluSight-baseline
2,48,quantile,0.75,2025-03-22,wk inc flu hosp,2025-04-05,1081.0,FluSight-baseline
2,48,quantile,0.8,2025-03-22,wk inc flu hosp,2025-04-05,1166.0,FluSight-baseline
2,48,quantile,0.85,2025-03-22,wk inc flu hosp,2025-04-05,1260.0,FluSight-baseline
2,48,quantile,0.9,2025-03-22,wk inc flu hosp,2025-04-05,1387.0,FluSight-baseline
2,48,quantile,0.95,2025-03-22,wk inc flu hosp,2025-04-05,1663.0,FluSight-baseline
2,48,quantile,0.975,2025-03-22,wk inc flu hosp,2025-04-05,1960.0,FluSight-baseline
2,48,quantile,0.99,2025-03-22,wk inc flu hosp,2025-04-05,2369.0,FluSight-baseline
3,48,quantile,0.01,2025-03-22,wk inc flu hosp,2025-04-12,0.0,FluSight-baseline
3,48,quantile,0.025,2025-03-22,wk inc flu hosp,2025-04-12,0.0,FluSight-baseline
3,48,quantile,0.05,2025-03-22,wk inc flu hosp,2025-04-12,0.0,FluSight-baseline
3,48,quantile,0.1,2025-03-22,wk inc flu hosp,2025-04-12,175.0,FluSight-baseline
3,48,quantile,0.15,2025-03-22,wk inc flu hosp,2025-04-12,333.0,FluSight-baseline
3,48,quantile,0.2,2025-03-22,wk inc flu hosp,2025-04-12,443.0,FluSight-baseline
3,48,quantile,0.25,2025-03-22,wk inc flu hosp,2025-04-12,532.0,FluSight-baseline
3,48,quantile,0.3,2025-03-22,wk inc flu hosp,2025-04-12,610.0,FluSight-baseline
3,48,quantile,0.35,2025-03-22,wk inc flu hosp,2025-04-12,678.0,FluSight-baseline
3,48,quantile,0.4,2025-03-22,wk inc flu hosp,2025-04-12,736.0,FluSight-baseline
3,48,quantile,0.45,2025-03-22,wk inc flu hosp,2025-04-12,789.0,FluSight-baseline
3,48,quantile,0.5,2025-03-22,wk inc flu hosp,2025-04-12,838.0,FluSight-baseline
3,48,quantile,0.55,2025-03-22,wk inc flu hosp,2025-04-12,886.0,FluSight-baseline
3,48,quantile,0.6,2025-03-22,wk inc flu hosp,2025-04-12,940.0,FluSight-baseline
3,48,quantile,0.65,2025-03-22,wk inc flu hosp,2025-04-12,998.0,FluSight-baseline
3,48,quantile,0.7,2025-03-22,wk inc flu hosp,2025-04-12,1067.0,FluSight-baseline
3,48,quantile,0.75,2025-03-22,wk inc flu hosp,2025-04-12,1146.0,FluSight-baseline
3,48,quantile,0.8,2025-03-22,wk inc flu hosp,2025-04-12,1235.0,FluSight-baseline
3,48,quantile,0.85,2025-03-22,wk inc flu hosp,2025-04-12,1343.0,FluSight-baseline
3,48,quantile,0.9,2025-03-22,wk inc flu hosp,2025-04-12,1509.0,FluSight-baseline
3,48,quantile,0.95,2025-03-22,wk inc flu hosp,2025-04-12,1798.0,FluSight-baseline
3,48,quantile,0.975,2025-03-22,wk inc flu hosp,2025-04-12,2129.0,FluSight-baseline
3,48,quantile,0.99,2025-03-22,wk inc flu hosp,2025-04-12,2491.0,FluSight-baseline
0,48,quantile,0.01,2025-03-29,wk inc flu hosp,2025-03-29,0.0,FluSight-baseline
0,48,quantile,0.025,2025-03-29,wk inc flu hosp,2025-03-29,0.0,FluSight-baseline
0,48,quantile,0.05,2025-03-29,wk inc flu hosp,2025-03-29,113.0,FluSight-baseline
0,48,quantile,0.1,2025-03-29,wk inc flu hosp,2025-03-29,273.0,FluSight-baseline
0,48,quantile,0.15,2025-03-29,wk inc flu hosp,2025-03-29,386.0,FluSight-baseline
0,48,quantile,0.2,2025-03-29,wk inc flu hosp,2025-03-29,435.0,FluSight-baseline
0,48,quantile,0.25,2025-03-29,wk inc flu hosp,2025-03-29,474.0,FluSight-baseline
0,48,quantile,0.3,2025-03-29,wk inc flu hosp,2025-03-29,522.0,FluSight-baseline
0,48,quantile,0.35,2025-03-29,wk inc flu hosp,2025-03-29,535.0,FluSight-baseline
0,48,quantile,0.4,2025-03-29,wk inc flu hosp,2025-03-29,543.0,FluSight-baseline
0,48,quantile,0.45,2025-03-29,wk inc flu hosp,2025-03-29,551.0,FluSight-baseline
0,48,quantile,0.5,2025-03-29,wk inc flu hosp,2025-03-29,559.0,FluSight-baseline
0,48,quantile,0.55,2025-03-29,wk inc flu hosp,2025-03-29,567.0,FluSight-baseline
0,48,quantile,0.6,2025-03-29,wk inc flu hosp,2025-03-29,575.0,FluSight-baseline
0,48,quantile,0.65,2025-03-29,wk inc flu hosp,2025-03-29,583.0,FluSight-baseline
0,48,quantile,0.7,2025-03-29,wk inc flu hosp,2025-03-29,596.0,FluSight-baseline
0,48,quantile,0.75,2025-03-29,wk inc flu hosp,2025-03-29,644.0,FluSight-baseline
0,48,quantile,0.8,2025-03-29,wk inc flu hosp,2025-03-29,683.0,FluSight-baseline
0,48,quantile,0.85,2025-03-29,wk inc flu hosp,2025-03-29,732.0,FluSight-baseline
0,48,quantile,0.9,2025-03-29,wk inc flu hosp,2025-03-29,845.0,FluSight-baseline
0,48,quantile,0.95,2025-03-29,wk inc flu hosp,2025-03-29,1005.0,FluSight-baseline
0,48,quantile,0.975,2025-03-29,wk inc flu hosp,2025-03-29,1136.0,FluSight-baseline
0,48,quantile,0.99,2025-03-29,wk inc flu hosp,2025-03-29,1436.0,FluSight-baseline
1,48,quantile,0.01,2025-03-29,wk inc flu hosp,2025-04-05,0.0,FluSight-baseline
1,48,quantile,0.025,2025-03-29,wk inc flu hosp,2025-04-05,0.0,FluSight-baseline
1,48,quantile,0.05,2025-03-29,wk inc flu hosp,2025-04-05,0.0,FluSight-baseline
1,48,quantile,0.1,2025-03-29,wk inc flu hosp,2025-04-05,129.0,FluSight-baseline
1,48,quantile,0.15,2025-03-29,wk inc flu hosp,2025-04-05,231.0,FluSight-baseline
1,48,quantile,0.2,2025-03-29,wk inc flu hosp,2025-04-05,320.0,FluSight-baseline
1,48,quantile,0.25,2025-03-29,wk inc flu hosp,2025-04-05,390.0,FluSight-baseline
1,48,quantile,0.3,2025-03-29,wk inc flu hosp,2025-04-05,439.0,FluSight-baseline
1,48,quantile,0.35,2025-03-29,wk inc flu hosp,2025-04-05,477.0,FluSight-baseline
1,48,quantile,0.4,2025-03-29,wk inc flu hosp,2025-04-05,516.0,FluSight-baseline
1,48,quantile,0.45,2025-03-29,wk inc flu hosp,2025-04-05,540.0,FluSight-baseline
1,48,quantile,0.5,2025-03-29,wk inc flu hosp,2025-04-05,559.0,FluSight-baseline
1,48,quantile,0.55,2025-03-29,wk inc flu hosp,2025-04-05,577.0,FluSight-baseline
1,48,quantile,0.6,2025-03-29,wk inc flu hosp,2025-04-05,602.0,FluSight-baseline
1,48,quantile,0.65,2025-03-29,wk inc flu hosp,2025-04-05,641.0,FluSight-baseline
1,48,quantile,0.7,2025-03-29,wk inc flu hosp,2025-04-05,680.0,FluSight-baseline
1,48,quantile,0.75,2025-03-29,wk inc flu hosp,2025-04-05,728.0,FluSight-baseline
1,48,quantile,0.8,2025-03-29,wk inc flu hosp,2025-04-05,801.0,FluSight-baseline
1,48,quantile,0.85,2025-03-29,wk inc flu hosp,2025-04-05,894.0,FluSight-baseline
1,48,quantile,0.9,2025-03-29,wk inc flu hosp,2025-04-05,998.0,FluSight-baseline
1,48,quantile,0.95,2025-03-29,wk inc flu hosp,2025-04-05,1204.0,FluSight-baseline
1,48,quantile,0.975,2025-03-29,wk inc flu hosp,2025-04-05,1447.0,FluSight-baseline
1,48,quantile,0.99,2025-03-29,wk inc flu hosp,2025-04-05,1911.0,FluSight-baseline
2,48,quantile,0.01,2025-03-29,wk inc flu hosp,2025-04-12,0.0,FluSight-baseline
2,48,quantile,0.025,2025-03-29,wk inc flu hosp,2025-04-12,0.0,FluSight-baseline
2,48,quantile,0.05,2025-03-29,wk inc flu hosp,2025-04-12,0.0,FluSight-baseline
2,48,quantile,0.1,2025-03-29,wk inc flu hosp,2025-04-12,29.0,FluSight-baseline
2,48,quantile,0.15,2025-03-29,wk inc flu hosp,2025-04-12,146.0,FluSight-baseline
2,48,quantile,0.2,2025-03-29,wk inc flu hosp,2025-04-12,237.0,FluSight-baseline
2,48,quantile,0.25,2025-03-29,wk inc flu hosp,2025-04-12,316.0,FluSight-baseline
2,48,quantile,0.3,2025-03-29,wk inc flu hosp,2025-04-12,382.0,FluSight-baseline
2,48,quantile,0.35,2025-03-29,wk inc flu hosp,2025-04-12,436.0,FluSight-baseline
2,48,quantile,0.4,2025-03-29,wk inc flu hosp,2025-04-12,482.0,FluSight-baseline
2,48,quantile,0.45,2025-03-29,wk inc flu hosp,2025-04-12,525.0,FluSight-baseline
2,48,quantile,0.5,2025-03-29,wk inc flu hosp,2025-04-12,559.0,FluSight-baseline
2,48,quantile,0.55,2025-03-29,wk inc flu hosp,2025-04-12,594.0,FluSight-baseline
2,48,quantile,0.6,2025-03-29,wk inc flu hosp,2025-04-12,637.0,FluSight-baseline
2,48,quantile,0.65,2025-03-29,wk inc flu hosp,2025-04-12,685.0,FluSight-baseline
2,48,quantile,0.7,2025-03-29,wk inc flu hosp,2025-04-12,740.0,FluSight-baseline
2,48,quantile,0.75,2025-03-29,wk inc flu hosp,2025-04-12,808.0,FluSight-baseline
2,48,quantile,0.8,2025-03-29,wk inc flu hosp,2025-04-12,891.0,FluSight-baseline
2,48,quantile,0.85,2025-03-29,wk inc flu hosp,2025-04-12,986.0,FluSight-baseline
2,48,quantile,0.9,2025-03-29,wk inc flu hosp,2025-04-12,1118.0,FluSight-baseline
2,48,quantile,0.95,2025-03-29,wk inc flu hosp,2025-04-12,1387.0,FluSight-baseline
2,48,quantile,0.975,2025-03-29,wk inc flu hosp,2025-04-12,1671.0,FluSight-baseline
2,48,quantile,0.99,2025-03-29,wk inc flu hosp,2025-04-12,2073.0,FluSight-baseline
3,48,quantile,0.01,2025-03-29,wk inc flu hosp,2025-04-19,0.0,FluSight-baseline
3,48,quantile,0.025,2025-03-29,wk inc flu hosp,2025-04-19,0.0,FluSight-baseline
3,48,quantile,0.05,2025-03-29,wk inc flu hosp,2025-04-19,0.0,FluSight-baseline
3,48,quantile,0.1,2025-03-29,wk inc flu hosp,2025-04-19,0.0,FluSight-baseline
3,48,quantile,0.15,2025-03-29,wk inc flu hosp,2025-04-19,65.0,FluSight-baseline
3,48,quantile,0.2,2025-03-29,wk inc flu hosp,2025-04-19,170.0,FluSight-baseline
3,48,quantile,0.25,2025-03-29,wk inc flu hosp,2025-04-19,255.0,FluSight-baseline
3,48,quantile,0.3,2025-03-29,wk inc flu hosp,2025-04-19,331.0,FluSight-baseline
3,48,quantile,0.35,2025-03-29,wk inc flu hosp,2025-04-19,398.0,FluSight-baseline
3,48,quantile,0.4,2025-03-29,wk inc flu hosp,2025-04-19,456.0,FluSight-baseline
3,48,quantile,0.45,2025-03-29,wk inc flu hosp,2025-04-19,511.0,FluSight-baseline
3,48,quantile,0.5,2025-03-29,wk inc flu hosp,2025-04-19,559.0,FluSight-baseline
3,48,quantile,0.55,2025-03-29,wk inc flu hosp,2025-04-19,608.0,FluSight-baseline
3,48,quantile,0.6,2025-03-29,wk inc flu hosp,2025-04-19,662.0,FluSight-baseline
3,48,quantile,0.65,2025-03-29,wk inc flu hosp,2025-04-19,722.0,FluSight-baseline
3,48,quantile,0.7,2025-03-29,wk inc flu hosp,2025-04-19,788.0,FluSight-baseline
3,48,quantile,0.75,2025-03-29,wk inc flu hosp,2025-04-19,864.0,FluSight-baseline
3,48,quantile,0.8,2025-03-29,wk inc flu hosp,2025-04-19,954.0,FluSight-baseline
3,48,quantile,0.85,2025-03-29,wk inc flu hosp,2025-04-19,1064.0,FluSight-baseline
3,48,quantile,0.9,2025-03-29,wk inc flu hosp,2025-04-19,1230.0,FluSight-baseline
3,48,quantile,0.95,2025-03-29,wk inc flu hosp,2025-04-19,1517.0,FluSight-baseline
3,48,quantile,0.975,2025-03-29,wk inc flu hosp,2025-04-19,1841.0,FluSight-baseline
3,48,quantile,0.99,2025-03-29,wk inc flu hosp,2025-04-19,2199.0,FluSight-baseline
0,48,quantile,0.01,2025-04-05,wk inc flu hosp,2025-04-05,0.0,FluSight-baseline
0,48,quantile,0.025,2025-04-05,wk inc flu hosp,2025-04-05,0.0,FluSight-baseline
0,48,quantile,0.05,2025-04-05,wk inc flu hosp,2025-04-05,71.0,FluSight-baseline
0,48,quantile,0.1,2025-04-05,wk inc flu hosp,2025-04-05,230.0,FluSight-baseline
0,48,quantile,0.15,2025-04-05,wk inc flu hosp,2025-04-05,343.0,FluSight-baseline
0,48,quantile,0.2,2025-04-05,wk inc flu hosp,2025-04-05,395.0,FluSight-baseline
0,48,quantile,0.25,2025-04-05,wk inc flu hosp,2025-04-05,430.0,FluSight-baseline
0,48,quantile,0.3,2025-04-05,wk inc flu hosp,2025-04-05,477.0,FluSight-baseline
0,48,quantile,0.35,2025-04-05,wk inc flu hosp,2025-04-05,491.0,FluSight-baseline
0,48,quantile,0.4,2025-04-05,wk inc flu hosp,2025-04-05,499.0,FluSight-baseline
0,48,quantile,0.45,2025-04-05,wk inc flu hosp,2025-04-05,507.0,FluSight-baseline
0,48,quantile,0.5,2025-04-05,wk inc flu hosp,2025-04-05,515.0,FluSight-baseline
0,48,quantile,0.55,2025-04-05,wk inc flu hosp,2025-04-05,523.0,FluSight-baseline
0,48,quantile,0.6,2025-04-05,wk inc flu hosp,2025-04-05,531.0,FluSight-baseline
0,48,quantile,0.65,2025-04-05,wk inc flu hosp,2025-04-05,539.0,FluSight-baseline
0,48,quantile,0.7,2025-04-05,wk inc flu hosp,2025-04-05,553.0,FluSight-baseline
0,48,quantile,0.75,2025-04-05,wk inc flu hosp,2025-04-05,600.0,FluSight-baseline
0,48,quantile,0.8,2025-04-05,wk inc flu hosp,2025-04-05,635.0,FluSight-baseline
0,48,quantile,0.85,2025-04-05,wk inc flu hosp,2025-04-05,687.0,FluSight-baseline
0,48,quantile,0.9,2025-04-05,wk inc flu hosp,2025-04-05,800.0,FluSight-baseline
0,48,quantile,0.95,2025-04-05,wk inc flu hosp,2025-04-05,959.0,FluSight-baseline
0,48,quantile,0.975,2025-04-05,wk inc flu hosp,2025-04-05,1086.0,FluSight-baseline
0,48,quantile,0.99,2025-04-05,wk inc flu hosp,2025-04-05,1392.0,FluSight-baseline
1,48,quantile,0.01,2025-04-05,wk inc flu hosp,2025-04-12,0.0,FluSight-baseline
1,48,quantile,0.025,2025-04-05,wk inc flu hosp,2025-04-12,0.0,FluSight-baseline
1,48,quantile,0.05,2025-04-05,wk inc flu hosp,2025-04-12,0.0,FluSight-baseline
1,48,quantile,0.1,2025-04-05,wk inc flu hosp,2025-04-12,89.0,FluSight-baseline
1,48,quantile,0.15,2025-04-05,wk inc flu hosp,2025-04-12,193.0,FluSight-baseline
1,48,quantile,0.2,2025-04-05,wk inc flu hosp,2025-04-12,282.0,FluSight-baseline
1,48,quantile,0.25,2025-04-05,wk inc flu hosp,2025-04-12,350.0,FluSight-baseline
1,48,quantile,0.3,2025-04-05,wk inc flu hosp,2025-04-12,397.0,FluSight-baseline
1,48,quantile,0.35,2025-04-05,wk inc flu hosp,2025-04-12,434.0,FluSight-baseline
1,48,quantile,0.4,2025-04-05,wk inc flu hosp,2025-04-12,472.0,FluSight-baseline
1,48,quantile,0.45,2025-04-05,wk inc flu hosp,2025-04-12,496.0,FluSight-baseline
1,48,quantile,0.5,2025-04-05,wk inc flu hosp,2025-04-12,515.0,FluSight-baseline
1,48,quantile,0.55,2025-04-05,wk inc flu hosp,2025-04-12,534.0,FluSight-baseline
1,48,quantile,0.6,2025-04-05,wk inc flu hosp,2025-04-12,558.0,FluSight-baseline
1,48,quantile,0.65,2025-04-05,wk inc flu hosp,2025-04-12,596.0,FluSight-baseline
1,48,quantile,0.7,2025-04-05,wk inc flu hosp,2025-04-12,635.0,FluSight-baseline
1,48,quantile,0.75,2025-04-05,wk inc flu hosp,2025-04-12,683.0,FluSight-baseline
1,48,quantile,0.8,2025-04-05,wk inc flu hosp,2025-04-12,752.0,FluSight-baseline
1,48,quantile,0.85,2025-04-05,wk inc flu hosp,2025-04-12,840.0,FluSight-baseline
1,48,quantile,0.9,2025-04-05,wk inc flu hosp,2025-04-12,951.0,FluSight-baseline
1,48,quantile,0.95,2025-04-05,wk inc flu hosp,2025-04-12,1155.0,FluSight-baseline
1,48,quantile,0.975,2025-04-05,wk inc flu hosp,2025-04-12,1402.0,FluSight-baseline
1,48,quantile,0.99,2025-04-05,wk inc flu hosp,2025-04-12,1856.0,FluSight-baseline
2,48,quantile,0.01,2025-04-05,wk inc flu hosp,2025-04-19,0.0,FluSight-baseline
2,48,quantile,0.025,2025-04-05,wk inc flu hosp,2025-04-19,0.0,FluSight-baseline
2,48,quantile,0.05,2025-04-05,wk inc flu hosp,2025-04-19,0.0,FluSight-baseline
2,48,quantile,0.1,2025-04-05,wk inc flu hosp,2025-04-19,0.0,FluSight-baseline
2,48,quantile,0.15,2025-04-05,wk inc flu hosp,2025-04-19,105.0,FluSight-baseline
2,48,quantile,0.2,2025-04-05,wk inc flu hosp,2025-04-19,195.0,FluSight-baseline
2,48,quantile,0.25,2025-04-05,wk inc flu hosp,2025-04-19,274.0,FluSight-baseline
2,48,quantile,0.3,2025-04-05,wk inc flu hosp,2025-04-19,339.0,FluSight-baseline
2,48,quantile,0.35,2025-04-05,wk inc flu hosp,2025-04-19,392.0,FluSight-baseline
2,48,quantile,0.4,2025-04-05,wk inc flu hosp,2025-04-19,438.0,FluSight-baseline
2,48,quantile,0.45,2025-04-05,wk inc flu hosp,2025-04-19,480.0,FluSight-baseline
2,48,quantile,0.5,2025-04-05,wk inc flu hosp,2025-04-19,515.0,FluSight-baseline
2,48,quantile,0.55,2025-04-05,wk inc flu hosp,2025-04-19,550.0,FluSight-baseline
2,48,quantile,0.6,2025-04-05,wk inc flu hosp,2025-04-19,592.0,FluSight-baseline
2,48,quantile,0.65,2025-04-05,wk inc flu hosp,2025-04-19,638.0,FluSight-baseline
2,48,quantile,0.7,2025-04-05,wk inc flu hosp,2025-04-19,692.0,FluSight-baseline
2,48,quantile,0.75,2025-04-05,wk inc flu hosp,2025-04-19,759.0,FluSight-baseline
2,48,quantile,0.8,2025-04-05,wk inc flu hosp,2025-04-19,840.0,FluSight-baseline
2,48,quantile,0.85,2025-04-05,wk inc flu hosp,2025-04-19,935.0,FluSight-baseline
2,48,quantile,0.9,2025-04-05,wk inc flu hosp,2025-04-19,1063.0,FluSight-baseline
2,48,quantile,0.95,2025-04-05,wk inc flu hosp,2025-04-19,1338.0,FluSight-baseline
2,48,quantile,0.975,2025-04-05,wk inc flu hosp,2025-04-19,1638.0,FluSight-baseline
2,48,quantile,0.99,2025-04-05,wk inc flu hosp,2025-04-19,2030.0,FluSight-baseline
3,48,quantile,0.01,2025-04-05,wk inc flu hosp,2025-04-26,0.0,FluSight-baseline
3,48,quantile,0.025,2025-04-05,wk inc flu hosp,2025-04-26,0.0,FluSight-baseline
3,48,quantile,0.05,2025-04-05,wk inc flu hosp,2025-04-26,0.0,FluSight-baseline
3,48,quantile,0.1,2025-04-05,wk inc flu hosp,2025-04-26,0.0,FluSight-baseline
3,48,quantile,0.15,2025-04-05,wk inc flu hosp,2025-04-26,30.0,FluSight-baseline
3,48,quantile,0.2,2025-04-05,wk inc flu hosp,2025-04-26,131.0,FluSight-baseline
3,48,quantile,0.25,2025-04-05,wk inc flu hosp,2025-04-26,217.0,FluSight-baseline
3,48,quantile,0.3,2025-04-05,wk inc flu hosp,2025-04-26,292.0,FluSight-baseline
3,48,quantile,0.35,2025-04-05,wk inc flu hosp,2025-04-26,357.0,FluSight-baseline
3,48,quantile,0.4,2025-04-05,wk inc flu hosp,2025-04-26,413.0,FluSight-baseline
3,48,quantile,0.45,2025-04-05,wk inc flu hosp,2025-04-26,467.0,FluSight-baseline
3,48,quantile,0.5,2025-04-05,wk inc flu hosp,2025-04-26,515.0,FluSight-baseline
3,48,quantile,0.55,2025-04-05,wk inc flu hosp,2025-04-26,563.0,FluSight-baseline
3,48,quantile,0.6,2025-04-05,wk inc flu hosp,2025-04-26,615.0,FluSight-baseline
3,48,quantile,0.65,2025-04-05,wk inc flu hosp,2025-04-26,673.0,FluSight-baseline
3,48,quantile,0.7,2025-04-05,wk inc flu hosp,2025-04-26,740.0,FluSight-baseline
3,48,quantile,0.75,2025-04-05,wk inc flu hosp,2025-04-26,816.0,FluSight-baseline
3,48,quantile,0.8,2025-04-05,wk inc flu hosp,2025-04-26,905.0,FluSight-baseline
3,48,quantile,0.85,2025-04-05,wk inc flu hosp,2025-04-26,1016.0,FluSight-baseline
3,48,quantile,0.9,2025-04-05,wk inc flu hosp,2025-04-26,1181.0,FluSight-baseline
3,48,quantile,0.95,2025-04-05,wk inc flu hosp,2025-04-26,1478.0,FluSight-baseline
3,48,quantile,0.975,2025-04-05,wk inc flu hosp,2025-04-26,1805.0,FluSight-baseline
3,48,quantile,0.99,2025-04-05,wk inc flu hosp,2025-04-26,2162.0,FluSight-baseline
0,48,quantile,0.01,2025-04-12,wk inc flu hosp,2025-04-12,0.0,FluSight-baseline
0,48,quantile,0.025,2025-04-12,wk inc flu hosp,2025-04-12,0.0,FluSight-baseline
0,48,quantile,0.05,2025-04-12,wk inc flu hosp,2025-04-12,0.0,FluSight-baseline
0,48,quantile,0.1,2025-04-12,wk inc flu hosp,2025-04-12,60.0,FluSight-baseline
0,48,quantile,0.15,2025-04-12,wk inc flu hosp,2025-04-12,168.0,FluSight-baseline
0,48,quantile,0.2,2025-04-12,wk inc flu hosp,2025-04-12,216.0,FluSight-baseline
0,48,quantile,0.25,2025-04-12,wk inc flu hosp,2025-04-12,257.0,FluSight-baseline
0,48,quantile,0.3,2025-04-12,wk inc flu hosp,2025-04-12,304.0,FluSight-baseline
0,48,quantile,0.35,2025-04-12,wk inc flu hosp,2025-04-12,318.0,FluSight-baseline
0,48,quantile,0.4,2025-04-12,wk inc flu hosp,2025-04-12,326.0,FluSight-baseline
0,48,quantile,0.45,2025-04-12,wk inc flu hosp,2025-04-12,334.0,FluSight-baseline
0,48,quantile,0.5,2025-04-12,wk inc flu hosp,2025-04-12,342.0,FluSight-baseline
0,48,quantile,0.55,2025-04-12,wk inc flu hosp,2025-04-12,350.0,FluSight-baseline
0,48,quantile,0.6,2025-04-12,wk inc flu hosp,2025-04-12,358.0,FluSight-baseline
0,48,quantile,0.65,2025-04-12,wk inc flu hosp,2025-04-12,366.0,FluSight-baseline
0,48,quantile,0.7,2025-04-12,wk inc flu hosp,2025-04-12,380.0,FluSight-baseline
0,48,quantile,0.75,2025-04-12,wk inc flu hosp,2025-04-12,427.0,FluSight-baseline
0,48,quantile,0.8,2025-04-12,wk inc flu hosp,2025-04-12,468.0,FluSight-baseline
0,48,quantile,0.85,2025-04-12,wk inc flu hosp,2025-04-12,516.0,FluSight-baseline
0,48,quantile,0.9,2025-04-12,wk inc flu hosp,2025-04-12,624.0,FluSight-baseline
0,48,quantile,0.95,2025-04-12,wk inc flu hosp,2025-04-12,783.0,FluSight-baseline
0,48,quantile,0.975,2025-04-12,wk inc flu hosp,2025-04-12,907.0,FluSight-baseline
0,48,quantile,0.99,2025-04-12,wk inc flu hosp,2025-04-12,1219.0,FluSight-baseline
1,48,quantile,0.01,2025-04-12,wk inc flu hosp,2025-04-19,0.0,FluSight-baseline
1,48,quantile,0.025,2025-04-12,wk inc flu hosp,2025-04-19,0.0,FluSight-baseline
1,48,quantile,0.05,2025-04-12,wk inc flu hosp,2025-04-19,0.0,FluSight-baseline
1,48,quantile,0.1,2025-04-12,wk inc flu hosp,2025-04-19,0.0,FluSight-baseline
1,48,quantile,0.15,2025-04-12,wk inc flu hosp,2025-04-19,38.0,FluSight-baseline
1,48,quantile,0.2,2025-04-12,wk inc flu hosp,2025-04-19,118.0,FluSight-baseline
1,48,quantile,0.25,2025-04-12,wk inc flu hosp,2025-04-19,178.0,FluSight-baseline
1,48,quantile,0.3,2025-04-12,wk inc flu hosp,2025-04-19,225.0,FluSight-baseline
1,48,quantile,0.35,2025-04-12,wk inc flu hosp,2025-04-19,262.0,FluSight-baseline
1,48,quantile,0.4,2025-04-12,wk inc flu hosp,2025-04-19,299.0,FluSight-baseline
1,48,quantile,0.45,2025-04-12,wk inc flu hosp,2025-04-19,323.0,FluSight-baseline
1,48,quantile,0.5,2025-04-12,wk inc flu hosp,2025-04-19,342.0,FluSight-baseline
1,48,quantile,0.55,2025-04-12,wk inc flu hosp,2025-04-19,362.0,FluSight-baseline
1,48,quantile,0.6,2025-04-12,wk inc flu hosp,2025-04-19,387.0,FluSight-baseline
1,48,quantile,0.65,2025-04-12,wk inc flu hosp,2025-04-19,424.0,FluSight-baseline
1,48,quantile,0.7,2025-04-12,wk inc flu hosp,2025-04-19,464.0,FluSight-baseline
1,48,quantile,0.75,2025-04-12,wk inc flu hosp,2025-04-19,511.0,FluSight-baseline
1,48,quantile,0.8,2025-04-12,wk inc flu hosp,2025-04-19,579.0,FluSight-baseline
1,48,quantile,0.85,2025-04-12,wk inc flu hosp,2025-04-19,668.0,FluSight-baseline
1,48,quantile,0.9,2025-04-12,wk inc flu hosp,2025-04-19,776.0,FluSight-baseline
1,48,quantile,0.95,2025-04-12,wk inc flu hosp,2025-04-19,974.0,FluSight-baseline
1,48,quantile,0.975,2025-04-12,wk inc flu hosp,2025-04-19,1226.0,FluSight-baseline
1,48,quantile,0.99,2025-04-12,wk inc flu hosp,2025-04-19,1675.0,FluSight-baseline
2,48,quantile,0.01,2025-04-12,wk inc flu hosp,2025-04-26,0.0,FluSight-baseline
2,48,quantile,0.025,2025-04-12,wk inc flu hosp,2025-04-26,0.0,FluSight-baseline
2,48,quantile,0.05,2025-04-12,wk inc flu hosp,2025-04-26,0.0,FluSight-baseline
2,48,quantile,0.1,2025-04-12,wk inc flu hosp,2025-04-26,0.0,FluSight-baseline
2,48,quantile,0.15,2025-04-12,wk inc flu hosp,2025-04-26,0.0,FluSight-baseline
2,48,quantile,0.2,2025-04-12,wk inc flu hosp,2025-04-26,40.0,FluSight-baseline
2,48,quantile,0.25,2025-04-12,wk inc flu hosp,2025-04-26,110.0,FluSight-baseline
2,48,quantile,0.3,2025-04-12,wk inc flu hosp,2025-04-26,169.0,FluSight-baseline
2,48,quantile,0.35,2025-04-12,wk inc flu hosp,2025-04-26,222.0,FluSight-baseline
2,48,quantile,0.4,2025-04-12,wk inc flu hosp,2025-04-26,267.0,FluSight-baseline
2,48,quantile,0.45,2025-04-12,wk inc flu hosp,2025-04-26,308.0,FluSight-baseline
2,48,quantile,0.5,2025-04-12,wk inc flu hosp,2025-04-26,342.0,FluSight-baseline
2,48,quantile,0.55,2025-04-12,wk inc flu hosp,2025-04-26,377.0,FluSight-baseline
2,48,quantile,0.6,2025-04-12,wk inc flu hosp,2025-04-26,420.0,FluSight-baseline
2,48,quantile,0.65,2025-04-12,wk inc flu hosp,2025-04-26,466.0,FluSight-baseline
2,48,quantile,0.7,2025-04-12,wk inc flu hosp,2025-04-26,519.0,FluSight-baseline
2,48,quantile,0.75,2025-04-12,wk inc flu hosp,2025-04-26,585.0,FluSight-baseline
2,48,quantile,0.8,2025-04-12,wk inc flu hosp,2025-04-26,664.0,FluSight-baseline
2,48,quantile,0.85,2025-04-12,wk inc flu hosp,2025-04-26,759.0,FluSight-baseline
2,48,quantile,0.9,2025-04-12,wk inc flu hosp,2025-04-26,891.0,FluSight-baseline
2,48,quantile,0.95,2025-04-12,wk inc flu hosp,2025-04-26,1166.0,FluSight-baseline
2,48,quantile,0.975,2025-04-12,wk inc flu hosp,2025-04-26,1456.0,FluSight-baseline
2,48,quantile,0.99,2025-04-12,wk inc flu hosp,2025-04-26,1838.0,FluSight-baseline
3,48,quantile,0.01,2025-04-12,wk inc flu hosp,2025-05-03,0.0,FluSight-baseline
3,48,quantile,0.025,2025-04-12,wk inc flu hosp,2025-05-03,0.0,FluSight-baseline
3,48,quantile,0.05,2025-04-12,wk inc flu hosp,2025-05-03,0.0,FluSight-baseline
3,48,quantile,0.1,2025-04-12,wk inc flu hosp,2025-05-03,0.0,FluSight-baseline
3,48,quantile,0.15,2025-04-12,wk inc flu hosp,2025-05-03,0.0,FluSight-baseline
3,48,quantile,0.2,2025-04-12,wk inc flu hosp,2025-05-03,0.0,FluSight-baseline
3,48,quantile,0.25,2025-04-12,wk inc flu hosp,2025-05-03,53.0,FluSight-baseline
3,48,quantile,0.3,2025-04-12,wk inc flu hosp,2025-05-03,122.0,FluSight-baseline
3,48,quantile,0.35,2025-04-12,wk inc flu hosp,2025-05-03,185.0,FluSight-baseline
3,48,quantile,0.4,2025-04-12,wk inc flu hosp,2025-05-03,242.0,FluSight-baseline
3,48,quantile,0.45,2025-04-12,wk inc flu hosp,2025-05-03,294.0,FluSight-baseline
3,48,quantile,0.5,2025-04-12,wk inc flu hosp,2025-05-03,342.0,FluSight-baseline
3,48,quantile,0.55,2025-04-12,wk inc flu hosp,2025-05-03,393.0,FluSight-baseline
3,48,quantile,0.6,2025-04-12,wk inc flu hosp,2025-05-03,446.0,FluSight-baseline
3,48,quantile,0.65,2025-04-12,wk inc flu hosp,2025-05-03,504.0,FluSight-baseline
3,48,quantile,0.7,2025-04-12,wk inc flu hosp,2025-05-03,569.0,FluSight-baseline
3,48,quantile,0.75,2025-04-12,wk inc flu hosp,2025-05-03,642.0,FluSight-baseline
3,48,quantile,0.8,2025-04-12,wk inc flu hosp,2025-05-03,733.0,FluSight-baseline
3,48,quantile,0.85,2025-04-12,wk inc flu hosp,2025-05-03,842.0,FluSight-baseline
3,48,quantile,0.9,2025-04-12,wk inc flu hosp,2025-05-03,1005.0,FluSight-baseline
3,48,quantile,0.95,2025-04-12,wk inc flu hosp,2025-05-03,1294.0,FluSight-baseline
3,48,quantile,0.975,2025-04-12,wk inc flu hosp,2025-05-03,1622.0,FluSight-baseline
3,48,quantile,0.99,2025-04-12,wk inc flu hosp,2025-05-03,1982.0,FluSight-baseline
0,48,quantile,0.01,2025-04-19,wk inc flu hosp,2025-04-19,0.0,FluSight-baseline
0,48,quantile,0.025,2025-04-19,wk inc flu hosp,2025-04-19,0.0,FluSight-baseline
0,48,quantile,0.05,2025-04-19,wk inc flu hosp,2025-04-19,0.0,FluSight-baseline
0,48,quantile,0.1,2025-04-19,wk inc flu hosp,2025-04-19,0.0,FluSight-baseline
0,48,quantile,0.15,2025-04-19,wk inc flu hosp,2025-04-19,29.0,FluSight-baseline
0,48,quantile,0.2,2025-04-19,wk inc flu hosp,2025-04-19,74.0,FluSight-baseline
0,48,quantile,0.25,2025-04-19,wk inc flu hosp,2025-04-19,116.0,FluSight-baseline
0,48,quantile,0.3,2025-04-19,wk inc flu hosp,2025-04-19,163.0,FluSight-baseline
0,48,quantile,0.35,2025-04-19,wk inc flu hosp,2025-04-19,178.0,FluSight-baseline
0,48,quantile,0.4,2025-04-19,wk inc flu hosp,2025-04-19,186.0,FluSight-baseline
0,48,quantile,0.45,2025-04-19,wk inc flu hosp,2025-04-19,194.0,FluSight-baseline
0,48,quantile,0.5,2025-04-19,wk inc flu hosp,2025-04-19,202.0,FluSight-baseline
0,48,quantile,0.55,2025-04-19,wk inc flu hosp,2025-04-19,210.0,FluSight-baseline
0,48,quantile,0.6,2025-04-19,wk inc flu hosp,2025-04-19,218.0,FluSight-baseline
0,48,quantile,0.65,2025-04-19,wk inc flu hosp,2025-04-19,226.0,FluSight-baseline
0,48,quantile,0.7,2025-04-19,wk inc flu hosp,2025-04-19,241.0,FluSight-baseline
0,48,quantile,0.75,2025-04-19,wk inc flu hosp,2025-04-19,288.0,FluSight-baseline
0,48,quantile,0.8,2025-04-19,wk inc flu hosp,2025-04-19,330.0,FluSight-baseline
0,48,quantile,0.85,2025-04-19,wk inc flu hosp,2025-04-19,375.0,FluSight-baseline
0,48,quantile,0.9,2025-04-19,wk inc flu hosp,2025-04-19,482.0,FluSight-baseline
0,48,quantile,0.95,2025-04-19,wk inc flu hosp,2025-04-19,640.0,FluSight-baseline
0,48,quantile,0.975,2025-04-19,wk inc flu hosp,2025-04-19,761.0,FluSight-baseline
0,48,quantile,0.99,2025-04-19,wk inc flu hosp,2025-04-19,1079.0,FluSight-baseline
1,48,quantile,0.01,2025-04-19,wk inc flu hosp,2025-04-26,0.0,FluSight-baseline
1,48,quantile,0.025,2025-04-19,wk inc flu hosp,2025-04-26,0.0,FluSight-baseline
1,48,quantile,0.05,2025-04-19,wk inc flu hosp,2025-04-26,0.0,FluSight-baseline
1,48,quantile,0.1,2025-04-19,wk inc flu hosp,2025-04-26,0.0,FluSight-baseline
1,48,quantile,0.15,2025-04-19,wk inc flu hosp,2025-04-26,0.0,FluSight-baseline
1,48,quantile,0.2,2025-04-19,wk inc flu hosp,2025-04-26,13.0,FluSight-baseline
1,48,quantile,0.25,2025-04-19,wk inc flu hosp,2025-04-26,50.0,FluSight-baseline
1,48,quantile,0.3,2025-04-19,wk inc flu hosp,2025-04-26,91.0,FluSight-baseline
1,48,quantile,0.35,2025-04-19,wk inc flu hosp,2025-04-26,127.0,FluSight-baseline
1,48,quantile,0.4,2025-04-19,wk inc flu hosp,2025-04-26,162.0,FluSight-baseline
1,48,quantile,0.45,2025-04-19,wk inc flu hosp,2025-04-26,184.0,FluSight-baseline
1,48,quantile,0.5,2025-04-19,wk inc flu hosp,2025-04-26,202.0,FluSight-baseline
1,48,quantile,0.55,2025-04-19,wk inc flu hosp,2025-04-26,222.0,FluSight-baseline
1,48,quantile,0.6,2025-04-19,wk inc flu hosp,2025-04-26,250.0,FluSight-baseline
1,48,quantile,0.65,2025-04-19,wk inc flu hosp,2025-04-26,288.0,FluSight-baseline
1,48,quantile,0.7,2025-04-19,wk inc flu hosp,2025-04-26,327.0,FluSight-baseline
1,48,quantile,0.75,2025-04-19,wk inc flu hosp,2025-04-26,373.0,FluSight-baseline
1,48,quantile,0.8,2025-04-19,wk inc flu hosp,2025-04-26,438.0,FluSight-baseline
1,48,quantile,0.85,2025-04-19,wk inc flu hosp,2025-04-26,523.0,FluSight-baseline
1,48,quantile,0.9,2025-04-19,wk inc flu hosp,2025-04-26,633.0,FluSight-baseline
1,48,quantile,0.95,2025-04-19,wk inc flu hosp,2025-04-26,834.0,FluSight-baseline
1,48,quantile,0.975,2025-04-19,wk inc flu hosp,2025-04-26,1086.0,FluSight-baseline
1,48,quantile,0.99,2025-04-19,wk inc flu hosp,2025-04-26,1538.0,FluSight-baseline
2,48,quantile,0.01,2025-04-19,wk inc flu hosp,2025-05-03,0.0,FluSight-baseline
2,48,quantile,0.025,2025-04-19,wk inc flu hosp,2025-05-03,0.0,FluSight-baseline
2,48,quantile,0.05,2025-04-19,wk inc flu hosp,2025-05-03,0.0,FluSight-baseline
2,48,quantile,0.1,2025-04-19,wk inc flu hosp,2025-05-03,0.0,FluSight-baseline
2,48,quantile,0.15,2025-04-19,wk inc flu hosp,2025-05-03,0.0,FluSight-baseline
2,48,quantile,0.2,2025-04-19,wk inc flu hosp,2025-05-03,0.0,FluSight-baseline
2,48,quantile,0.25,2025-04-19,wk inc flu hosp,2025-05-03,0.0,FluSight-baseline
2,48,quantile,0.3,2025-04-19,wk inc flu hosp,2025-05-03,43.0,FluSight-baseline
2,48,quantile,0.35,2025-04-19,wk inc flu hosp,2025-05-03,88.0,FluSight-baseline
2,48,quantile,0.4,2025-04-19,wk inc flu hosp,2025-05-03,130.0,FluSight-baseline
2,48,quantile,0.45,2025-04-19,wk inc flu hosp,2025-05-03,168.0,FluSight-baseline
2,48,quantile,0.5,2025-04-19,wk inc flu hosp,2025-05-03,202.0,FluSight-baseline
2,48,quantile,0.55,2025-04-19,wk inc flu hosp,2025-05-03,239.0,FluSight-baseline
2,48,quantile,0.6,2025-04-19,wk inc flu hosp,2025-05-03,282.0,FluSight-baseline
2,48,quantile,0.65,2025-04-19,wk inc flu hosp,2025-05-03,328.0,FluSight-baseline
2,48,quantile,0.7,2025-04-19,wk inc flu hosp,2025-05-03,379.0,FluSight-baseline
2,48,quantile,0.75,2025-04-19,wk inc flu hosp,2025-05-03,444.0,FluSight-baseline
2,48,quantile,0.8,2025-04-19,wk inc flu hosp,2025-05-03,520.0,FluSight-baseline
2,48,quantile,0.85,2025-04-19,wk inc flu hosp,2025-05-03,615.0,FluSight-baseline
2,48,quantile,0.9,2025-04-19,wk inc flu hosp,2025-05-03,743.0,FluSight-baseline
2,48,quantile,0.95,2025-04-19,wk inc flu hosp,2025-05-03,1010.0,FluSight-baseline
2,48,quantile,0.975,2025-04-19,wk inc flu hosp,2025-05-03,1317.0,FluSight-baseline
2,48,quantile,0.99,2025-04-19,wk inc flu hosp,2025-05-03,1708.0,FluSight-baseline
3,48,quantile,0.01,2025-04-19,wk inc flu hosp,2025-05-10,0.0,FluSight-baseline
3,48,quantile,0.025,2025-04-19,wk inc flu hosp,2025-05-10,0.0,FluSight-baseline
3,48,quantile,0.05,2025-04-19,wk inc flu hosp,2025-05-10,0.0,FluSight-baseline
3,48,quantile,0.1,2025-04-19,wk inc flu hosp,2025-05-10,0.0,FluSight-baseline
3,48,quantile,0.15,2025-04-19,wk inc flu hosp,2025-05-10,0.0,FluSight-baseline
3,48,quantile,0.2,2025-04-19,wk inc flu hosp,2025-05-10,0.0,FluSight-baseline
3,48,quantile,0.25,2025-04-19,wk inc flu hosp,2025-05-10,0.0,FluSight-baseline
3,48,quantile,0.3,2025-04-19,wk inc flu hosp,2025-05-10,0.0,FluSight-baseline
3,48,quantile,0.35,2025-04-19,wk inc flu hosp,2025-05-10,55.0,FluSight-baseline
3,48,quantile,0.4,2025-04-19,wk inc flu hosp,2025-05-10,106.0,FluSight-baseline
3,48,quantile,0.45,2025-04-19,wk inc flu hosp,2025-05-10,155.0,FluSight-baseline
3,48,quantile,0.5,2025-04-19,wk inc flu hosp,2025-05-10,202.0,FluSight-baseline
3,48,quantile,0.55,2025-04-19,wk inc flu hosp,2025-05-10,252.0,FluSight-baseline
3,48,quantile,0.6,2025-04-19,wk inc flu hosp,2025-05-10,305.0,FluSight-baseline
3,48,quantile,0.65,2025-04-19,wk inc flu hosp,2025-05-10,362.0,FluSight-baseline
3,48,quantile,0.7,2025-04-19,wk inc flu hosp,2025-05-10,427.0,FluSight-baseline
3,48,quantile,0.75,2025-04-19,wk inc flu hosp,2025-05-10,500.0,FluSight-baseline
3,48,quantile,0.8,2025-04-19,wk inc flu hosp,2025-05-10,587.0,FluSight-baseline
3,48,quantile,0.85,2025-04-19,wk inc flu hosp,2025-05-10,694.0,FluSight-baseline
3,48,quantile,0.9,2025-04-19,wk inc flu hosp,2025-05-10,853.0,FluSight-baseline
3,48,quantile,0.95,2025-04-19,wk inc flu hosp,2025-05-10,1142.0,FluSight-baseline
3,48,quantile,0.975,2025-04-19,wk inc flu hosp,2025-05-10,1481.0,FluSight-baseline
3,48,quantile,0.99,2025-04-19,wk inc flu hosp,2025-05-10,1827.0,FluSight-baseline
0,48,quantile,0.01,2025-04-26,wk inc flu hosp,2025-04-26,0.0,FluSight-baseline
0,48,quantile,0.025,2025-04-26,wk inc flu hosp,2025-04-26,0.0,FluSight-baseline
0,48,quantile,0.05,2025-04-26,wk inc flu hosp,2025-04-26,0.0,FluSight-baseline
0,48,quantile,0.1,2025-04-26,wk inc flu hosp,2025-04-26,0.0,FluSight-baseline
0,48,quantile,0.15,2025-04-26,wk inc flu hosp,2025-04-26,64.0,FluSight-baseline
0,48,quantile,0.2,2025-04-26,wk inc flu hosp,2025-04-26,117.0,FluSight-baseline
0,48,quantile,0.25,2025-04-26,wk inc flu hosp,2025-04-26,151.0,FluSight-baseline
0,48,quantile,0.3,2025-04-26,wk inc flu hosp,2025-04-26,198.0,FluSight-baseline
0,48,quantile,0.35,2025-04-26,wk inc flu hosp,2025-04-26,211.0,FluSight-baseline
0,48,quantile,0.4,2025-04-26,wk inc flu hosp,2025-04-26,220.0,FluSight-baseline
0,48,quantile,0.45,2025-04-26,wk inc flu hosp,2025-04-26,228.0,FluSight-baseline
0,48,quantile,0.5,2025-04-26,wk inc flu hosp,2025-04-26,236.0,FluSight-baseline
0,48,quantile,0.55,2025-04-26,wk inc flu hosp,2025-04-26,244.0,FluSight-baseline
0,48,quantile,0.6,2025-04-26,wk inc flu hosp,2025-04-26,252.0,FluSight-baseline
0,48,quantile,0.65,2025-04-26,wk inc flu hosp,2025-04-26,261.0,FluSight-baseline
0,48,quantile,0.7,2025-04-26,wk inc flu hosp,2025-04-26,274.0,FluSight-baseline
0,48,quantile,0.75,2025-04-26,wk inc flu hosp,2025-04-26,321.0,FluSight-baseline
0,48,quantile,0.8,2025-04-26,wk inc flu hosp,2025-04-26,355.0,FluSight-baseline
0,48,quantile,0.85,2025-04-26,wk inc flu hosp,2025-04-26,408.0,FluSight-baseline
0,48,quantile,0.9,2025-04-26,wk inc flu hosp,2025-04-26,514.0,FluSight-baseline
0,48,quantile,0.95,2025-04-26,wk inc flu hosp,2025-04-26,671.0,FluSight-baseline
0,48,quantile,0.975,2025-04-26,wk inc flu hosp,2025-04-26,788.0,FluSight-baseline
0,48,quantile,0.99,2025-04-26,wk inc flu hosp,2025-04-26,1113.0,FluSight-baseline
1,48,quantile,0.01,2025-04-26,wk inc flu hosp,2025-05-03,0.0,FluSight-baseline
1,48,quantile,0.025,2025-04-26,wk inc flu hosp,2025-05-03,0.0,FluSight-baseline
1,48,quantile,0.05,2025-04-26,wk inc flu hosp,2025-05-03,0.0,FluSight-baseline
1,48,quantile,0.1,2025-04-26,wk inc flu hosp,2025-05-03,0.0,FluSight-baseline
1,48,quantile,0.15,2025-04-26,wk inc flu hosp,2025-05-03,0.0,FluSight-baseline
1,48,quantile,0.2,2025-04-26,wk inc flu hosp,2025-05-03,33.0,FluSight-baseline
1,48,quantile,0.25,2025-04-26,wk inc flu hosp,2025-05-03,84.0,FluSight-baseline
1,48,quantile,0.3,2025-04-26,wk inc flu hosp,2025-05-03,126.0,FluSight-baseline
1,48,quantile,0.35,2025-04-26,wk inc flu hosp,2025-05-03,161.0,FluSight-baseline
1,48,quantile,0.4,2025-04-26,wk inc flu hosp,2025-05-03,193.0,FluSight-baseline
1,48,quantile,0.45,2025-04-26,wk inc flu hosp,2025-05-03,217.0,FluSight-baseline
1,48,quantile,0.5,2025-04-26,wk inc flu hosp,2025-05-03,236.0,FluSight-baseline
1,48,quantile,0.55,2025-04-26,wk inc flu hosp,2025-05-03,256.0,FluSight-baseline
1,48,quantile,0.6,2025-04-26,wk inc flu hosp,2025-05-03,283.0,FluSight-baseline
1,48,quantile,0.65,2025-04-26,wk inc flu hosp,2025-05-03,319.0,FluSight-baseline
1,48,quantile,0.7,2025-04-26,wk inc flu hosp,2025-05-03,357.0,FluSight-baseline
1,48,quantile,0.75,2025-04-26,wk inc flu hosp,2025-05-03,403.0,FluSight-baseline
1,48,quantile,0.8,2025-04-26,wk inc flu hosp,2025-05-03,469.0,FluSight-baseline
1,48,quantile,0.85,2025-04-26,wk inc flu hosp,2025-05-03,555.0,FluSight-baseline
1,48,quantile,0.9,2025-04-26,wk inc flu hosp,2025-05-03,665.0,FluSight-baseline
1,48,quantile,0.95,2025-04-26,wk inc flu hosp,2025-05-03,866.0,FluSight-baseline
1,48,quantile,0.975,2025-04-26,wk inc flu hosp,2025-05-03,1119.0,FluSight-baseline
1,48,quantile,0.99,2025-04-26,wk inc flu hosp,2025-05-03,1571.0,FluSight-baseline
2,48,quantile,0.01,2025-04-26,wk inc flu hosp,2025-05-10,0.0,FluSight-baseline
2,48,quantile,0.025,2025-04-26,wk inc flu hosp,2025-05-10,0.0,FluSight-baseline
2,48,quantile,0.05,2025-04-26,wk inc flu hosp,2025-05-10,0.0,FluSight-baseline
2,48,quantile,0.1,2025-04-26,wk inc flu hosp,2025-05-10,0.0,FluSight-baseline
2,48,quantile,0.15,2025-04-26,wk inc flu hosp,2025-05-10,0.0,FluSight-baseline
2,48,quantile,0.2,2025-04-26,wk inc flu hosp,2025-05-10,0.0,FluSight-baseline
2,48,quantile,0.25,2025-04-26,wk inc flu hosp,2025-05-10,22.0,FluSight-baseline
2,48,quantile,0.3,2025-04-26,wk inc flu hosp,2025-05-10,75.0,FluSight-baseline
2,48,quantile,0.35,2025-04-26,wk inc flu hosp,2025-05-10,121.0,FluSight-baseline
2,48,quantile,0.4,2025-04-26,wk inc flu hosp,2025-05-10,164.0,FluSight-baseline
2,48,quantile,0.45,2025-04-26,wk inc flu hosp,2025-05-10,202.0,FluSight-baseline
2,48,quantile,0.5,2025-04-26,wk inc flu hosp,2025-05-10,236.0,FluSight-baseline
2,48,quantile,0.55,2025-04-26,wk inc flu hosp,2025-05-10,271.0,FluSight-baseline
2,48,quantile,0.6,2025-04-26,wk inc flu hosp,2025-05-10,312.0,FluSight-baseline
2,48,quantile,0.65,2025-04-26,wk inc flu hosp,2025-05-10,358.0,FluSight-baseline
2,48,quantile,0.7,2025-04-26,wk inc flu hosp,2025-05-10,411.0,FluSight-baseline
2,48,quantile,0.75,2025-04-26,wk inc flu hosp,2025-05-10,474.0,FluSight-baseline
2,48,quantile,0.8,2025-04-26,wk inc flu hosp,2025-05-10,553.0,FluSight-baseline
2,48,quantile,0.85,2025-04-26,wk inc flu hosp,2025-05-10,648.0,FluSight-baseline
2,48,quantile,0.9,2025-04-26,wk inc flu hosp,2025-05-10,775.0,FluSight-baseline
2,48,quantile,0.95,2025-04-26,wk inc flu hosp,2025-05-10,1041.0,FluSight-baseline
2,48,quantile,0.975,2025-04-26,wk inc flu hosp,2025-05-10,1337.0,FluSight-baseline
2,48,quantile,0.99,2025-04-26,wk inc flu hosp,2025-05-10,1736.0,FluSight-baseline
3,48,quantile,0.01,2025-04-26,wk inc flu hosp,2025-05-17,0.0,FluSight-baseline
3,48,quantile,0.025,2025-04-26,wk inc flu hosp,2025-05-17,0.0,FluSight-baseline
3,48,quantile,0.05,2025-04-26,wk inc flu hosp,2025-05-17,0.0,FluSight-baseline
3,48,quantile,0.1,2025-04-26,wk inc flu hosp,2025-05-17,0.0,FluSight-baseline
3,48,quantile,0.15,2025-04-26,wk inc flu hosp,2025-05-17,0.0,FluSight-baseline
3,48,quantile,0.2,2025-04-26,wk inc flu hosp,2025-05-17,0.0,FluSight-baseline
3,48,quantile,0.25,2025-04-26,wk inc flu hosp,2025-05-17,0.0,FluSight-baseline
3,48,quantile,0.3,2025-04-26,wk inc flu hosp,2025-05-17,29.0,FluSight-baseline
3,48,quantile,0.35,2025-04-26,wk inc flu hosp,2025-05-17,86.0,FluSight-baseline
3,48,quantile,0.4,2025-04-26,wk inc flu hosp,2025-05-17,140.0,FluSight-baseline
3,48,quantile,0.45,2025-04-26,wk inc flu hosp,2025-05-17,189.0,FluSight-baseline
3,48,quantile,0.5,2025-04-26,wk inc flu hosp,2025-05-17,236.0,FluSight-baseline
3,48,quantile,0.55,2025-04-26,wk inc flu hosp,2025-05-17,283.0,FluSight-baseline
3,48,quantile,0.6,2025-04-26,wk inc flu hosp,2025-05-17,334.0,FluSight-baseline
3,48,quantile,0.65,2025-04-26,wk inc flu hosp,2025-05-17,391.0,FluSight-baseline
3,48,quantile,0.7,2025-04-26,wk inc flu hosp,2025-05-17,455.0,FluSight-baseline
3,48,quantile,0.75,2025-04-26,wk inc flu hosp,2025-05-17,529.0,FluSight-baseline
3,48,quantile,0.8,2025-04-26,wk inc flu hosp,2025-05-17,617.0,FluSight-baseline
3,48,quantile,0.85,2025-04-26,wk inc flu hosp,2025-05-17,724.0,FluSight-baseline
3,48,quantile,0.9,2025-04-26,wk inc flu hosp,2025-05-17,883.0,FluSight-baseline
3,48,quantile,0.95,2025-04-26,wk inc flu hosp,2025-05-17,1171.0,FluSight-baseline
3,48,quantile,0.975,2025-04-26,wk inc flu hosp,2025-05-17,1495.0,FluSight-baseline
3,48,quantile,0.99,2025-04-26,wk inc flu hosp,2025-05-17,1856.0,FluSight-baseline
0,48,quantile,0.01,2025-05-03,wk inc flu hosp,2025-05-03,0.0,FluSight-baseline
0,48,quantile,0.025,2025-05-03,wk inc flu hosp,2025-05-03,0.0,FluSight-baseline
0,48,quantile,0.05,2025-05-03,wk inc flu hosp,2025-05-03,0.0,FluSight-baseline
0,48,quantile,0.1,2025-05-03,wk inc flu hosp,2025-05-03,0.0,FluSight-baseline
0,48,quantile,0.15,2025-05-03,wk inc flu hosp,2025-05-03,43.0,FluSight-baseline
0,48,quantile,0.2,2025-05-03,wk inc flu hosp,2025-05-03,98.0,FluSight-baseline
0,48,quantile,0.25,2025-05-03,wk inc flu hosp,2025-05-03,129.0,FluSight-baseline
0,48,quantile,0.3,2025-05-03,wk inc flu hosp,2025-05-03,176.0,FluSight-baseline
0,48,quantile,0.35,2025-05-03,wk inc flu hosp,2025-05-03,190.0,FluSight-baseline
0,48,quantile,0.4,2025-05-03,wk inc flu hosp,2025-05-03,198.0,FluSight-baseline
0,48,quantile,0.45,2025-05-03,wk inc flu hosp,2025-05-03,206.0,FluSight-baseline
0,48,quantile,0.5,2025-05-03,wk inc flu hosp,2025-05-03,214.0,FluSight-baseline
0,48,quantile,0.55,2025-05-03,wk inc flu hosp,2025-05-03,222.0,FluSight-baseline
0,48,quantile,0.6,2025-05-03,wk inc flu hosp,2025-05-03,230.0,FluSight-baseline
0,48,quantile,0.65,2025-05-03,wk inc flu hosp,2025-05-03,238.0,FluSight-baseline
0,48,quantile,0.7,2025-05-03,wk inc flu hosp,2025-05-03,252.0,FluSight-baseline
0,48,quantile,0.75,2025-05-03,wk inc flu hosp,2025-05-03,299.0,FluSight-baseline
0,48,quantile,0.8,2025-05-03,wk inc flu hosp,2025-05-03,330.0,FluSight-baseline
0,48,quantile,0.85,2025-05-03,wk inc flu hosp,2025-05-03,385.0,FluSight-baseline
0,48,quantile,0.9,2025-05-03,wk inc flu hosp,2025-05-03,490.0,FluSight-baseline
0,48,quantile,0.95,2025-05-03,wk inc flu hosp,2025-05-03,646.0,FluSight-baseline
0,48,quantile,0.975,2025-05-03,wk inc flu hosp,2025-05-03,760.0,FluSight-baseline
0,48,quantile,0.99,2025-05-03,wk inc flu hosp,2025-05-03,1091.0,FluSight-baseline
1,48,quantile,0.01,2025-05-03,wk inc flu hosp,2025-05-10,0.0,FluSight-baseline
1,48,quantile,0.025,2025-05-03,wk inc flu hosp,2025-05-10,0.0,FluSight-baseline
1,48,quantile,0.05,2025-05-03,wk inc flu hosp,2025-05-10,0.0,FluSight-baseline
1,48,quantile,0.1,2025-05-03,wk inc flu hosp,2025-05-10,0.0,FluSight-baseline
1,48,quantile,0.15,2025-05-03,wk inc flu hosp,2025-05-10,0.0,FluSight-baseline
1,48,quantile,0.2,2025-05-03,wk inc flu hosp,2025-05-10,21.0,FluSight-baseline
1,48,quantile,0.25,2025-05-03,wk inc flu hosp,2025-05-10,65.0,FluSight-baseline
1,48,quantile,0.3,2025-05-03,wk inc flu hosp,2025-05-10,105.0,FluSight-baseline
1,48,quantile,0.35,2025-05-03,wk inc flu hosp,2025-05-10,141.0,FluSight-baseline
1,48,quantile,0.4,2025-05-03,wk inc flu hosp,2025-05-10,173.0,FluSight-baseline
1,48,quantile,0.45,2025-05-03,wk inc flu hosp,2025-05-10,196.0,FluSight-baseline
1,48,quantile,0.5,2025-05-03,wk inc flu hosp,2025-05-10,214.0,FluSight-baseline
1,48,quantile,0.55,2025-05-03,wk inc flu hosp,2025-05-10,233.0,FluSight-baseline
1,48,quantile,0.6,2025-05-03,wk inc flu hosp,2025-05-10,259.0,FluSight-baseline
1,48,quantile,0.65,2025-05-03,wk inc flu hosp,2025-05-10,296.0,FluSight-baseline
1,48,quantile,0.7,2025-05-03,wk inc flu hosp,2025-05-10,333.0,FluSight-baseline
1,48,quantile,0.75,2025-05-03,wk inc flu hosp,2025-05-10,380.0,FluSight-baseline
1,48,quantile,0.8,2025-05-03,wk inc flu hosp,2025-05-10,445.0,FluSight-baseline
1,48,quantile,0.85,2025-05-03,wk inc flu hosp,2025-05-10,531.0,FluSight-baseline
1,48,quantile,0.9,2025-05-03,wk inc flu hosp,2025-05-10,643.0,FluSight-baseline
1,48,quantile,0.95,2025-05-03,wk inc flu hosp,2025-05-10,838.0,FluSight-baseline
1,48,quantile,0.975,2025-05-03,wk inc flu hosp,2025-05-10,1091.0,FluSight-baseline
1,48,quantile,0.99,2025-05-03,wk inc flu hosp,2025-05-10,1553.0,FluSight-baseline
2,48,quantile,0.01,2025-05-03,wk inc flu hosp,2025-05-17,0.0,FluSight-baseline
2,48,quantile,0.025,2025-05-03,wk inc flu hosp,2025-05-17,0.0,FluSight-baseline
2,48,quantile,0.05,2025-05-03,wk inc flu hosp,2025-05-17,0.0,FluSight-baseline
2,48,quantile,0.1,2025-05-03,wk inc flu hosp,2025-05-17,0.0,FluSight-baseline
2,48,quantile,0.15,2025-05-03,wk inc flu hosp,2025-05-17,0.0,FluSight-baseline
2,48,quantile,0.2,2025-05-03,wk inc flu hosp,2025-05-17,0.0,FluSight-baseline
2,48,quantile,0.25,2025-05-03,wk inc flu hosp,2025-05-17,7.0,FluSight-baseline
2,48,quantile,0.3,2025-05-03,wk inc flu hosp,2025-05-17,56.0,FluSight-baseline
2,48,quantile,0.35,2025-05-03,wk inc flu hosp,2025-05-17,101.0,FluSight-baseline
2,48,quantile,0.4,2025-05-03,wk inc flu hosp,2025-05-17,144.0,FluSight-baseline
2,48,quantile,0.45,2025-05-03,wk inc flu hosp,2025-05-17,181.0,FluSight-baseline
2,48,quantile,0.5,2025-05-03,wk inc flu hosp,2025-05-17,214.0,FluSight-baseline
2,48,quantile,0.55,2025-05-03,wk inc flu hosp,2025-05-17,250.0,FluSight-baseline
2,48,quantile,0.6,2025-05-03,wk inc flu hosp,2025-05-17,291.0,FluSight-baseline
2,48,quantile,0.65,2025-05-03,wk inc flu hosp,2025-05-17,336.0,FluSight-baseline
2,48,quantile,0.7,2025-05-03,wk inc flu hosp,2025-05-17,387.0,FluSight-baseline
2,48,quantile,0.75,2025-05-03,wk inc flu hosp,2025-05-17,451.0,FluSight-baseline
2,48,quantile,0.8,2025-05-03,wk inc flu hosp,2025-05-17,527.0,FluSight-baseline
2,48,quantile,0.85,2025-05-03,wk inc flu hosp,2025-05-17,621.0,FluSight-baseline
2,48,quantile,0.9,2025-05-03,wk inc flu hosp,2025-05-17,747.0,FluSight-baseline
2,48,quantile,0.95,2025-05-03,wk inc flu hosp,2025-05-17,1014.0,FluSight-baseline
2,48,quantile,0.975,2025-05-03,wk inc flu hosp,2025-05-17,1316.0,FluSight-baseline
2,48,quantile,0.99,2025-05-03,wk inc flu hosp,2025-05-17,1708.0,FluSight-baseline
3,48,quantile,0.01,2025-05-03,wk inc flu hosp,2025-05-24,0.0,FluSight-baseline
3,48,quantile,0.025,2025-05-03,wk inc flu hosp,2025-05-24,0.0,FluSight-baseline
3,48,quantile,0.05,2025-05-03,wk inc flu hosp,2025-05-24,0.0,FluSight-baseline
3,48,quantile,0.1,2025-05-03,wk inc flu hosp,2025-05-24,0.0,FluSight-baseline
3,48,quantile,0.15,2025-05-03,wk inc flu hosp,2025-05-24,0.0,FluSight-baseline
3,48,quantile,0.2,2025-05-03,wk inc flu hosp,2025-05-24,0.0,FluSight-baseline
3,48,quantile,0.25,2025-05-03,wk inc flu hosp,2025-05-24,0.0,FluSight-baseline
3,48,quantile,0.3,2025-05-03,wk inc flu hosp,2025-05-24,11.0,FluSight-baseline
3,48,quantile,0.35,2025-05-03,wk inc flu hosp,2025-05-24,67.0,FluSight-baseline
3,48,quantile,0.4,2025-05-03,wk inc flu hosp,2025-05-24,119.0,FluSight-baseline
3,48,quantile,0.45,2025-05-03,wk inc flu hosp,2025-05-24,167.0,FluSight-baseline
3,48,quantile,0.5,2025-05-03,wk inc flu hosp,2025-05-24,214.0,FluSight-baseline
3,48,quantile,0.55,2025-05-03,wk inc flu hosp,2025-05-24,263.0,FluSight-baseline
3,48,quantile,0.6,2025-05-03,wk inc flu hosp,2025-05-24,314.0,FluSight-baseline
3,48,quantile,0.65,2025-05-03,wk inc flu hosp,2025-05-24,370.0,FluSight-baseline
3,48,quantile,0.7,2025-05-03,wk inc flu hosp,2025-05-24,433.0,FluSight-baseline
3,48,quantile,0.75,2025-05-03,wk inc flu hosp,2025-05-24,507.0,FluSight-baseline
3,48,quantile,0.8,2025-05-03,wk inc flu hosp,2025-05-24,592.0,FluSight-baseline
3,48,quantile,0.85,2025-05-03,wk inc flu hosp,2025-05-24,700.0,FluSight-baseline
3,48,quantile,0.9,2025-05-03,wk inc flu hosp,2025-05-24,855.0,FluSight-baseline
3,48,quantile,0.95,2025-05-03,wk inc flu hosp,2025-05-24,1142.0,FluSight-baseline
3,48,quantile,0.975,2025-05-03,wk inc flu hosp,2025-05-24,1475.0,FluSight-baseline
3,48,quantile,0.99,2025-05-03,wk inc flu hosp,2025-05-24,1838.0,FluSight-baseline
0,48,quantile,0.01,2025-05-10,wk inc flu hosp,2025-05-10,0.0,FluSight-baseline
0,48,quantile,0.025,2025-05-10,wk inc flu hosp,2025-05-10,0.0,FluSight-baseline
0,48,quantile,0.05,2025-05-10,wk inc flu hosp,2025-05-10,0.0,FluSight-baseline
0,48,quantile,0.1,2025-05-10,wk inc flu hosp,2025-05-10,0.0,FluSight-baseline
0,48,quantile,0.15,2025-05-10,wk inc flu hosp,2025-05-10,9.0,FluSight-baseline
0,48,quantile,0.2,2025-05-10,wk inc flu hosp,2025-05-10,63.0,FluSight-baseline
0,48,quantile,0.25,2025-05-10,wk inc flu hosp,2025-05-10,93.0,FluSight-baseline
0,48,quantile,0.3,2025-05-10,wk inc flu hosp,2025-05-10,138.0,FluSight-baseline
0,48,quantile,0.35,2025-05-10,wk inc flu hosp,2025-05-10,151.0,FluSight-baseline
0,48,quantile,0.4,2025-05-10,wk inc flu hosp,2025-05-10,160.0,FluSight-baseline
0,48,quantile,0.45,2025-05-10,wk inc flu hosp,2025-05-10,168.0,FluSight-baseline
0,48,quantile,0.5,2025-05-10,wk inc flu hosp,2025-05-10,176.0,FluSight-baseline
0,48,quantile,0.55,2025-05-10,wk inc flu hosp,2025-05-10,184.0,FluSight-baseline
0,48,quantile,0.6,2025-05-10,wk inc flu hosp,2025-05-10,192.0,FluSight-baseline
0,48,quantile,0.65,2025-05-10,wk inc flu hosp,2025-05-10,201.0,FluSight-baseline
0,48,quantile,0.7,2025-05-10,wk inc flu hosp,2025-05-10,214.0,FluSight-baseline
0,48,quantile,0.75,2025-05-10,wk inc flu hosp,2025-05-10,259.0,FluSight-baseline
0,48,quantile,0.8,2025-05-10,wk inc flu hosp,2025-05-10,289.0,FluSight-baseline
0,48,quantile,0.85,2025-05-10,wk inc flu hosp,2025-05-10,343.0,FluSight-baseline
0,48,quantile,0.9,2025-05-10,wk inc flu hosp,2025-05-10,450.0,FluSight-baseline
0,48,quantile,0.95,2025-05-10,wk inc flu hosp,2025-05-10,605.0,FluSight-baseline
0,48,quantile,0.975,2025-05-10,wk inc flu hosp,2025-05-10,716.0,FluSight-baseline
0,48,quantile,0.99,2025-05-10,wk inc flu hosp,2025-05-10,1053.0,FluSight-baseline
1,48,quantile,0.01,2025-05-10,wk inc flu hosp,2025-05-17,0.0,FluSight-baseline
1,48,quantile,0.025,2025-05-10,wk inc flu hosp,2025-05-17,0.0,FluSight-baseline
1,48,quantile,0.05,2025-05-10,wk inc flu hosp,2025-05-17,0.0,FluSight-baseline
1,48,quantile,0.1,2025-05-10,wk inc flu hosp,2025-05-17,0.0,FluSight-baseline
1,48,quantile,0.15,2025-05-10,wk inc flu hosp,2025-05-17,0.0,FluSight-baseline
1,48,quantile,0.2,2025-05-10,wk inc flu hosp,2025-05-17,4.0,FluSight-baseline
1,48,quantile,0.25,2025-05-10,wk inc flu hosp,2025-05-17,34.0,FluSight-baseline
1,48,quantile,0.3,2025-05-10,wk inc flu hosp,2025-05-17,73.0,FluSight-baseline
1,48,quantile,0.35,2025-05-10,wk inc flu hosp,2025-05-17,107.0,FluSight-baseline
1,48,quantile,0.4,2025-05-10,wk inc flu hosp,2025-05-17,137.0,FluSight-baseline
1,48,quantile,0.45,2025-05-10,wk inc flu hosp,2025-05-17,159.0,FluSight-baseline
1,48,quantile,0.5,2025-05-10,wk inc flu hosp,2025-05-17,176.0,FluSight-baseline
1,48,quantile,0.55,2025-05-10,wk inc flu hosp,2025-05-17,196.0,FluSight-baseline
1,48,quantile,0.6,2025-05-10,wk inc flu hosp,2025-05-17,222.0,FluSight-baseline
1,48,quantile,0.65,2025-05-10,wk inc flu hosp,2025-05-17,256.0,FluSight-baseline
1,48,quantile,0.7,2025-05-10,wk inc flu hosp,2025-05-17,294.0,FluSight-baseline
1,48,quantile,0.75,2025-05-10,wk inc flu hosp,2025-05-17,340.0,FluSight-baseline
1,48,quantile,0.8,2025-05-10,wk inc flu hosp,2025-05-17,405.0,FluSight-baseline
1,48,quantile,0.85,2025-05-10,wk inc flu hosp,2025-05-17,492.0,FluSight-baseline
1,48,quantile,0.9,2025-05-10,wk inc flu hosp,2025-05-17,601.0,FluSight-baseline
1,48,quantile,0.95,2025-05-10,wk inc flu hosp,2025-05-17,800.0,FluSight-baseline
1,48,quantile,0.975,2025-05-10,wk inc flu hosp,2025-05-17,1053.0,FluSight-baseline
1,48,quantile,0.99,2025-05-10,wk inc flu hosp,2025-05-17,1507.0,FluSight-baseline
2,48,quantile,0.01,2025-05-10,wk inc flu hosp,2025-05-24,0.0,FluSight-baseline
2,48,quantile,0.025,2025-05-10,wk inc flu hosp,2025-05-24,0.0,FluSight-baseline
2,48,quantile,0.05,2025-05-10,wk inc flu hosp,2025-05-24,0.0,FluSight-baseline
2,48,quantile,0.1,2025-05-10,wk inc flu hosp,2025-05-24,0.0,FluSight-baseline
2,48,quantile,0.15,2025-05-10,wk inc flu hosp,2025-05-24,0.0,FluSight-baseline
2,48,quantile,0.2,2025-05-10,wk inc flu hosp,2025-05-24,0.0,FluSight-baseline
2,48,quantile,0.25,2025-05-10,wk inc flu hosp,2025-05-24,0.0,FluSight-baseline
2,48,quantile,0.3,2025-05-10,wk inc flu hosp,2025-05-24,26.0,FluSight-baseline
2,48,quantile,0.35,2025-05-10,wk inc flu hosp,2025-05-24,68.0,FluSight-baseline
2,48,quantile,0.4,2025-05-10,wk inc flu hosp,2025-05-24,108.0,FluSight-baseline
2,48,quantile,0.45,2025-05-10,wk inc flu hosp,2025-05-24,144.0,FluSight-baseline
2,48,quantile,0.5,2025-05-10,wk inc flu hosp,2025-05-24,176.0,FluSight-baseline
2,48,quantile,0.55,2025-05-10,wk inc flu hosp,2025-05-24,210.0,FluSight-baseline
2,48,quantile,0.6,2025-05-10,wk inc flu hosp,2025-05-24,251.0,FluSight-baseline
2,48,quantile,0.65,2025-05-10,wk inc flu hosp,2025-05-24,296.0,FluSight-baseline
2,48,quantile,0.7,2025-05-10,wk inc flu hosp,2025-05-24,347.0,FluSight-baseline
2,48,quantile,0.75,2025-05-10,wk inc flu hosp,2025-05-24,411.0,FluSight-baseline
2,48,quantile,0.8,2025-05-10,wk inc flu hosp,2025-05-24,489.0,FluSight-baseline
2,48,quantile,0.85,2025-05-10,wk inc flu hosp,2025-05-24,582.0,FluSight-baseline
2,48,quantile,0.9,2025-05-10,wk inc flu hosp,2025-05-24,706.0,FluSight-baseline
2,48,quantile,0.95,2025-05-10,wk inc flu hosp,2025-05-24,978.0,FluSight-baseline
2,48,quantile,0.975,2025-05-10,wk inc flu hosp,2025-05-24,1257.0,FluSight-baseline
2,48,quantile,0.99,2025-05-10,wk inc flu hosp,2025-05-24,1664.0,FluSight-baseline
3,48,quantile,0.01,2025-05-10,wk inc flu hosp,2025-05-31,0.0,FluSight-baseline
3,48,quantile,0.025,2025-05-10,wk inc flu hosp,2025-05-31,0.0,FluSight-baseline
3,48,quantile,0.05,2025-05-10,wk inc flu hosp,2025-05-31,0.0,FluSight-baseline
3,48,quantile,0.1,2025-05-10,wk inc flu hosp,2025-05-31,0.0,FluSight-baseline
3,48,quantile,0.15,2025-05-10,wk inc flu hosp,2025-05-31,0.0,FluSight-baseline
3,48,quantile,0.2,2025-05-10,wk inc flu hosp,2025-05-31,0.0,FluSight-baseline
3,48,quantile,0.25,2025-05-10,wk inc flu hosp,2025-05-31,0.0,FluSight-baseline
3,48,quantile,0.3,2025-05-10,wk inc flu hosp,2025-05-31,0.0,FluSight-baseline
3,48,quantile,0.35,2025-05-10,wk inc flu hosp,2025-05-31,34.0,FluSight-baseline
3,48,quantile,0.4,2025-05-10,wk inc flu hosp,2025-05-31,83.0,FluSight-baseline
3,48,quantile,0.45,2025-05-10,wk inc flu hosp,2025-05-31,130.0,FluSight-baseline
3,48,quantile,0.5,2025-05-10,wk inc flu hosp,2025-05-31,176.0,FluSight-baseline
3,48,quantile,0.55,2025-05-10,wk inc flu hosp,2025-05-31,223.0,FluSight-baseline
3,48,quantile,0.6,2025-05-10,wk inc flu hosp,2025-05-31,274.0,FluSight-baseline
3,48,quantile,0.65,2025-05-10,wk inc flu hosp,2025-05-31,328.0,FluSight-baseline
3,48,quantile,0.7,2025-05-10,wk inc flu hosp,2025-05-31,392.0,FluSight-baseline
3,48,quantile,0.75,2025-05-10,wk inc flu hosp,2025-05-31,467.0,FluSight-baseline
3,48,quantile,0.8,2025-05-10,wk inc flu hosp,2025-05-31,554.0,FluSight-baseline
3,48,quantile,0.85,2025-05-10,wk inc flu hosp,2025-05-31,660.0,FluSight-baseline
3,48,quantile,0.9,2025-05-10,wk inc flu hosp,2025-05-31,816.0,FluSight-baseline
3,48,quantile,0.95,2025-05-10,wk inc flu hosp,2025-05-31,1103.0,FluSight-baseline
3,48,quantile,0.975,2025-05-10,wk inc flu hosp,2025-05-31,1417.0,FluSight-baseline
3,48,quantile,0.99,2025-05-10,wk inc flu hosp,2025-05-31,1786.0,FluSight-baseline
0,48,quantile,0.01,2025-05-17,wk inc flu hosp,2025-05-17,0.0,FluSight-baseline
0,48,quantile,0.025,2025-05-17,wk inc flu hosp,2025-05-17,0.0,FluSight-baseline
0,48,quantile,0.05,2025-05-17,wk inc flu hosp,2025-05-17,0.0,FluSight-baseline
0,48,quantile,0.1,2025-05-17,wk inc flu hosp,2025-05-17,0.0,FluSight-baseline
0,48,quantile,0.15,2025-05-17,wk inc flu hosp,2025-05-17,0.0,FluSight-baseline
0,48,quantile,0.2,2025-05-17,wk inc flu hosp,2025-05-17,46.0,FluSight-baseline
0,48,quantile,0.25,2025-05-17,wk inc flu hosp,2025-05-17,75.0,FluSight-baseline
0,48,quantile,0.3,2025-05-17,wk inc flu hosp,2025-05-17,120.0,FluSight-baseline
0,48,quantile,0.35,2025-05-17,wk inc flu hosp,2025-05-17,131.0,FluSight-baseline
0,48,quantile,0.4,2025-05-17,wk inc flu hosp,2025-05-17,140.0,FluSight-baseline
0,48,quantile,0.45,2025-05-17,wk inc flu hosp,2025-05-17,148.0,FluSight-baseline
0,48,quantile,0.5,2025-05-17,wk inc flu hosp,2025-05-17,156.0,FluSight-baseline
0,48,quantile,0.55,2025-05-17,wk inc flu hosp,2025-05-17,164.0,FluSight-baseline
0,48,quantile,0.6,2025-05-17,wk inc flu hosp,2025-05-17,172.0,FluSight-baseline
0,48,quantile,0.65,2025-05-17,wk inc flu hosp,2025-05-17,181.0,FluSight-baseline
0,48,quantile,0.7,2025-05-17,wk inc flu hosp,2025-05-17,192.0,FluSight-baseline
0,48,quantile,0.75,2025-05-17,wk inc flu hosp,2025-05-17,237.0,FluSight-baseline
0,48,quantile,0.8,2025-05-17,wk inc flu hosp,2025-05-17,267.0,FluSight-baseline
0,48,quantile,0.85,2025-05-17,wk inc flu hosp,2025-05-17,323.0,FluSight-baseline
0,48,quantile,0.9,2025-05-17,wk inc flu hosp,2025-05-17,428.0,FluSight-baseline
0,48,quantile,0.95,2025-05-17,wk inc flu hosp,2025-05-17,581.0,FluSight-baseline
0,48,quantile,0.975,2025-05-17,wk inc flu hosp,2025-05-17,690.0,FluSight-baseline
0,48,quantile,0.99,2025-05-17,wk inc flu hosp,2025-05-17,1033.0,FluSight-baseline
1,48,quantile,0.01,2025-05-17,wk inc flu hosp,2025-05-24,0.0,FluSight-baseline
1,48,quantile,0.025,2025-05-17,wk inc flu hosp,2025-05-24,0.0,FluSight-baseline
1,48,quantile,0.05,2025-05-17,wk inc flu hosp,2025-05-24,0.0,FluSight-baseline
1,48,quantile,0.1,2025-05-17,wk inc flu hosp,2025-05-24,0.0,FluSight-baseline
1,48,quantile,0.15,2025-05-17,wk inc flu hosp,2025-05-24,0.0,FluSight-baseline
1,48,quantile,0.2,2025-05-17,wk inc flu hosp,2025-05-24,0.0,FluSight-baseline
1,48,quantile,0.25,2025-05-17,wk inc flu hosp,2025-05-24,20.0,FluSight-baseline
1,48,quantile,0.3,2025-05-17,wk inc flu hosp,2025-05-24,54.0,FluSight-baseline
1,48,quantile,0.35,2025-05-17,wk inc flu hosp,2025-05-24,89.0,FluSight-baseline
1,48,quantile,0.4,2025-05-17,wk inc flu hosp,2025-05-24,118.0,FluSight-baseline
1,48,quantile,0.45,2025-05-17,wk inc flu hosp,2025-05-24,138.0,FluSight-baseline
1,48,quantile,0.5,2025-05-17,wk inc flu hosp,2025-05-24,156.0,FluSight-baseline
1,48,quantile,0.55,2025-05-17,wk inc flu hosp,2025-05-24,175.0,FluSight-baseline
1,48,quantile,0.6,2025-05-17,wk inc flu hosp,2025-05-24,200.0,FluSight-baseline
1,48,quantile,0.65,2025-05-17,wk inc flu hosp,2025-05-24,235.0,FluSight-baseline
1,48,quantile,0.7,2025-05-17,wk inc flu hosp,2025-05-24,272.0,FluSight-baseline
1,48,quantile,0.75,2025-05-17,wk inc flu hosp,2025-05-24,318.0,FluSight-baseline
1,48,quantile,0.8,2025-05-17,wk inc flu hosp,2025-05-24,384.0,FluSight-baseline
1,48,quantile,0.85,2025-05-17,wk inc flu hosp,2025-05-24,468.0,FluSight-baseline
1,48,quantile,0.9,2025-05-17,wk inc flu hosp,2025-05-24,575.0,FluSight-baseline
1,48,quantile,0.95,2025-05-17,wk inc flu hosp,2025-05-24,770.0,FluSight-baseline
1,48,quantile,0.975,2025-05-17,wk inc flu hosp,2025-05-24,1025.0,FluSight-baseline
1,48,quantile,0.99,2025-05-17,wk inc flu hosp,2025-05-24,1476.0,FluSight-baseline
2,48,quantile,0.01,2025-05-17,wk inc flu hosp,2025-05-31,0.0,FluSight-baseline
2,48,quantile,0.025,2025-05-17,wk inc flu hosp,2025-05-31,0.0,FluSight-baseline
2,48,quantile,0.05,2025-05-17,wk inc flu hosp,2025-05-31,0.0,FluSight-baseline
2,48,quantile,0.1,2025-05-17,wk inc flu hosp,2025-05-31,0.0,FluSight-baseline
2,48,quantile,0.15,2025-05-17,wk inc flu hosp,2025-05-31,0.0,FluSight-baseline
2,48,quantile,0.2,2025-05-17,wk inc flu hosp,2025-05-31,0.0,FluSight-baseline
2,48,quantile,0.25,2025-05-17,wk inc flu hosp,2025-05-31,0.0,FluSight-baseline
2,48,quantile,0.3,2025-05-17,wk inc flu hosp,2025-05-31,10.0,FluSight-baseline
2,48,quantile,0.35,2025-05-17,wk inc flu hosp,2025-05-31,51.0,FluSight-baseline
2,48,quantile,0.4,2025-05-17,wk inc flu hosp,2025-05-31,90.0,FluSight-baseline
2,48,quantile,0.45,2025-05-17,wk inc flu hosp,2025-05-31,124.0,FluSight-baseline
2,48,quantile,0.5,2025-05-17,wk inc flu hosp,2025-05-31,156.0,FluSight-baseline
2,48,quantile,0.55,2025-05-17,wk inc flu hosp,2025-05-31,191.0,FluSight-baseline
2,48,quantile,0.6,2025-05-17,wk inc flu hosp,2025-05-31,232.0,FluSight-baseline
2,48,quantile,0.65,2025-05-17,wk inc flu hosp,2025-05-31,274.0,FluSight-baseline
2,48,quantile,0.7,2025-05-17,wk inc flu hosp,2025-05-31,326.0,FluSight-baseline
2,48,quantile,0.75,2025-05-17,wk inc flu hosp,2025-05-31,389.0,FluSight-baseline
2,48,quantile,0.8,2025-05-17,wk inc flu hosp,2025-05-31,465.0,FluSight-baseline
2,48,quantile,0.85,2025-05-17,wk inc flu hosp,2025-05-31,556.0,FluSight-baseline
2,48,quantile,0.9,2025-05-17,wk inc flu hosp,2025-05-31,683.0,FluSight-baseline
2,48,quantile,0.95,2025-05-17,wk inc flu hosp,2025-05-31,951.0,FluSight-baseline
2,48,quantile,0.975,2025-05-17,wk inc flu hosp,2025-05-31,1245.0,FluSight-baseline
2,48,quantile,0.99,2025-05-17,wk inc flu hosp,2025-05-31,1645.0,FluSight-baseline
3,48,quantile,0.01,2025-05-17,wk inc flu hosp,2025-06-07,0.0,FluSight-baseline
3,48,quantile,0.025,2025-05-17,wk inc flu hosp,2025-06-07,0.0,FluSight-baseline
3,48,quantile,0.05,2025-05-17,wk inc flu hosp,2025-06-07,0.0,FluSight-baseline
3,48,quantile,0.1,2025-05-17,wk inc flu hosp,2025-06-07,0.0,FluSight-baseline
3,48,quantile,0.15,2025-05-17,wk inc flu hosp,2025-06-07,0.0,FluSight-baseline
3,48,quantile,0.2,2025-05-17,wk inc flu hosp,2025-06-07,0.0,FluSight-baseline
3,48,quantile,0.25,2025-05-17,wk inc flu hosp,2025-06-07,0.0,FluSight-baseline
3,48,quantile,0.3,2025-05-17,wk inc flu hosp,2025-06-07,0.0,FluSight-baseline
3,48,quantile,0.35,2025-05-17,wk inc flu hosp,2025-06-07,17.0,FluSight-baseline
3,48,quantile,0.4,2025-05-17,wk inc flu hosp,2025-06-07,66.0,FluSight-baseline
3,48,quantile,0.45,2025-05-17,wk inc flu hosp,2025-06-07,112.0,FluSight-baseline
3,48,quantile,0.5,2025-05-17,wk inc flu hosp,2025-06-07,156.0,FluSight-baseline
3,48,quantile,0.55,2025-05-17,wk inc flu hosp,2025-06-07,203.0,FluSight-baseline
3,48,quantile,0.6,2025-05-17,wk inc flu hosp,2025-06-07,253.0,FluSight-baseline
3,48,quantile,0.65,2025-05-17,wk inc flu hosp,2025-06-07,308.0,FluSight-baseline
3,48,quantile,0.7,2025-05-17,wk inc flu hosp,2025-06-07,372.0,FluSight-baseline
3,48,quantile,0.75,2025-05-17,wk inc flu hosp,2025-06-07,445.0,FluSight-baseline
3,48,quantile,0.8,2025-05-17,wk inc flu hosp,2025-06-07,528.0,FluSight-baseline
3,48,quantile,0.85,2025-05-17,wk inc flu hosp,2025-06-07,635.0,FluSight-baseline
3,48,quantile,0.9,2025-05-17,wk inc flu hosp,2025-06-07,793.0,FluSight-baseline
3,48,quantile,0.95,2025-05-17,wk inc flu hosp,2025-06-07,1077.0,FluSight-baseline
3,48,quantile,0.975,2025-05-17,wk inc flu hosp,2025-06-07,1408.0,FluSight-baseline
3,48,quantile,0.99,2025-05-17,wk inc flu hosp,2025-06-07,1773.0,FluSight-baseline
0,48,quantile,0.01,2025-05-24,wk inc flu hosp,2025-05-24,0.0,FluSight-baseline
0,48,quantile,0.025,2025-05-24,wk inc flu hosp,2025-05-24,0.0,FluSight-baseline
0,48,quantile,0.05,2025-05-24,wk inc flu hosp,2025-05-24,0.0,FluSight-baseline
0,48,quantile,0.1,2025-05-24,wk inc flu hosp,2025-05-24,0.0,FluSight-baseline
0,48,quantile,0.15,2025-05-24,wk inc flu hosp,2025-05-24,24.0,FluSight-baseline
0,48,quantile,0.2,2025-05-24,wk inc flu hosp,2025-05-24,81.0,FluSight-baseline
0,48,quantile,0.25,2025-05-24,wk inc flu hosp,2025-05-24,109.0,FluSight-baseline
0,48,quantile,0.3,2025-05-24,wk inc flu hosp,2025-05-24,155.0,FluSight-baseline
0,48,quantile,0.35,2025-05-24,wk inc flu hosp,2025-05-24,164.0,FluSight-baseline
0,48,quantile,0.4,2025-05-24,wk inc flu hosp,2025-05-24,172.0,FluSight-baseline
0,48,quantile,0.45,2025-05-24,wk inc flu hosp,2025-05-24,180.0,FluSight-baseline
0,48,quantile,0.5,2025-05-24,wk inc flu hosp,2025-05-24,189.0,FluSight-baseline
0,48,quantile,0.55,2025-05-24,wk inc flu hosp,2025-05-24,198.0,FluSight-baseline
0,48,quantile,0.6,2025-05-24,wk inc flu hosp,2025-05-24,206.0,FluSight-baseline
0,48,quantile,0.65,2025-05-24,wk inc flu hosp,2025-05-24,214.0,FluSight-baseline
0,48,quantile,0.7,2025-05-24,wk inc flu hosp,2025-05-24,223.0,FluSight-baseline
0,48,quantile,0.75,2025-05-24,wk inc flu hosp,2025-05-24,269.0,FluSight-baseline
0,48,quantile,0.8,2025-05-24,wk inc flu hosp,2025-05-24,297.0,FluSight-baseline
0,48,quantile,0.85,2025-05-24,wk inc flu hosp,2025-05-24,354.0,FluSight-baseline
0,48,quantile,0.9,2025-05-24,wk inc flu hosp,2025-05-24,457.0,FluSight-baseline
0,48,quantile,0.95,2025-05-24,wk inc flu hosp,2025-05-24,617.0,FluSight-baseline
0,48,quantile,0.975,2025-05-24,wk inc flu hosp,2025-05-24,719.0,FluSight-baseline
0,48,quantile,0.99,2025-05-24,wk inc flu hosp,2025-05-24,1063.0,FluSight-baseline
1,48,quantile,0.01,2025-05-24,wk inc flu hosp,2025-05-31,0.0,FluSight-baseline
1,48,quantile,0.025,2025-05-24,wk inc flu hosp,2025-05-31,0.0,FluSight-baseline
1,48,quantile,0.05,2025-05-24,wk inc flu hosp,2025-05-31,0.0,FluSight-baseline
1,48,quantile,0.1,2025-05-24,wk inc flu hosp,2025-05-31,0.0,FluSight-baseline
1,48,quantile,0.15,2025-05-24,wk inc flu hosp,2025-05-31,0.0,FluSight-baseline
1,48,quantile,0.2,2025-05-24,wk inc flu hosp,2025-05-31,13.0,FluSight-baseline
1,48,quantile,0.25,2025-05-24,wk inc flu hosp,2025-05-31,48.0,FluSight-baseline
1,48,quantile,0.3,2025-05-24,wk inc flu hosp,2025-05-31,87.0,FluSight-baseline
1,48,quantile,0.35,2025-05-24,wk inc flu hosp,2025-05-31,121.0,FluSight-baseline
1,48,quantile,0.4,2025-05-24,wk inc flu hosp,2025-05-31,151.0,FluSight-baseline
1,48,quantile,0.45,2025-05-24,wk inc flu hosp,2025-05-31,171.0,FluSight-baseline
1,48,quantile,0.5,2025-05-24,wk inc flu hosp,2025-05-31,189.0,FluSight-baseline
1,48,quantile,0.55,2025-05-24,wk inc flu hosp,2025-05-31,209.0,FluSight-baseline
1,48,quantile,0.6,2025-05-24,wk inc flu hosp,2025-05-31,233.0,FluSight-baseline
1,48,quantile,0.65,2025-05-24,wk inc flu hosp,2025-05-31,266.0,FluSight-baseline
1,48,quantile,0.7,2025-05-24,wk inc flu hosp,2025-05-31,305.0,FluSight-baseline
1,48,quantile,0.75,2025-05-24,wk inc flu hosp,2025-05-31,350.0,FluSight-baseline
1,48,quantile,0.8,2025-05-24,wk inc flu hosp,2025-05-31,414.0,FluSight-baseline
1,48,quantile,0.85,2025-05-24,wk inc flu hosp,2025-05-31,499.0,FluSight-baseline
1,48,quantile,0.9,2025-05-24,wk inc flu hosp,2025-05-31,611.0,FluSight-baseline
1,48,quantile,0.95,2025-05-24,wk inc flu hosp,2025-05-31,808.0,FluSight-baseline
1,48,quantile,0.975,2025-05-24,wk inc flu hosp,2025-05-31,1058.0,FluSight-baseline
1,48,quantile,0.99,2025-05-24,wk inc flu hosp,2025-05-31,1501.0,FluSight-baseline
2,48,quantile,0.01,2025-05-24,wk inc flu hosp,2025-06-07,0.0,FluSight-baseline
2,48,quantile,0.025,2025-05-24,wk inc flu hosp,2025-06-07,0.0,FluSight-baseline
2,48,quantile,0.05,2025-05-24,wk inc flu hosp,2025-06-07,0.0,FluSight-baseline
2,48,quantile,0.1,2025-05-24,wk inc flu hosp,2025-06-07,0.0,FluSight-baseline
2,48,quantile,0.15,2025-05-24,wk inc flu hosp,2025-06-07,0.0,FluSight-baseline
2,48,quantile,0.2,2025-05-24,wk inc flu hosp,2025-06-07,0.0,FluSight-baseline
2,48,quantile,0.25,2025-05-24,wk inc flu hosp,2025-06-07,0.0,FluSight-baseline
2,48,quantile,0.3,2025-05-24,wk inc flu hosp,2025-06-07,40.0,FluSight-baseline
2,48,quantile,0.35,2025-05-24,wk inc flu hosp,2025-06-07,83.0,FluSight-baseline
2,48,quantile,0.4,2025-05-24,wk inc flu hosp,2025-06-07,122.0,FluSight-baseline
2,48,quantile,0.45,2025-05-24,wk inc flu hosp,2025-06-07,158.0,FluSight-baseline
2,48,quantile,0.5,2025-05-24,wk inc flu hosp,2025-06-07,189.0,FluSight-baseline
2,48,quantile,0.55,2025-05-24,wk inc flu hosp,2025-06-07,222.0,FluSight-baseline
2,48,quantile,0.6,2025-05-24,wk inc flu hosp,2025-06-07,261.0,FluSight-baseline
2,48,quantile,0.65,2025-05-24,wk inc flu hosp,2025-06-07,306.0,FluSight-baseline
2,48,quantile,0.7,2025-05-24,wk inc flu hosp,2025-06-07,355.0,FluSight-baseline
2,48,quantile,0.75,2025-05-24,wk inc flu hosp,2025-06-07,420.0,FluSight-baseline
2,48,quantile,0.8,2025-05-24,wk inc flu hosp,2025-06-07,496.0,FluSight-baseline
2,48,quantile,0.85,2025-05-24,wk inc flu hosp,2025-06-07,591.0,FluSight-baseline
2,48,quantile,0.9,2025-05-24,wk inc flu hosp,2025-06-07,715.0,FluSight-baseline
2,48,quantile,0.95,2025-05-24,wk inc flu hosp,2025-06-07,979.0,FluSight-baseline
2,48,quantile,0.975,2025-05-24,wk inc flu hosp,2025-06-07,1271.0,FluSight-baseline
2,48,quantile,0.99,2025-05-24,wk inc flu hosp,2025-06-07,1662.0,FluSight-baseline
3,48,quantile,0.01,2025-05-24,wk inc flu hosp,2025-06-14,0.0,FluSight-baseline
3,48,quantile,0.025,2025-05-24,wk inc flu hosp,2025-06-14,0.0,FluSight-baseline
3,48,quantile,0.05,2025-05-24,wk inc flu hosp,2025-06-14,0.0,FluSight-baseline
3,48,quantile,0.1,2025-05-24,wk inc flu hosp,2025-06-14,0.0,FluSight-baseline
3,48,quantile,0.15,2025-05-24,wk inc flu hosp,2025-06-14,0.0,FluSight-baseline
3,48,quantile,0.2,2025-05-24,wk inc flu hosp,2025-06-14,0.0,FluSight-baseline
3,48,quantile,0.25,2025-05-24,wk inc flu hosp,2025-06-14,0.0,FluSight-baseline
3,48,quantile,0.3,2025-05-24,wk inc flu hosp,2025-06-14,0.0,FluSight-baseline
3,48,quantile,0.35,2025-05-24,wk inc flu hosp,2025-06-14,50.0,FluSight-baseline
3,48,quantile,0.4,2025-05-24,wk inc flu hosp,2025-06-14,98.0,FluSight-baseline
3,48,quantile,0.45,2025-05-24,wk inc flu hosp,2025-06-14,145.0,FluSight-baseline
3,48,quantile,0.5,2025-05-24,wk inc flu hosp,2025-06-14,189.0,FluSight-baseline
3,48,quantile,0.55,2025-05-24,wk inc flu hosp,2025-06-14,234.0,FluSight-baseline
3,48,quantile,0.6,2025-05-24,wk inc flu hosp,2025-06-14,284.0,FluSight-baseline
3,48,quantile,0.65,2025-05-24,wk inc flu hosp,2025-06-14,338.0,FluSight-baseline
3,48,quantile,0.7,2025-05-24,wk inc flu hosp,2025-06-14,401.0,FluSight-baseline
3,48,quantile,0.75,2025-05-24,wk inc flu hosp,2025-06-14,474.0,FluSight-baseline
3,48,quantile,0.8,2025-05-24,wk inc flu hosp,2025-06-14,560.0,FluSight-baseline
3,48,quantile,0.85,2025-05-24,wk inc flu hosp,2025-06-14,666.0,FluSight-baseline
3,48,quantile,0.9,2025-05-24,wk inc flu hosp,2025-06-14,823.0,FluSight-baseline
3,48,quantile,0.95,2025-05-24,wk inc flu hosp,2025-06-14,1111.0,FluSight-baseline
3,48,quantile,0.975,2025-05-24,wk inc flu hosp,2025-06-14,1427.0,FluSight-baseline
3,48,quantile,0.99,2025-05-24,wk inc flu hosp,2025-06-14,1797.0,FluSight-baseline
0,48,quantile,0.01,2025-05-31,wk inc flu hosp,2025-05-31,0.0,FluSight-baseline
0,48,quantile,0.025,2025-05-31,wk inc flu hosp,2025-05-31,0.0,FluSight-baseline
0,48,quantile,0.05,2025-05-31,wk inc flu hosp,2025-05-31,0.0,FluSight-baseline
0,48,quantile,0.1,2025-05-31,wk inc flu hosp,2025-05-31,0.0,FluSight-baseline
0,48,quantile,0.15,2025-05-31,wk inc flu hosp,2025-05-31,0.0,FluSight-baseline
0,48,quantile,0.2,2025-05-31,wk inc flu hosp,2025-05-31,20.0,FluSight-baseline
0,48,quantile,0.25,2025-05-31,wk inc flu hosp,2025-05-31,49.0,FluSight-baseline
0,48,quantile,0.3,2025-05-31,wk inc flu hosp,2025-05-31,90.0,FluSight-baseline
0,48,quantile,0.35,2025-05-31,wk inc flu hosp,2025-05-31,101.0,FluSight-baseline
0,48,quantile,0.4,2025-05-31,wk inc flu hosp,2025-05-31,109.0,FluSight-baseline
0,48,quantile,0.45,2025-05-31,wk inc flu hosp,2025-05-31,117.0,FluSight-baseline
0,48,quantile,0.5,2025-05-31,wk inc flu hosp,2025-05-31,126.0,FluSight-baseline
0,48,quantile,0.55,2025-05-31,wk inc flu hosp,2025-05-31,135.0,FluSight-baseline
0,48,quantile,0.6,2025-05-31,wk inc flu hosp,2025-05-31,143.0,FluSight-baseline
0,48,quantile,0.65,2025-05-31,wk inc flu hosp,2025-05-31,151.0,FluSight-baseline
0,48,quantile,0.7,2025-05-31,wk inc flu hosp,2025-05-31,161.0,FluSight-baseline
0,48,quantile,0.75,2025-05-31,wk inc flu hosp,2025-05-31,203.0,FluSight-baseline
0,48,quantile,0.8,2025-05-31,wk inc flu hosp,2025-05-31,232.0,FluSight-baseline
0,48,quantile,0.85,2025-05-31,wk inc flu hosp,2025-05-31,288.0,FluSight-baseline
0,48,quantile,0.9,2025-05-31,wk inc flu hosp,2025-05-31,390.0,FluSight-baseline
0,48,quantile,0.95,2025-05-31,wk inc flu hosp,2025-05-31,551.0,FluSight-baseline
0,48,quantile,0.975,2025-05-31,wk inc flu hosp,2025-05-31,650.0,FluSight-baseline
0,48,quantile,0.99,2025-05-31,wk inc flu hosp,2025-05-31,1000.0,FluSight-baseline
1,48,quantile,0.01,2025-05-31,wk inc flu hosp,2025-06-07,0.0,FluSight-baseline
1,48,quantile,0.025,2025-05-31,wk inc flu hosp,2025-06-07,0.0,FluSight-baseline
1,48,quantile,0.05,2025-05-31,wk inc flu hosp,2025-06-07,0.0,FluSight-baseline
1,48,quantile,0.1,2025-05-31,wk inc flu hosp,2025-06-07,0.0,FluSight-baseline
1,48,quantile,0.15,2025-05-31,wk inc flu hosp,2025-06-07,0.0,FluSight-baseline
1,48,quantile,0.2,2025-05-31,wk inc flu hosp,2025-06-07,0.0,FluSight-baseline
1,48,quantile,0.25,2025-05-31,wk inc flu hosp,2025-06-07,6.0,FluSight-baseline
1,48,quantile,0.3,2025-05-31,wk inc flu hosp,2025-06-07,31.0,FluSight-baseline
1,48,quantile,0.35,2025-05-31,wk inc flu hosp,2025-06-07,64.0,FluSight-baseline
1,48,quantile,0.4,2025-05-31,wk inc flu hosp,2025-06-07,90.0,FluSight-baseline
1,48,quantile,0.45,2025-05-31,wk inc flu hosp,2025-06-07,109.0,FluSight-baseline
1,48,quantile,0.5,2025-05-31,wk inc flu hosp,2025-06-07,126.0,FluSight-baseline
1,48,quantile,0.55,2025-05-31,wk inc flu hosp,2025-06-07,145.0,FluSight-baseline
1,48,quantile,0.6,2025-05-31,wk inc flu hosp,2025-06-07,170.0,FluSight-baseline
1,48,quantile,0.65,2025-05-31,wk inc flu hosp,2025-06-07,203.0,FluSight-baseline
1,48,quantile,0.7,2025-05-31,wk inc flu hosp,2025-06-07,240.0,FluSight-baseline
1,48,quantile,0.75,2025-05-31,wk inc flu hosp,2025-06-07,284.0,FluSight-baseline
1,48,quantile,0.8,2025-05-31,wk inc flu hosp,2025-06-07,352.0,FluSight-baseline
1,48,quantile,0.85,2025-05-31,wk inc flu hosp,2025-06-07,438.0,FluSight-baseline
1,48,quantile,0.9,2025-05-31,wk inc flu hosp,2025-06-07,540.0,FluSight-baseline
1,48,quantile,0.95,2025-05-31,wk inc flu hosp,2025-06-07,735.0,FluSight-baseline
1,48,quantile,0.975,2025-05-31,wk inc flu hosp,2025-06-07,990.0,FluSight-baseline
1,48,quantile,0.99,2025-05-31,wk inc flu hosp,2025-06-07,1458.0,FluSight-baseline
2,48,quantile,0.01,2025-05-31,wk inc flu hosp,2025-06-14,0.0,FluSight-baseline
2,48,quantile,0.025,2025-05-31,wk inc flu hosp,2025-06-14,0.0,FluSight-baseline
2,48,quantile,0.05,2025-05-31,wk inc flu hosp,2025-06-14,0.0,FluSight-baseline
2,48,quantile,0.1,2025-05-31,wk inc flu hosp,2025-06-14,0.0,FluSight-baseline
2,48,quantile,0.15,2025-05-31,wk inc flu hosp,2025-06-14,0.0,FluSight-baseline
2,48,quantile,0.2,2025-05-31,wk inc flu hosp,2025-06-14,0.0,FluSight-baseline
2,48,quantile,0.25,2025-05-31,wk inc flu hosp,2025-06-14,0.0,FluSight-baseline
2,48,quantile,0.3,2025-05-31,wk inc flu hosp,2025-06-14,0.0,FluSight-baseline
2,48,quantile,0.35,2025-05-31,wk inc flu hosp,2025-06-14,25.0,FluSight-baseline
2,48,quantile,0.4,2025-05-31,wk inc flu hosp,2025-06-14,62.0,FluSight-baseline
2,48,quantile,0.45,2025-05-31,wk inc flu hosp,2025-06-14,96.0,FluSight-baseline
2,48,quantile,0.5,2025-05-31,wk inc flu hosp,2025-06-14,127.0,FluSight-baseline
2,48,quantile,0.55,2025-05-31,wk inc flu hosp,2025-06-14,160.0,FluSight-baseline
2,48,quantile,0.6,2025-05-31,wk inc flu hosp,2025-06-14,198.0,FluSight-baseline
2,48,quantile,0.65,2025-05-31,wk inc flu hosp,2025-06-14,241.0,FluSight-baseline
2,48,quantile,0.7,2025-05-31,wk inc flu hosp,2025-06-14,292.0,FluSight-baseline
2,48,quantile,0.75,2025-05-31,wk inc flu hosp,2025-06-14,356.0,FluSight-baseline
2,48,quantile,0.8,2025-05-31,wk inc flu hosp,2025-06-14,432.0,FluSight-baseline
2,48,quantile,0.85,2025-05-31,wk inc flu hosp,2025-06-14,524.0,FluSight-baseline
2,48,quantile,0.9,2025-05-31,wk inc flu hosp,2025-06-14,647.0,FluSight-baseline
2,48,quantile,0.95,2025-05-31,wk inc flu hosp,2025-06-14,910.0,FluSight-baseline
2,48,quantile,0.975,2025-05-31,wk inc flu hosp,2025-06-14,1204.0,FluSight-baseline
2,48,quantile,0.99,2025-05-31,wk inc flu hosp,2025-06-14,1618.0,FluSight-baseline
3,48,quantile,0.01,2025-05-31,wk inc flu hosp,2025-06-21,0.0,FluSight-baseline
3,48,quantile,0.025,2025-05-31,wk inc flu hosp,2025-06-21,0.0,FluSight-baseline
3,48,quantile,0.05,2025-05-31,wk inc flu hosp,2025-06-21,0.0,FluSight-baseline
3,48,quantile,0.1,2025-05-31,wk inc flu hosp,2025-06-21,0.0,FluSight-baseline
3,48,quantile,0.15,2025-05-31,wk inc flu hosp,2025-06-21,0.0,FluSight-baseline
3,48,quantile,0.2,2025-05-31,wk inc flu hosp,2025-06-21,0.0,FluSight-baseline
3,48,quantile,0.25,2025-05-31,wk inc flu hosp,2025-06-21,0.0,FluSight-baseline
3,48,quantile,0.3,2025-05-31,wk inc flu hosp,2025-06-21,0.0,FluSight-baseline
3,48,quantile,0.35,2025-05-31,wk inc flu hosp,2025-06-21,0.0,FluSight-baseline
3,48,quantile,0.4,2025-05-31,wk inc flu hosp,2025-06-21,40.0,FluSight-baseline
3,48,quantile,0.45,2025-05-31,wk inc flu hosp,2025-06-21,83.0,FluSight-baseline
3,48,quantile,0.5,2025-05-31,wk inc flu hosp,2025-06-21,126.0,FluSight-baseline
3,48,quantile,0.55,2025-05-31,wk inc flu hosp,2025-06-21,171.0,FluSight-baseline
3,48,quantile,0.6,2025-05-31,wk inc flu hosp,2025-06-21,220.0,FluSight-baseline
3,48,quantile,0.65,2025-05-31,wk inc flu hosp,2025-06-21,274.0,FluSight-baseline
3,48,quantile,0.7,2025-05-31,wk inc flu hosp,2025-06-21,338.0,FluSight-baseline
3,48,quantile,0.75,2025-05-31,wk inc flu hosp,2025-06-21,411.0,FluSight-baseline
3,48,quantile,0.8,2025-05-31,wk inc flu hosp,2025-06-21,495.0,FluSight-baseline
3,48,quantile,0.85,2025-05-31,wk inc flu hosp,2025-06-21,599.0,FluSight-baseline
3,48,quantile,0.9,2025-05-31,wk inc flu hosp,2025-06-21,753.0,FluSight-baseline
3,48,quantile,0.95,2025-05-31,wk inc flu hosp,2025-06-21,1040.0,FluSight-baseline
3,48,quantile,0.975,2025-05-31,wk inc flu hosp,2025-06-21,1368.0,FluSight-baseline
3,48,quantile,0.99,2025-05-31,wk inc flu hosp,2025-06-21,1726.0,FluSight-baseline
0,48,quantile,0.01,2025-11-22,wk inc flu hosp,2025-11-22,0.0,FluSight-baseline
0,48,quantile,0.025,2025-11-22,wk inc flu hosp,2025-11-22,0.0,FluSight-baseline
0,48,quantile,0.05,2025-11-22,wk inc flu hosp,2025-11-22,0.0,FluSight-baseline
0,48,quantile,0.1,2025-11-22,wk inc flu hosp,2025-11-22,66.0,FluSight-baseline
0,48,quantile,0.15,2025-11-22,wk inc flu hosp,2025-11-22,140.0,FluSight-baseline
0,48,quantile,0.2,2025-11-22,wk inc flu hosp,2025-11-22,186.0,FluSight-baseline
0,48,quantile,0.25,2025-11-22,wk inc flu hosp,2025-11-22,232.0,FluSight-baseline
0,48,quantile,0.3,2025-11-22,wk inc flu hosp,2025-11-22,245.0,FluSight-baseline
0,48,quantile,0.35,2025-11-22,wk inc flu hosp,2025-11-22,252.0,FluSight-baseline
0,48,quantile,0.4,2025-11-22,wk inc flu hosp,2025-11-22,258.0,FluSight-baseline
0,48,quantile,0.45,2025-11-22,wk inc flu hosp,2025-11-22,265.0,FluSight-baseline
0,48,quantile,0.5,2025-11-22,wk inc flu hosp,2025-11-22,270.0,FluSight-baseline
0,48,quantile,0.55,2025-11-22,wk inc flu hosp,2025-11-22,275.0,FluSight-baseline
0,48,quantile,0.6,2025-11-22,wk inc flu hosp,2025-11-22,282.0,FluSight-baseline
0,48,quantile,0.65,2025-11-22,wk inc flu hosp,2025-11-22,288.0,FluSight-baseline
0,48,quantile,0.7,2025-11-22,wk inc flu hosp,2025-11-22,295.0,FluSight-baseline
0,48,quantile,0.75,2025-11-22,wk inc flu hosp,2025-11-22,308.0,FluSight-baseline
0,48,quantile,0.8,2025-11-22,wk inc flu hosp,2025-11-22,354.0,FluSight-baseline
0,48,quantile,0.85,2025-11-22,wk inc flu hosp,2025-11-22,400.0,FluSight-baseline
0,48,quantile,0.9,2025-11-22,wk inc flu hosp,2025-11-22,474.0,FluSight-baseline
0,48,quantile,0.95,2025-11-22,wk inc flu hosp,2025-11-22,652.0,FluSight-baseline
0,48,quantile,0.975,2025-11-22,wk inc flu hosp,2025-11-22,744.0,FluSight-baseline
0,48,quantile,0.99,2025-11-22,wk inc flu hosp,2025-11-22,1148.0,FluSight-baseline
1,48,quantile,0.01,2025-11-22,wk inc flu hosp,2025-11-29,0.0,FluSight-baseline
1,48,quantile,0.025,2025-11-22,wk inc flu hosp,2025-11-29,0.0,FluSight-baseline
1,48,quantile,0.05,2025-11-22,wk inc flu hosp,2025-11-29,0.0,FluSight-baseline
1,48,quantile,0.1,2025-11-22,wk inc flu hosp,2025-11-29,0.0,FluSight-baseline
1,48,quantile,0.15,2025-11-22,wk inc flu hosp,2025-11-29,33.0,FluSight-baseline
1,48,quantile,0.2,2025-11-22,wk inc flu hosp,2025-11-29,105.0,FluSight-baseline
1,48,quantile,0.25,2025-11-22,wk inc flu hosp,2025-11-29,153.0,FluSight-baseline
1,48,quantile,0.3,2025-11-22,wk inc flu hosp,2025-11-29,191.0,FluSight-baseline
1,48,quantile,0.35,2025-11-22,wk inc flu hosp,2025-11-29,222.0,FluSight-baseline
1,48,quantile,0.4,2025-11-22,wk inc flu hosp,2025-11-29,243.0,FluSight-baseline
1,48,quantile,0.45,2025-11-22,wk inc flu hosp,2025-11-29,257.0,FluSight-baseline
1,48,quantile,0.5,2025-11-22,wk inc flu hosp,2025-11-29,270.0,FluSight-baseline
1,48,quantile,0.55,2025-11-22,wk inc flu hosp,2025-11-29,283.0,FluSight-baseline
1,48,quantile,0.6,2025-11-22,wk inc flu hosp,2025-11-29,299.0,FluSight-baseline
1,48,quantile,0.65,2025-11-22,wk inc flu hosp,2025-11-29,320.0,FluSight-baseline
1,48,quantile,0.7,2025-11-22,wk inc flu hosp,2025-11-29,353.0,FluSight-baseline
1,48,quantile,0.75,2025-11-22,wk inc flu hosp,2025-11-29,391.0,FluSight-baseline
1,48,quantile,0.8,2025-11-22,wk inc flu hosp,2025-11-29,443.0,FluSight-baseline
1,48,quantile,0.85,2025-11-22,wk inc flu hosp,2025-11-29,529.0,FluSight-baseline
1,48,quantile,0.9,2025-11-22,wk inc flu hosp,2025-11-29,645.0,FluSight-baseline
1,48,quantile,0.95,2025-11-22,wk inc flu hosp,2025-11-29,791.0,FluSight-baseline
1,48,quantile,0.975,2025-11-22,wk inc flu hosp,2025-11-29,1077.0,FluSight-baseline
1,48,quantile,0.99,2025-11-22,wk inc flu hosp,2025-11-29,1474.0,FluSight-baseline
2,48,quantile,0.01,2025-11-22,wk inc flu hosp,2025-12-06,0.0,FluSight-baseline
2,48,quantile,0.025,2025-11-22,wk inc flu hosp,2025-12-06,0.0,FluSight-baseline
2,48,quantile,0.05,2025-11-22,wk inc flu hosp,2025-12-06,0.0,FluSight-baseline
2,48,quantile,0.1,2025-11-22,wk inc flu hosp,2025-12-06,0.0,FluSight-baseline
2,48,quantile,0.15,2025-11-22,wk inc flu hosp,2025-12-06,0.0,FluSight-baseline
2,48,quantile,0.2,2025-11-22,wk inc flu hosp,2025-12-06,34.0,FluSight-baseline
2,48,quantile,0.25,2025-11-22,wk inc flu hosp,2025-12-06,98.0,FluSight-baseline
2,48,quantile,0.3,2025-11-22,wk inc flu hosp,2025-12-06,145.0,FluSight-baseline
2,48,quantile,0.35,2025-11-22,wk inc flu hosp,2025-12-06,185.0,FluSight-baseline
2,48,quantile,0.4,2025-11-22,wk inc flu hosp,2025-12-06,220.0,FluSight-baseline
2,48,quantile,0.45,2025-11-22,wk inc flu hosp,2025-12-06,247.0,FluSight-baseline
2,48,quantile,0.5,2025-11-22,wk inc flu hosp,2025-12-06,270.0,FluSight-baseline
2,48,quantile,0.55,2025-11-22,wk inc flu hosp,2025-12-06,294.0,FluSight-baseline
2,48,quantile,0.6,2025-11-22,wk inc flu hosp,2025-12-06,323.0,FluSight-baseline
2,48,quantile,0.65,2025-11-22,wk inc flu hosp,2025-12-06,359.0,FluSight-baseline
2,48,quantile,0.7,2025-11-22,wk inc flu hosp,2025-12-06,402.0,FluSight-baseline
2,48,quantile,0.75,2025-11-22,wk inc flu hosp,2025-12-06,455.0,FluSight-baseline
2,48,quantile,0.8,2025-11-22,wk inc flu hosp,2025-12-06,528.0,FluSight-baseline
2,48,quantile,0.85,2025-11-22,wk inc flu hosp,2025-12-06,621.0,FluSight-baseline
2,48,quantile,0.9,2025-11-22,wk inc flu hosp,2025-12-06,730.0,FluSight-baseline
2,48,quantile,0.95,2025-11-22,wk inc flu hosp,2025-12-06,974.0,FluSight-baseline
2,48,quantile,0.975,2025-11-22,wk inc flu hosp,2025-12-06,1242.0,FluSight-baseline
2,48,quantile,0.99,2025-11-22,wk inc flu hosp,2025-12-06,1695.0,FluSight-baseline
3,48,quantile,0.01,2025-11-22,wk inc flu hosp,2025-12-13,0.0,FluSight-baseline
3,48,quantile,0.025,2025-11-22,wk inc flu hosp,2025-12-13,0.0,FluSight-baseline
3,48,quantile,0.05,2025-11-22,wk inc flu hosp,2025-12-13,0.0,FluSight-baseline
3,48,quantile,0.1,2025-11-22,wk inc flu hosp,2025-12-13,0.0,FluSight-baseline
3,48,quantile,0.15,2025-11-22,wk inc flu hosp,2025-12-13,0.0,FluSight-baseline
3,48,quantile,0.2,2025-11-22,wk inc flu hosp,2025-12-13,0.0,FluSight-baseline
3,48,quantile,0.25,2025-11-22,wk inc flu hosp,2025-12-13,46.0,FluSight-baseline
3,48,quantile,0.3,2025-11-22,wk inc flu hosp,2025-12-13,106.0,FluSight-baseline
3,48,quantile,0.35,2025-11-22,wk inc flu hosp,2025-12-13,155.0,FluSight-baseline
3,48,quantile,0.4,2025-11-22,wk inc flu hosp,2025-12-13,199.0,FluSight-baseline
3,48,quantile,0.45,2025-11-22,wk inc flu hosp,2025-12-13,237.0,FluSight-baseline
3,48,quantile,0.5,2025-11-22,wk inc flu hosp,2025-12-13,270.0,FluSight-baseline
3,48,quantile,0.55,2025-11-22,wk inc flu hosp,2025-12-13,305.0,FluSight-baseline
3,48,quantile,0.6,2025-11-22,wk inc flu hosp,2025-12-13,345.0,FluSight-baseline
3,48,quantile,0.65,2025-11-22,wk inc flu hosp,2025-12-13,391.0,FluSight-baseline
3,48,quantile,0.7,2025-11-22,wk inc flu hosp,2025-12-13,445.0,FluSight-baseline
3,48,quantile,0.75,2025-11-22,wk inc flu hosp,2025-12-13,511.0,FluSight-baseline
3,48,quantile,0.8,2025-11-22,wk inc flu hosp,2025-12-13,589.0,FluSight-baseline
3,48,quantile,0.85,2025-11-22,wk inc flu hosp,2025-12-13,687.0,FluSight-baseline
3,48,quantile,0.9,2025-11-22,wk inc flu hosp,2025-12-13,822.0,FluSight-baseline
3,48,quantile,0.95,2025-11-22,wk inc flu hosp,2025-12-13,1101.0,FluSight-baseline
3,48,quantile,0.975,2025-11-22,wk inc flu hosp,2025-12-13,1415.0,FluSight-baseline
3,48,quantile,0.99,2025-11-22,wk inc flu hosp,2025-12-13,1817.0,FluSight-baseline
0,48,quantile,0.01,2025-11-29,wk inc flu hosp,2025-11-29,0.0,FluSight-baseline
0,48,quantile,0.025,2025-11-29,wk inc flu hosp,2025-11-29,0.0,FluSight-baseline
0,48,quantile,0.05,2025-11-29,wk inc flu hosp,2025-11-29,30.0,FluSight-baseline
0,48,quantile,0.1,2025-11-29,wk inc flu hosp,2025-11-29,215.0,FluSight-baseline
0,48,quantile,0.15,2025-11-29,wk inc flu hosp,2025-11-29,282.0,FluSight-baseline
0,48,quantile,0.2,2025-11-29,wk inc flu hosp,2025-11-29,326.0,FluSight-baseline
0,48,quantile,0.25,2025-11-29,wk inc flu hosp,2025-11-29,373.0,FluSight-baseline
0,48,quantile,0.3,2025-11-29,wk inc flu hosp,2025-11-29,387.0,FluSight-baseline
0,48,quantile,0.35,2025-11-29,wk inc flu hosp,2025-11-29,394.0,FluSight-baseline
0,48,quantile,0.4,2025-11-29,wk inc flu hosp,2025-11-29,400.0,FluSight-baseline
0,48,quantile,0.45,2025-11-29,wk inc flu hosp,2025-11-29,407.0,FluSight-baseline
0,48,quantile,0.5,2025-11-29,wk inc flu hosp,2025-11-29,412.0,FluSight-baseline
0,48,quantile,0.55,2025-11-29,wk inc flu hosp,2025-11-29,417.0,FluSight-baseline
0,48,quantile,0.6,2025-11-29,wk inc flu hosp,2025-11-29,424.0,FluSight-baseline
0,48,quantile,0.65,2025-11-29,wk inc flu hosp,2025-11-29,430.0,FluSight-baseline
0,48,quantile,0.7,2025-11-29,wk inc flu hosp,2025-11-29,437.0,FluSight-baseline
0,48,quantile,0.75,2025-11-29,wk inc flu hosp,2025-11-29,451.0,FluSight-baseline
0,48,quantile,0.8,2025-11-29,wk inc flu hosp,2025-11-29,498.0,FluSight-baseline
0,48,quantile,0.85,2025-11-29,wk inc flu hosp,2025-11-29,542.0,FluSight-baseline
0,48,quantile,0.9,2025-11-29,wk inc flu hosp,2025-11-29,609.0,FluSight-baseline
0,48,quantile,0.95,2025-11-29,wk inc flu hosp,2025-11-29,794.0,FluSight-baseline
0,48,quantile,0.975,2025-11-29,wk inc flu hosp,2025-11-29,886.0,FluSight-baseline
0,48,quantile,0.99,2025-11-29,wk inc flu hosp,2025-11-29,1289.0,FluSight-baseline
1,48,quantile,0.01,2025-11-29,wk inc flu hosp,2025-12-06,0.0,FluSight-baseline
1,48,quantile,0.025,2025-11-29,wk inc flu hosp,2025-12-06,0.0,FluSight-baseline
1,48,quantile,0.05,2025-11-29,wk inc flu hosp,2025-12-06,0.0,FluSight-baseline
1,48,quantile,0.1,2025-11-29,wk inc flu hosp,2025-12-06,50.0,FluSight-baseline
1,48,quantile,0.15,2025-11-29,wk inc flu hosp,2025-12-06,159.0,FluSight-baseline
1,48,quantile,0.2,2025-11-29,wk inc flu hosp,2025-12-06,243.0,FluSight-baseline
1,48,quantile,0.25,2025-11-29,wk inc flu hosp,2025-12-06,291.0,FluSight-baseline
1,48,quantile,0.3,2025-11-29,wk inc flu hosp,2025-12-06,330.0,FluSight-baseline
1,48,quantile,0.35,2025-11-29,wk inc flu hosp,2025-12-06,363.0,FluSight-baseline
1,48,quantile,0.4,2025-11-29,wk inc flu hosp,2025-12-06,384.0,FluSight-baseline
1,48,quantile,0.45,2025-11-29,wk inc flu hosp,2025-12-06,399.0,FluSight-baseline
1,48,quantile,0.5,2025-11-29,wk inc flu hosp,2025-12-06,412.0,FluSight-baseline
1,48,quantile,0.55,2025-11-29,wk inc flu hosp,2025-12-06,425.0,FluSight-baseline
1,48,quantile,0.6,2025-11-29,wk inc flu hosp,2025-12-06,441.0,FluSight-baseline
1,48,quantile,0.65,2025-11-29,wk inc flu hosp,2025-12-06,462.0,FluSight-baseline
1,48,quantile,0.7,2025-11-29,wk inc flu hosp,2025-12-06,495.0,FluSight-baseline
1,48,quantile,0.75,2025-11-29,wk inc flu hosp,2025-12-06,535.0,FluSight-baseline
1,48,quantile,0.8,2025-11-29,wk inc flu hosp,2025-12-06,584.0,FluSight-baseline
1,48,quantile,0.85,2025-11-29,wk inc flu hosp,2025-12-06,670.0,FluSight-baseline
1,48,quantile,0.9,2025-11-29,wk inc flu hosp,2025-12-06,783.0,FluSight-baseline
1,48,quantile,0.95,2025-11-29,wk inc flu hosp,2025-12-06,925.0,FluSight-baseline
1,48,quantile,0.975,2025-11-29,wk inc flu hosp,2025-12-06,1218.0,FluSight-baseline
1,48,quantile,0.99,2025-11-29,wk inc flu hosp,2025-12-06,1633.0,FluSight-baseline
2,48,quantile,0.01,2025-11-29,wk inc flu hosp,2025-12-13,0.0,FluSight-baseline
2,48,quantile,0.025,2025-11-29,wk inc flu hosp,2025-12-13,0.0,FluSight-baseline
2,48,quantile,0.05,2025-11-29,wk inc flu hosp,2025-12-13,0.0,FluSight-baseline
2,48,quantile,0.1,2025-11-29,wk inc flu hosp,2025-12-13,0.0,FluSight-baseline
2,48,quantile,0.15,2025-11-29,wk inc flu hosp,2025-12-13,72.0,FluSight-baseline
2,48,quantile,0.2,2025-11-29,wk inc flu hosp,2025-12-13,159.0,FluSight-baseline
2,48,quantile,0.25,2025-11-29,wk inc flu hosp,2025-12-13,230.0,FluSight-baseline
2,48,quantile,0.3,2025-11-29,wk inc flu hosp,2025-12-13,282.0,FluSight-baseline
2,48,quantile,0.35,2025-11-29,wk inc flu hosp,2025-12-13,324.0,FluSight-baseline
2,48,quantile,0.4,2025-11-29,wk inc flu hosp,2025-12-13,360.0,FluSight-baseline
2,48,quantile,0.45,2025-11-29,wk inc flu hosp,2025-12-13,388.0,FluSight-baseline
2,48,quantile,0.5,2025-11-29,wk inc flu hosp,2025-12-13,412.0,FluSight-baseline
2,48,quantile,0.55,2025-11-29,wk inc flu hosp,2025-12-13,436.0,FluSight-baseline
2,48,quantile,0.6,2025-11-29,wk inc flu hosp,2025-12-13,464.0,FluSight-baseline
2,48,quantile,0.65,2025-11-29,wk inc flu hosp,2025-12-13,501.0,FluSight-baseline
2,48,quantile,0.7,2025-11-29,wk inc flu hosp,2025-12-13,544.0,FluSight-baseline
2,48,quantile,0.75,2025-11-29,wk inc flu hosp,2025-12-13,596.0,FluSight-baseline
2,48,quantile,0.8,2025-11-29,wk inc flu hosp,2025-12-13,672.0,FluSight-baseline
2,48,quantile,0.85,2025-11-29,wk inc flu hosp,2025-12-13,764.0,FluSight-baseline
2,48,quantile,0.9,2025-11-29,wk inc flu hosp,2025-12-13,873.0,FluSight-baseline
2,48,quantile,0.95,2025-11-29,wk inc flu hosp,2025-12-13,1107.0,FluSight-baseline
2,48,quantile,0.975,2025-11-29,wk inc flu hosp,2025-12-13,1372.0,FluSight-baseline
2,48,quantile,0.99,2025-11-29,wk inc flu hosp,2025-12-13,1839.0,FluSight-baseline
3,48,quantile,0.01,2025-11-29,wk inc flu hosp,2025-12-20,0.0,FluSight-baseline
3,48,quantile,0.025,2025-11-29,wk inc flu hosp,2025-12-20,0.0,FluSight-baseline
3,48,quantile,0.05,2025-11-29,wk inc flu hosp,2025-12-20,0.0,FluSight-baseline
3,48,quantile,0.1,2025-11-29,wk inc flu hosp,2025-12-20,0.0,FluSight-baseline
3,48,quantile,0.15,2025-11-29,wk inc flu hosp,2025-12-20,10.0,FluSight-baseline
3,48,quantile,0.2,2025-11-29,wk inc flu hosp,2025-12-20,99.0,FluSight-baseline
3,48,quantile,0.25,2025-11-29,wk inc flu hosp,2025-12-20,177.0,FluSight-baseline
3,48,quantile,0.3,2025-11-29,wk inc flu hosp,2025-12-20,241.0,FluSight-baseline
3,48,quantile,0.35,2025-11-29,wk inc flu hosp,2025-12-20,293.0,FluSight-baseline
3,48,quantile,0.4,2025-11-29,wk inc flu hosp,2025-12-20,338.0,FluSight-baseline
3,48,quantile,0.45,2025-11-29,wk inc flu hosp,2025-12-20,377.0,FluSight-baseline
3,48,quantile,0.5,2025-11-29,wk inc flu hosp,2025-12-20,412.0,FluSight-baseline
3,48,quantile,0.55,2025-11-29,wk inc flu hosp,2025-12-20,447.0,FluSight-baseline
3,48,quantile,0.6,2025-11-29,wk inc flu hosp,2025-12-20,486.0,FluSight-baseline
3,48,quantile,0.65,2025-11-29,wk inc flu hosp,2025-12-20,532.0,FluSight-baseline
3,48,quantile,0.7,2025-11-29,wk inc flu hosp,2025-12-20,586.0,FluSight-baseline
3,48,quantile,0.75,2025-11-29,wk inc flu hosp,2025-12-20,652.0,FluSight-baseline
3,48,quantile,0.8,2025-11-29,wk inc flu hosp,2025-12-20,733.0,FluSight-baseline
3,48,quantile,0.85,2025-11-29,wk inc flu hosp,2025-12-20,830.0,FluSight-baseline
3,48,quantile,0.9,2025-11-29,wk inc flu hosp,2025-12-20,963.0,FluSight-baseline
3,48,quantile,0.95,2025-11-29,wk inc flu hosp,2025-12-20,1243.0,FluSight-baseline
3,48,quantile,0.975,2025-11-29,wk inc flu hosp,2025-12-20,1557.0,FluSight-baseline
3,48,quantile,0.99,2025-11-29,wk inc flu hosp,2025-12-20,1959.0,FluSight-baseline
0,48,quantile,0.01,2025-12-06,wk inc flu hosp,2025-12-06,0.0,FluSight-baseline
0,48,quantile,0.025,2025-12-06,wk inc flu hosp,2025-12-06,73.0,FluSight-baseline
0,48,quantile,0.05,2025-12-06,wk inc flu hosp,2025-12-06,166.0,FluSight-baseline
0,48,quantile,0.1,2025-12-06,wk inc flu hosp,2025-12-06,357.0,FluSight-baseline
0,48,quantile,0.15,2025-12-06,wk inc flu hosp,2025-12-06,417.0,FluSight-baseline
0,48,quantile,0.2,2025-12-06,wk inc flu hosp,2025-12-06,461.0,FluSight-baseline
0,48,quantile,0.25,2025-12-06,wk inc flu hosp,2025-12-06,508.0,FluSight-baseline
0,48,quantile,0.3,2025-12-06,wk inc flu hosp,2025-12-06,521.0,FluSight-baseline
0,48,quantile,0.35,2025-12-06,wk inc flu hosp,2025-12-06,529.0,FluSight-baseline
0,48,quantile,0.4,2025-12-06,wk inc flu hosp,2025-12-06,535.0,FluSight-baseline
0,48,quantile,0.45,2025-12-06,wk inc flu hosp,2025-12-06,542.0,FluSight-baseline
0,48,quantile,0.5,2025-12-06,wk inc flu hosp,2025-12-06,547.0,FluSight-baseline
0,48,quantile,0.55,2025-12-06,wk inc flu hosp,2025-12-06,552.0,FluSight-baseline
0,48,quantile,0.6,2025-12-06,wk inc flu hosp,2025-12-06,559.0,FluSight-baseline
0,48,quantile,0.65,2025-12-06,wk inc flu hosp,2025-12-06,565.0,FluSight-baseline
0,48,quantile,0.7,2025-12-06,wk inc flu hosp,2025-12-06,573.0,FluSight-baseline
0,48,quantile,0.75,2025-12-06,wk inc flu hosp,2025-12-06,586.0,FluSight-baseline
0,48,quantile,0.8,2025-12-06,wk inc flu hosp,2025-12-06,633.0,FluSight-baseline
0,48,quantile,0.85,2025-12-06,wk inc flu hosp,2025-12-06,677.0,FluSight-baseline
0,48,quantile,0.9,2025-12-06,wk inc flu hosp,2025-12-06,737.0,FluSight-baseline
0,48,quantile,0.95,2025-12-06,wk inc flu hosp,2025-12-06,928.0,FluSight-baseline
0,48,quantile,0.975,2025-12-06,wk inc flu hosp,2025-12-06,1021.0,FluSight-baseline
0,48,quantile,0.99,2025-12-06,wk inc flu hosp,2025-12-06,1423.0,FluSight-baseline
1,48,quantile,0.01,2025-12-06,wk inc flu hosp,2025-12-13,0.0,FluSight-baseline
1,48,quantile,0.025,2025-12-06,wk inc flu hosp,2025-12-13,0.0,FluSight-baseline
1,48,quantile,0.05,2025-12-06,wk inc flu hosp,2025-12-13,48.0,FluSight-baseline
1,48,quantile,0.1,2025-12-06,wk inc flu hosp,2025-12-13,177.0,FluSight-baseline
1,48,quantile,0.15,2025-12-06,wk inc flu hosp,2025-12-13,293.0,FluSight-baseline
1,48,quantile,0.2,2025-12-06,wk inc flu hosp,2025-12-13,377.0,FluSight-baseline
1,48,quantile,0.25,2025-12-06,wk inc flu hosp,2025-12-13,425.0,FluSight-baseline
1,48,quantile,0.3,2025-12-06,wk inc flu hosp,2025-12-13,464.0,FluSight-baseline
1,48,quantile,0.35,2025-12-06,wk inc flu hosp,2025-12-13,497.0,FluSight-baseline
1,48,quantile,0.4,2025-12-06,wk inc flu hosp,2025-12-13,518.0,FluSight-baseline
1,48,quantile,0.45,2025-12-06,wk inc flu hosp,2025-12-13,534.0,FluSight-baseline
1,48,quantile,0.5,2025-12-06,wk inc flu hosp,2025-12-13,547.0,FluSight-baseline
1,48,quantile,0.55,2025-12-06,wk inc flu hosp,2025-12-13,560.0,FluSight-baseline
1,48,quantile,0.6,2025-12-06,wk inc flu hosp,2025-12-13,576.0,FluSight-baseline
1,48,quantile,0.65,2025-12-06,wk inc flu hosp,2025-12-13,598.0,FluSight-baseline
1,48,quantile,0.7,2025-12-06,wk inc flu hosp,2025-12-13,632.0,FluSight-baseline
1,48,quantile,0.75,2025-12-06,wk inc flu hosp,2025-12-13,671.0,FluSight-baseline
1,48,quantile,0.8,2025-12-06,wk inc flu hosp,2025-12-13,718.0,FluSight-baseline
1,48,quantile,0.85,2025-12-06,wk inc flu hosp,2025-12-13,802.0,FluSight-baseline
1,48,quantile,0.9,2025-12-06,wk inc flu hosp,2025-12-13,919.0,FluSight-baseline
1,48,quantile,0.95,2025-12-06,wk inc flu hosp,2025-12-13,1063.0,FluSight-baseline
1,48,quantile,0.975,2025-12-06,wk inc flu hosp,2025-12-13,1344.0,FluSight-baseline
1,48,quantile,0.99,2025-12-06,wk inc flu hosp,2025-12-13,1766.0,FluSight-baseline
2,48,quantile,0.01,2025-12-06,wk inc flu hosp,2025-12-20,0.0,FluSight-baseline
2,48,quantile,0.025,2025-12-06,wk inc flu hosp,2025-12-20,0.0,FluSight-baseline
2,48,quantile,0.05,2025-12-06,wk inc flu hosp,2025-12-20,0.0,FluSight-baseline
2,48,quantile,0.1,2025-12-06,wk inc flu hosp,2025-12-20,96.0,FluSight-baseline
2,48,quantile,0.15,2025-12-06,wk inc flu hosp,2025-12-20,203.0,FluSight-baseline
2,48,quantile,0.2,2025-12-06,wk inc flu hosp,2025-12-20,294.0,FluSight-baseline
2,48,quantile,0.25,2025-12-06,wk inc flu hosp,2025-12-20,366.0,FluSight-baseline
2,48,quantile,0.3,2025-12-06,wk inc flu hosp,2025-12-20,417.0,FluSight-baseline
2,48,quantile,0.35,2025-12-06,wk inc flu hosp,2025-12-20,458.0,FluSight-baseline
2,48,quantile,0.4,2025-12-06,wk inc flu hosp,2025-12-20,495.0,FluSight-baseline
2,48,quantile,0.45,2025-12-06,wk inc flu hosp,2025-12-20,523.0,FluSight-baseline
2,48,quantile,0.5,2025-12-06,wk inc flu hosp,2025-12-20,547.0,FluSight-baseline
2,48,quantile,0.55,2025-12-06,wk inc flu hosp,2025-12-20,571.0,FluSight-baseline
2,48,quantile,0.6,2025-12-06,wk inc flu hosp,2025-12-20,600.0,FluSight-baseline
2,48,quantile,0.65,2025-12-06,wk inc flu hosp,2025-12-20,637.0,FluSight-baseline
2,48,quantile,0.7,2025-12-06,wk inc flu hosp,2025-12-20,679.0,FluSight-baseline
2,48,quantile,0.75,2025-12-06,wk inc flu hosp,2025-12-20,731.0,FluSight-baseline
2,48,quantile,0.8,2025-12-06,wk inc flu hosp,2025-12-20,803.0,FluSight-baseline
2,48,quantile,0.85,2025-12-06,wk inc flu hosp,2025-12-20,898.0,FluSight-baseline
2,48,quantile,0.9,2025-12-06,wk inc flu hosp,2025-12-20,1008.0,FluSight-baseline
2,48,quantile,0.95,2025-12-06,wk inc flu hosp,2025-12-20,1246.0,FluSight-baseline
2,48,quantile,0.975,2025-12-06,wk inc flu hosp,2025-12-20,1515.0,FluSight-baseline
2,48,quantile,0.99,2025-12-06,wk inc flu hosp,2025-12-20,1960.0,FluSight-baseline
3,48,quantile,0.01,2025-12-06,wk inc flu hosp,2025-12-27,0.0,FluSight-baseline
3,48,quantile,0.025,2025-12-06,wk inc flu hosp,2025-12-27,0.0,FluSight-baseline
3,48,quantile,0.05,2025-12-06,wk inc flu hosp,2025-12-27,0.0,FluSight-baseline
3,48,quantile,0.1,2025-12-06,wk inc flu hosp,2025-12-27,19.0,FluSight-baseline
3,48,quantile,0.15,2025-12-06,wk inc flu hosp,2025-12-27,138.0,FluSight-baseline
3,48,quantile,0.2,2025-12-06,wk inc flu hosp,2025-12-27,232.0,FluSight-baseline
3,48,quantile,0.25,2025-12-06,wk inc flu hosp,2025-12-27,310.0,FluSight-baseline
3,48,quantile,0.3,2025-12-06,wk inc flu hosp,2025-12-27,375.0,FluSight-baseline
3,48,quantile,0.35,2025-12-06,wk inc flu hosp,2025-12-27,427.0,FluSight-baseline
3,48,quantile,0.4,2025-12-06,wk inc flu hosp,2025-12-27,473.0,FluSight-baseline
3,48,quantile,0.45,2025-12-06,wk inc flu hosp,2025-12-27,512.0,FluSight-baseline
3,48,quantile,0.5,2025-12-06,wk inc flu hosp,2025-12-27,547.0,FluSight-baseline
3,48,quantile,0.55,2025-12-06,wk inc flu hosp,2025-12-27,583.0,FluSight-baseline
3,48,quantile,0.6,2025-12-06,wk inc flu hosp,2025-12-27,622.0,FluSight-baseline
3,48,quantile,0.65,2025-12-06,wk inc flu hosp,2025-12-27,668.0,FluSight-baseline
3,48,quantile,0.7,2025-12-06,wk inc flu hosp,2025-12-27,720.0,FluSight-baseline
3,48,quantile,0.75,2025-12-06,wk inc flu hosp,2025-12-27,788.0,FluSight-baseline
3,48,quantile,0.8,2025-12-06,wk inc flu hosp,2025-12-27,869.0,FluSight-baseline
3,48,quantile,0.85,2025-12-06,wk inc flu hosp,2025-12-27,966.0,FluSight-baseline
3,48,quantile,0.9,2025-12-06,wk inc flu hosp,2025-12-27,1097.0,FluSight-baseline
3,48,quantile,0.95,2025-12-06,wk inc flu hosp,2025-12-27,1375.0,FluSight-baseline
3,48,quantile,0.975,2025-12-06,wk inc flu hosp,2025-12-27,1687.0,FluSight-baseline
3,48,quantile,0.99,2025-12-06,wk inc flu hosp,2025-12-27,2090.0,FluSight-baseline
0,48,quantile,0.01,2025-12-13,wk inc flu hosp,2025-12-13,0.0,FluSight-baseline
0,48,quantile,0.025,2025-12-13,wk inc flu hosp,2025-12-13,172.0,FluSight-baseline
0,48,quantile,0.05,2025-12-13,wk inc flu hosp,2025-12-13,265.0,FluSight-baseline
0,48,quantile,0.1,2025-12-13,wk inc flu hosp,2025-12-13,460.0,FluSight-baseline
0,48,quantile,0.15,2025-12-13,wk inc flu hosp,2025-12-13,516.0,FluSight-baseline
0,48,quantile,0.2,2025-12-13,wk inc flu hosp,2025-12-13,560.0,FluSight-baseline
0,48,quantile,0.25,2025-12-13,wk inc flu hosp,2025-12-13,606.0,FluSight-baseline
0,48,quantile,0.3,2025-12-13,wk inc flu hosp,2025-12-13,620.0,FluSight-baseline
0,48,quantile,0.35,2025-12-13,wk inc flu hosp,2025-12-13,628.0,FluSight-baseline
0,48,quantile,0.4,2025-12-13,wk inc flu hosp,2025-12-13,634.0,FluSight-baseline
0,48,quantile,0.45,2025-12-13,wk inc flu hosp,2025-12-13,640.0,FluSight-baseline
0,48,quantile,0.5,2025-12-13,wk inc flu hosp,2025-12-13,646.0,FluSight-baseline
0,48,quantile,0.55,2025-12-13,wk inc flu hosp,2025-12-13,652.0,FluSight-baseline
0,48,quantile,0.6,2025-12-13,wk inc flu hosp,2025-12-13,658.0,FluSight-baseline
0,48,quantile,0.65,2025-12-13,wk inc flu hosp,2025-12-13,664.0,FluSight-baseline
0,48,quantile,0.7,2025-12-13,wk inc flu hosp,2025-12-13,672.0,FluSight-baseline
0,48,quantile,0.75,2025-12-13,wk inc flu hosp,2025-12-13,686.0,FluSight-baseline
0,48,quantile,0.8,2025-12-13,wk inc flu hosp,2025-12-13,732.0,FluSight-baseline
0,48,quantile,0.85,2025-12-13,wk inc flu hosp,2025-12-13,776.0,FluSight-baseline
0,48,quantile,0.9,2025-12-13,wk inc flu hosp,2025-12-13,832.0,FluSight-baseline
0,48,quantile,0.95,2025-12-13,wk inc flu hosp,2025-12-13,1027.0,FluSight-baseline
0,48,quantile,0.975,2025-12-13,wk inc flu hosp,2025-12-13,1120.0,FluSight-baseline
0,48,quantile,0.99,2025-12-13,wk inc flu hosp,2025-12-13,1522.0,FluSight-baseline
1,48,quantile,0.01,2025-12-13,wk inc flu hosp,2025-12-20,0.0,FluSight-baseline
1,48,quantile,0.025,2025-12-13,wk inc flu hosp,2025-12-20,0.0,FluSight-baseline
1,48,quantile,0.05,2025-12-13,wk inc flu hosp,2025-12-20,140.0,FluSight-baseline
1,48,quantile,0.1,2025-12-13,wk inc flu hosp,2025-12-20,275.0,FluSight-baseline
1,48,quantile,0.15,2025-12-13,wk inc flu hosp,2025-12-20,393.0,FluSight-baseline
1,48,quantile,0.2,2025-12-13,wk inc flu hosp,2025-12-20,478.0,FluSight-baseline
1,48,quantile,0.25,2025-12-13,wk inc flu hosp,2025-12-20,524.0,FluSight-baseline
1,48,quantile,0.3,2025-12-13,wk inc flu hosp,2025-12-20,562.0,FluSight-baseline
1,48,quantile,0.35,2025-12-13,wk inc flu hosp,2025-12-20,595.0,FluSight-baseline
1,48,quantile,0.4,2025-12-13,wk inc flu hosp,2025-12-20,617.0,FluSight-baseline
1,48,quantile,0.45,2025-12-13,wk inc flu hosp,2025-12-20,633.0,FluSight-baseline
1,48,quantile,0.5,2025-12-13,wk inc flu hosp,2025-12-20,646.0,FluSight-baseline
1,48,quantile,0.55,2025-12-13,wk inc flu hosp,2025-12-20,660.0,FluSight-baseline
1,48,quantile,0.6,2025-12-13,wk inc flu hosp,2025-12-20,675.0,FluSight-baseline
1,48,quantile,0.65,2025-12-13,wk inc flu hosp,2025-12-20,699.0,FluSight-baseline
1,48,quantile,0.7,2025-12-13,wk inc flu hosp,2025-12-20,731.0,FluSight-baseline
1,48,quantile,0.75,2025-12-13,wk inc flu hosp,2025-12-20,769.0,FluSight-baseline
1,48,quantile,0.8,2025-12-13,wk inc flu hosp,2025-12-20,817.0,FluSight-baseline
1,48,quantile,0.85,2025-12-13,wk inc flu hosp,2025-12-20,901.0,FluSight-baseline
1,48,quantile,0.9,2025-12-13,wk inc flu hosp,2025-12-20,1016.0,FluSight-baseline
1,48,quantile,0.95,2025-12-13,wk inc flu hosp,2025-12-20,1157.0,FluSight-baseline
1,48,quantile,0.975,2025-12-13,wk inc flu hosp,2025-12-20,1448.0,FluSight-baseline
1,48,quantile,0.99,2025-12-13,wk inc flu hosp,2025-12-20,1848.0,FluSight-baseline
2,48,quantile,0.01,2025-12-13,wk inc flu hosp,2025-12-27,0.0,FluSight-baseline
2,48,quantile,0.025,2025-12-13,wk inc flu hosp,2025-12-27,0.0,FluSight-baseline
2,48,quantile,0.05,2025-12-13,wk inc flu hosp,2025-12-27,0.0,FluSight-baseline
2,48,quantile,0.1,2025-12-13,wk inc flu hosp,2025-12-27,190.0,FluSight-baseline
2,48,quantile,0.15,2025-12-13,wk inc flu hosp,2025-12-27,301.0,FluSight-baseline
2,48,quantile,0.2,2025-12-13,wk inc flu hosp,2025-12-27,391.0,FluSight-baseline
2,48,quantile,0.25,2025-12-13,wk inc flu hosp,2025-12-27,464.0,FluSight-baseline
2,48,quantile,0.3,2025-12-13,wk inc flu hosp,2025-12-27,515.0,FluSight-baseline
2,48,quantile,0.35,2025-12-13,wk inc flu hosp,2025-12-27,556.0,FluSight-baseline
2,48,quantile,0.4,2025-12-13,wk inc flu hosp,2025-12-27,592.0,FluSight-baseline
2,48,quantile,0.45,2025-12-13,wk inc flu hosp,2025-12-27,621.0,FluSight-baseline
2,48,quantile,0.5,2025-12-13,wk inc flu hosp,2025-12-27,646.0,FluSight-baseline
2,48,quantile,0.55,2025-12-13,wk inc flu hosp,2025-12-27,670.0,FluSight-baseline
2,48,quantile,0.6,2025-12-13,wk inc flu hosp,2025-12-27,700.0,FluSight-baseline
2,48,quantile,0.65,2025-12-13,wk inc flu hosp,2025-12-27,736.0,FluSight-baseline
2,48,quantile,0.7,2025-12-13,wk inc flu hosp,2025-12-27,778.0,FluSight-baseline
2,48,quantile,0.75,2025-12-13,wk inc flu hosp,2025-12-27,830.0,FluSight-baseline
2,48,quantile,0.8,2025-12-13,wk inc flu hosp,2025-12-27,901.0,FluSight-baseline
2,48,quantile,0.85,2025-12-13,wk inc flu hosp,2025-12-27,992.0,FluSight-baseline
2,48,quantile,0.9,2025-12-13,wk inc flu hosp,2025-12-27,1102.0,FluSight-baseline
2,48,quantile,0.95,2025-12-13,wk inc flu hosp,2025-12-27,1342.0,FluSight-baseline
2,48,quantile,0.975,2025-12-13,wk inc flu hosp,2025-12-27,1609.0,FluSight-baseline
2,48,quantile,0.99,2025-12-13,wk inc flu hosp,2025-12-27,2054.0,FluSight-baseline
3,48,quantile,0.01,2025-12-13,wk inc flu hosp,2026-01-03,0.0,FluSight-baseline
3,48,quantile,0.025,2025-12-13,wk inc flu hosp,2026-01-03,0.0,FluSight-baseline
3,48,quantile,0.05,2025-12-13,wk inc flu hosp,2026-01-03,0.0,FluSight-baseline
3,48,quantile,0.1,2025-12-13,wk inc flu hosp,2026-01-03,109.0,FluSight-baseline
3,48,quantile,0.15,2025-12-13,wk inc flu hosp,2026-01-03,235.0,FluSight-baseline
3,48,quantile,0.2,2025-12-13,wk inc flu hosp,2026-01-03,331.0,FluSight-baseline
3,48,quantile,0.25,2025-12-13,wk inc flu hosp,2026-01-03,409.0,FluSight-baseline
3,48,quantile,0.3,2025-12-13,wk inc flu hosp,2026-01-03,474.0,FluSight-baseline
3,48,quantile,0.35,2025-12-13,wk inc flu hosp,2026-01-03,526.0,FluSight-baseline
3,48,quantile,0.4,2025-12-13,wk inc flu hosp,2026-01-03,571.0,FluSight-baseline
3,48,quantile,0.45,2025-12-13,wk inc flu hosp,2026-01-03,611.0,FluSight-baseline
3,48,quantile,0.5,2025-12-13,wk inc flu hosp,2026-01-03,646.0,FluSight-baseline
3,48,quantile,0.55,2025-12-13,wk inc flu hosp,2026-01-03,681.0,FluSight-baseline
3,48,quantile,0.6,2025-12-13,wk inc flu hosp,2026-01-03,722.0,FluSight-baseline
3,48,quantile,0.65,2025-12-13,wk inc flu hosp,2026-01-03,769.0,FluSight-baseline
3,48,quantile,0.7,2025-12-13,wk inc flu hosp,2026-01-03,821.0,FluSight-baseline
3,48,quantile,0.75,2025-12-13,wk inc flu hosp,2026-01-03,886.0,FluSight-baseline
3,48,quantile,0.8,2025-12-13,wk inc flu hosp,2026-01-03,966.0,FluSight-baseline
3,48,quantile,0.85,2025-12-13,wk inc flu hosp,2026-01-03,1061.0,FluSight-baseline
3,48,quantile,0.9,2025-12-13,wk inc flu hosp,2026-01-03,1193.0,FluSight-baseline
3,48,quantile,0.95,2025-12-13,wk inc flu hosp,2026-01-03,1477.0,FluSight-baseline
3,48,quantile,0.975,2025-12-13,wk inc flu hosp,2026-01-03,1783.0,FluSight-baseline
3,48,quantile,0.99,2025-12-13,wk inc flu hosp,2026-01-03,2181.0,FluSight-baseline
0,48,quantile,0.01,2025-12-20,wk inc flu hosp,2025-12-20,28.0,FluSight-baseline
0,48,quantile,0.025,2025-12-20,wk inc flu hosp,2025-12-20,428.0,FluSight-baseline
0,48,quantile,0.05,2025-12-20,wk inc flu hosp,2025-12-20,523.0,FluSight-baseline
0,48,quantile,0.1,2025-12-20,wk inc flu hosp,2025-12-20,692.0,FluSight-baseline
0,48,quantile,0.15,2025-12-20,wk inc flu hosp,2025-12-20,773.0,FluSight-baseline
0,48,quantile,0.2,2025-12-20,wk inc flu hosp,2025-12-20,816.0,FluSight-baseline
0,48,quantile,0.25,2025-12-20,wk inc flu hosp,2025-12-20,862.0,FluSight-baseline
0,48,quantile,0.3,2025-12-20,wk inc flu hosp,2025-12-20,877.0,FluSight-baseline
0,48,quantile,0.35,2025-12-20,wk inc flu hosp,2025-12-20,885.0,FluSight-baseline
0,48,quantile,0.4,2025-12-20,wk inc flu hosp,2025-12-20,891.0,FluSight-baseline
0,48,quantile,0.45,2025-12-20,wk inc flu hosp,2025-12-20,897.0,FluSight-baseline
0,48,quantile,0.5,2025-12-20,wk inc flu hosp,2025-12-20,903.0,FluSight-baseline
0,48,quantile,0.55,2025-12-20,wk inc flu hosp,2025-12-20,909.0,FluSight-baseline
0,48,quantile,0.6,2025-12-20,wk inc flu hosp,2025-12-20,915.0,FluSight-baseline
0,48,quantile,0.65,2025-12-20,wk inc flu hosp,2025-12-20,921.0,FluSight-baseline
0,48,quantile,0.7,2025-12-20,wk inc flu hosp,2025-12-20,929.0,FluSight-baseline
0,48,quantile,0.75,2025-12-20,wk inc flu hosp,2025-12-20,944.0,FluSight-baseline
0,48,quantile,0.8,2025-12-20,wk inc flu hosp,2025-12-20,990.0,FluSight-baseline
0,48,quantile,0.85,2025-12-20,wk inc flu hosp,2025-12-20,1033.0,FluSight-baseline
0,48,quantile,0.9,2025-12-20,wk inc flu hosp,2025-12-20,1114.0,FluSight-baseline
0,48,quantile,0.95,2025-12-20,wk inc flu hosp,2025-12-20,1283.0,FluSight-baseline
0,48,quantile,0.975,2025-12-20,wk inc flu hosp,2025-12-20,1378.0,FluSight-baseline
0,48,quantile,0.99,2025-12-20,wk inc flu hosp,2025-12-20,1778.0,FluSight-baseline
1,48,quantile,0.01,2025-12-20,wk inc flu hosp,2025-12-27,0.0,FluSight-baseline
1,48,quantile,0.025,2025-12-20,wk inc flu hosp,2025-12-27,117.0,FluSight-baseline
1,48,quantile,0.05,2025-12-20,wk inc flu hosp,2025-12-27,393.0,FluSight-baseline
1,48,quantile,0.1,2025-12-20,wk inc flu hosp,2025-12-27,533.0,FluSight-baseline
1,48,quantile,0.15,2025-12-20,wk inc flu hosp,2025-12-27,648.0,FluSight-baseline
1,48,quantile,0.2,2025-12-20,wk inc flu hosp,2025-12-27,730.0,FluSight-baseline
1,48,quantile,0.25,2025-12-20,wk inc flu hosp,2025-12-27,778.0,FluSight-baseline
1,48,quantile,0.3,2025-12-20,wk inc flu hosp,2025-12-27,816.0,FluSight-baseline
1,48,quantile,0.35,2025-12-20,wk inc flu hosp,2025-12-27,850.0,FluSight-baseline
1,48,quantile,0.4,2025-12-20,wk inc flu hosp,2025-12-27,873.0,FluSight-baseline
1,48,quantile,0.45,2025-12-20,wk inc flu hosp,2025-12-27,889.0,FluSight-baseline
1,48,quantile,0.5,2025-12-20,wk inc flu hosp,2025-12-27,903.0,FluSight-baseline
1,48,quantile,0.55,2025-12-20,wk inc flu hosp,2025-12-27,917.0,FluSight-baseline
1,48,quantile,0.6,2025-12-20,wk inc flu hosp,2025-12-27,933.0,FluSight-baseline
1,48,quantile,0.65,2025-12-20,wk inc flu hosp,2025-12-27,956.0,FluSight-baseline
1,48,quantile,0.7,2025-12-20,wk inc flu hosp,2025-12-27,990.0,FluSight-baseline
1,48,quantile,0.75,2025-12-20,wk inc flu hosp,2025-12-27,1028.0,FluSight-baseline
1,48,quantile,0.8,2025-12-20,wk inc flu hosp,2025-12-27,1076.0,FluSight-baseline
1,48,quantile,0.85,2025-12-20,wk inc flu hosp,2025-12-27,1160.0,FluSight-baseline
1,48,quantile,0.9,2025-12-20,wk inc flu hosp,2025-12-27,1273.0,FluSight-baseline
1,48,quantile,0.95,2025-12-20,wk inc flu hosp,2025-12-27,1415.0,FluSight-baseline
1,48,quantile,0.975,2025-12-20,wk inc flu hosp,2025-12-27,1707.0,FluSight-baseline
1,48,quantile,0.99,2025-12-20,wk inc flu hosp,2025-12-27,2100.0,FluSight-baseline
2,48,quantile,0.01,2025-12-20,wk inc flu hosp,2026-01-03,0.0,FluSight-baseline
2,48,quantile,0.025,2025-12-20,wk inc flu hosp,2026-01-03,0.0,FluSight-baseline
2,48,quantile,0.05,2025-12-20,wk inc flu hosp,2026-01-03,209.0,FluSight-baseline
2,48,quantile,0.1,2025-12-20,wk inc flu hosp,2026-01-03,444.0,FluSight-baseline
2,48,quantile,0.15,2025-12-20,wk inc flu hosp,2026-01-03,556.0,FluSight-baseline
2,48,quantile,0.2,2025-12-20,wk inc flu hosp,2026-01-03,645.0,FluSight-baseline
2,48,quantile,0.25,2025-12-20,wk inc flu hosp,2026-01-03,718.0,FluSight-baseline
2,48,quantile,0.3,2025-12-20,wk inc flu hosp,2026-01-03,770.0,FluSight-baseline
2,48,quantile,0.35,2025-12-20,wk inc flu hosp,2026-01-03,811.0,FluSight-baseline
2,48,quantile,0.4,2025-12-20,wk inc flu hosp,2026-01-03,848.0,FluSight-baseline
2,48,quantile,0.45,2025-12-20,wk inc flu hosp,2026-01-03,878.0,FluSight-baseline
2,48,quantile,0.5,2025-12-20,wk inc flu hosp,2026-01-03,903.0,FluSight-baseline
2,48,quantile,0.55,2025-12-20,wk inc flu hosp,2026-01-03,928.0,FluSight-baseline
2,48,quantile,0.6,2025-12-20,wk inc flu hosp,2026-01-03,957.0,FluSight-baseline
2,48,quantile,0.65,2025-12-20,wk inc flu hosp,2026-01-03,995.0,FluSight-baseline
2,48,quantile,0.7,2025-12-20,wk inc flu hosp,2026-01-03,1037.0,FluSight-baseline
2,48,quantile,0.75,2025-12-20,wk inc flu hosp,2026-01-03,1089.0,FluSight-baseline
2,48,quantile,0.8,2025-12-20,wk inc flu hosp,2026-01-03,1162.0,FluSight-baseline
2,48,quantile,0.85,2025-12-20,wk inc flu hosp,2026-01-03,1253.0,FluSight-baseline
2,48,quantile,0.9,2025-12-20,wk inc flu hosp,2026-01-03,1364.0,FluSight-baseline
2,48,quantile,0.95,2025-12-20,wk inc flu hosp,2026-01-03,1598.0,FluSight-baseline
2,48,quantile,0.975,2025-12-20,wk inc flu hosp,2026-01-03,1866.0,FluSight-baseline
2,48,quantile,0.99,2025-12-20,wk inc flu hosp,2026-01-03,2308.0,FluSight-baseline
3,48,quantile,0.01,2025-12-20,wk inc flu hosp,2026-01-10,0.0,FluSight-baseline
3,48,quantile,0.025,2025-12-20,wk inc flu hosp,2026-01-10,0.0,FluSight-baseline
3,48,quantile,0.05,2025-12-20,wk inc flu hosp,2026-01-10,88.0,FluSight-baseline
3,48,quantile,0.1,2025-12-20,wk inc flu hosp,2026-01-10,353.0,FluSight-baseline
3,48,quantile,0.15,2025-12-20,wk inc flu hosp,2026-01-10,488.0,FluSight-baseline
3,48,quantile,0.2,2025-12-20,wk inc flu hosp,2026-01-10,584.0,FluSight-baseline
3,48,quantile,0.25,2025-12-20,wk inc flu hosp,2026-01-10,662.0,FluSight-baseline
3,48,quantile,0.3,2025-12-20,wk inc flu hosp,2026-01-10,729.0,FluSight-baseline
3,48,quantile,0.35,2025-12-20,wk inc flu hosp,2026-01-10,780.0,FluSight-baseline
3,48,quantile,0.4,2025-12-20,wk inc flu hosp,2026-01-10,826.0,FluSight-baseline
3,48,quantile,0.45,2025-12-20,wk inc flu hosp,2026-01-10,867.0,FluSight-baseline
3,48,quantile,0.5,2025-12-20,wk inc flu hosp,2026-01-10,903.0,FluSight-baseline
3,48,quantile,0.55,2025-12-20,wk inc flu hosp,2026-01-10,939.0,FluSight-baseline
3,48,quantile,0.6,2025-12-20,wk inc flu hosp,2026-01-10,980.0,FluSight-baseline
3,48,quantile,0.65,2025-12-20,wk inc flu hosp,2026-01-10,1027.0,FluSight-baseline
3,48,quantile,0.7,2025-12-20,wk inc flu hosp,2026-01-10,1081.0,FluSight-baseline
3,48,quantile,0.75,2025-12-20,wk inc flu hosp,2026-01-10,1148.0,FluSight-baseline
3,48,quantile,0.8,2025-12-20,wk inc flu hosp,2026-01-10,1228.0,FluSight-baseline
3,48,quantile,0.85,2025-12-20,wk inc flu hosp,2026-01-10,1323.0,FluSight-baseline
3,48,quantile,0.9,2025-12-20,wk inc flu hosp,2026-01-10,1454.0,FluSight-baseline
3,48,quantile,0.95,2025-12-20,wk inc flu hosp,2026-01-10,1735.0,FluSight-baseline
3,48,quantile,0.975,2025-12-20,wk inc flu hosp,2026-01-10,2046.0,FluSight-baseline
3,48,quantile,0.99,2025-12-20,wk inc flu hosp,2026-01-10,2431.0,FluSight-baseline
0,48,quantile,0.01,2025-12-27,wk inc flu hosp,2025-12-27,706.0,FluSight-baseline
0,48,quantile,0.025,2025-12-27,wk inc flu hosp,2025-12-27,1100.0,FluSight-baseline
0,48,quantile,0.05,2025-12-27,wk inc flu hosp,2025-12-27,1193.0,FluSight-baseline
0,48,quantile,0.1,2025-12-27,wk inc flu hosp,2025-12-27,1353.0,FluSight-baseline
0,48,quantile,0.15,2025-12-27,wk inc flu hosp,2025-12-27,1450.0,FluSight-baseline
0,48,quantile,0.2,2025-12-27,wk inc flu hosp,2025-12-27,1493.0,FluSight-baseline
0,48,quantile,0.25,2025-12-27,wk inc flu hosp,2025-12-27,1537.0,FluSight-baseline
0,48,quantile,0.3,2025-12-27,wk inc flu hosp,2025-12-27,1554.0,FluSight-baseline
0,48,quantile,0.35,2025-12-27,wk inc flu hosp,2025-12-27,1562.0,FluSight-baseline
0,48,quantile,0.4,2025-12-27,wk inc flu hosp,2025-12-27,1568.0,FluSight-baseline
0,48,quantile,0.45,2025-12-27,wk inc flu hosp,2025-12-27,1574.0,FluSight-baseline
0,48,quantile,0.5,2025-12-27,wk inc flu hosp,2025-12-27,1580.0,FluSight-baseline
0,48,quantile,0.55,2025-12-27,wk inc flu hosp,2025-12-27,1586.0,FluSight-baseline
0,48,quantile,0.6,2025-12-27,wk inc flu hosp,2025-12-27,1592.0,FluSight-baseline
0,48,quantile,0.65,2025-12-27,wk inc flu hosp,2025-12-27,1598.0,FluSight-baseline
0,48,quantile,0.7,2025-12-27,wk inc flu hosp,2025-12-27,1606.0,FluSight-baseline
0,48,quantile,0.75,2025-12-27,wk inc flu hosp,2025-12-27,1623.0,FluSight-baseline
0,48,quantile,0.8,2025-12-27,wk inc flu hosp,2025-12-27,1667.0,FluSight-baseline
0,48,quantile,0.85,2025-12-27,wk inc flu hosp,2025-12-27,1710.0,FluSight-baseline
0,48,quantile,0.9,2025-12-27,wk inc flu hosp,2025-12-27,1807.0,FluSight-baseline
0,48,quantile,0.95,2025-12-27,wk inc flu hosp,2025-12-27,1967.0,FluSight-baseline
0,48,quantile,0.975,2025-12-27,wk inc flu hosp,2025-12-27,2060.0,FluSight-baseline
0,48,quantile,0.99,2025-12-27,wk inc flu hosp,2025-12-27,2454.0,FluSight-baseline
1,48,quantile,0.01,2025-12-27,wk inc flu hosp,2026-01-03,378.0,FluSight-baseline
1,48,quantile,0.025,2025-12-27,wk inc flu hosp,2026-01-03,775.0,FluSight-baseline
1,48,quantile,0.05,2025-12-27,wk inc flu hosp,2026-01-03,1030.0,FluSight-baseline
1,48,quantile,0.1,2025-12-27,wk inc flu hosp,2026-01-03,1199.0,FluSight-baseline
1,48,quantile,0.15,2025-12-27,wk inc flu hosp,2026-01-03,1316.0,FluSight-baseline
1,48,quantile,0.2,2025-12-27,wk inc flu hosp,2026-01-03,1402.0,FluSight-baseline
1,48,quantile,0.25,2025-12-27,wk inc flu hosp,2026-01-03,1452.0,FluSight-baseline
1,48,quantile,0.3,2025-12-27,wk inc flu hosp,2026-01-03,1491.0,FluSight-baseline
1,48,quantile,0.35,2025-12-27,wk inc flu hosp,2026-01-03,1526.0,FluSight-baseline
1,48,quantile,0.4,2025-12-27,wk inc flu hosp,2026-01-03,1550.0,FluSight-baseline
1,48,quantile,0.45,2025-12-27,wk inc flu hosp,2026-01-03,1566.0,FluSight-baseline
1,48,quantile,0.5,2025-12-27,wk inc flu hosp,2026-01-03,1580.0,FluSight-baseline
1,48,quantile,0.55,2025-12-27,wk inc flu hosp,2026-01-03,1594.0,FluSight-baseline
1,48,quantile,0.6,2025-12-27,wk inc flu hosp,2026-01-03,1610.0,FluSight-baseline
1,48,quantile,0.65,2025-12-27,wk inc flu hosp,2026-01-03,1635.0,FluSight-baseline
1,48,quantile,0.7,2025-12-27,wk inc flu hosp,2026-01-03,1669.0,FluSight-baseline
1,48,quantile,0.75,2025-12-27,wk inc flu hosp,2026-01-03,1708.0,FluSight-baseline
1,48,quantile,0.8,2025-12-27,wk inc flu hosp,2026-01-03,1757.0,FluSight-baseline
1,48,quantile,0.85,2025-12-27,wk inc flu hosp,2026-01-03,1844.0,FluSight-baseline
1,48,quantile,0.9,2025-12-27,wk inc flu hosp,2026-01-03,1960.0,FluSight-baseline
1,48,quantile,0.95,2025-12-27,wk inc flu hosp,2026-01-03,2130.0,FluSight-baseline
1,48,quantile,0.975,2025-12-27,wk inc flu hosp,2026-01-03,2386.0,FluSight-baseline
1,48,quantile,0.99,2025-12-27,wk inc flu hosp,2026-01-03,2787.0,FluSight-baseline
2,48,quantile,0.01,2025-12-27,wk inc flu hosp,2026-01-10,162.0,FluSight-baseline
2,48,quantile,0.025,2025-12-27,wk inc flu hosp,2026-01-10,603.0,FluSight-baseline
2,48,quantile,0.05,2025-12-27,wk inc flu hosp,2026-01-10,861.0,FluSight-baseline
2,48,quantile,0.1,2025-12-27,wk inc flu hosp,2026-01-10,1102.0,FluSight-baseline
2,48,quantile,0.15,2025-12-27,wk inc flu hosp,2026-01-10,1219.0,FluSight-baseline
2,48,quantile,0.2,2025-12-27,wk inc flu hosp,2026-01-10,1314.0,FluSight-baseline
2,48,quantile,0.25,2025-12-27,wk inc flu hosp,2026-01-10,1389.0,FluSight-baseline
2,48,quantile,0.3,2025-12-27,wk inc flu hosp,2026-01-10,1443.0,FluSight-baseline
2,48,quantile,0.35,2025-12-27,wk inc flu hosp,2026-01-10,1485.0,FluSight-baseline
2,48,quantile,0.4,2025-12-27,wk inc flu hosp,2026-01-10,1524.0,FluSight-baseline
2,48,quantile,0.45,2025-12-27,wk inc flu hosp,2026-01-10,1555.0,FluSight-baseline
2,48,quantile,0.5,2025-12-27,wk inc flu hosp,2026-01-10,1580.0,FluSight-baseline
2,48,quantile,0.55,2025-12-27,wk inc flu hosp,2026-01-10,1605.0,FluSight-baseline
2,48,quantile,0.6,2025-12-27,wk inc flu hosp,2026-01-10,1636.0,FluSight-baseline
2,48,quantile,0.65,2025-12-27,wk inc flu hosp,2026-01-10,1674.0,FluSight-baseline
2,48,quantile,0.7,2025-12-27,wk inc flu hosp,2026-01-10,1718.0,FluSight-baseline
2,48,quantile,0.75,2025-12-27,wk inc flu hosp,2026-01-10,1773.0,FluSight-baseline
2,48,quantile,0.8,2025-12-27,wk inc flu hosp,2026-01-10,1847.0,FluSight-baseline
2,48,quantile,0.85,2025-12-27,wk inc flu hosp,2026-01-10,1941.0,FluSight-baseline
2,48,quantile,0.9,2025-12-27,wk inc flu hosp,2026-01-10,2057.0,FluSight-baseline
2,48,quantile,0.95,2025-12-27,wk inc flu hosp,2026-01-10,2300.0,FluSight-baseline
2,48,quantile,0.975,2025-12-27,wk inc flu hosp,2026-01-10,2556.0,FluSight-baseline
2,48,quantile,0.99,2025-12-27,wk inc flu hosp,2026-01-10,2989.0,FluSight-baseline
3,48,quantile,0.01,2025-12-27,wk inc flu hosp,2026-01-17,46.0,FluSight-baseline
3,48,quantile,0.025,2025-12-27,wk inc flu hosp,2026-01-17,428.0,FluSight-baseline
3,48,quantile,0.05,2025-12-27,wk inc flu hosp,2026-01-17,740.0,FluSight-baseline
3,48,quantile,0.1,2025-12-27,wk inc flu hosp,2026-01-17,1009.0,FluSight-baseline
3,48,quantile,0.15,2025-12-27,wk inc flu hosp,2026-01-17,1148.0,FluSight-baseline
3,48,quantile,0.2,2025-12-27,wk inc flu hosp,2026-01-17,1247.0,FluSight-baseline
3,48,quantile,0.25,2025-12-27,wk inc flu hosp,2026-01-17,1330.0,FluSight-baseline
3,48,quantile,0.3,2025-12-27,wk inc flu hosp,2026-01-17,1398.0,FluSight-baseline
3,48,quantile,0.35,2025-12-27,wk inc flu hosp,2026-01-17,1453.0,FluSight-baseline
3,48,quantile,0.4,2025-12-27,wk inc flu hosp,2026-01-17,1501.0,FluSight-baseline
3,48,quantile,0.45,2025-12-27,wk inc flu hosp,2026-01-17,1543.0,FluSight-baseline
3,48,quantile,0.5,2025-12-27,wk inc flu hosp,2026-01-17,1580.0,FluSight-baseline
3,48,quantile,0.55,2025-12-27,wk inc flu hosp,2026-01-17,1617.0,FluSight-baseline
3,48,quantile,0.6,2025-12-27,wk inc flu hosp,2026-01-17,1659.0,FluSight-baseline
3,48,quantile,0.65,2025-12-27,wk inc flu hosp,2026-01-17,1706.0,FluSight-baseline
3,48,quantile,0.7,2025-12-27,wk inc flu hosp,2026-01-17,1762.0,FluSight-baseline
3,48,quantile,0.75,2025-12-27,wk inc flu hosp,2026-01-17,1830.0,FluSight-baseline
3,48,quantile,0.8,2025-12-27,wk inc flu hosp,2026-01-17,1913.0,FluSight-baseline
3,48,quantile,0.85,2025-12-27,wk inc flu hosp,2026-01-17,2013.0,FluSight-baseline
3,48,quantile,0.9,2025-12-27,wk inc flu hosp,2026-01-17,2151.0,FluSight-baseline
3,48,quantile,0.95,2025-12-27,wk inc flu hosp,2026-01-17,2422.0,FluSight-baseline
3,48,quantile,0.975,2025-12-27,wk inc flu hosp,2026-01-17,2723.0,FluSight-baseline
3,48,quantile,0.99,2025-12-27,wk inc flu hosp,2026-01-17,3115.0,FluSight-baseline
0,48,quantile,0.01,2026-01-03,wk inc flu hosp,2026-01-03,1535.0,FluSight-baseline
0,48,quantile,0.025,2026-01-03,wk inc flu hosp,2026-01-03,1842.0,FluSight-baseline
0,48,quantile,0.05,2026-01-03,wk inc flu hosp,2026-01-03,2011.0,FluSight-baseline
0,48,quantile,0.1,2026-01-03,wk inc flu hosp,2026-01-03,2174.0,FluSight-baseline
0,48,quantile,0.15,2026-01-03,wk inc flu hosp,2026-01-03,2278.0,FluSight-baseline
0,48,quantile,0.2,2026-01-03,wk inc flu hosp,2026-01-03,2321.0,FluSight-baseline
0,48,quantile,0.25,2026-01-03,wk inc flu hosp,2026-01-03,2362.0,FluSight-baseline
0,48,quantile,0.3,2026-01-03,wk inc flu hosp,2026-01-03,2383.0,FluSight-baseline
0,48,quantile,0.35,2026-01-03,wk inc flu hosp,2026-01-03,2391.0,FluSight-baseline
0,48,quantile,0.4,2026-01-03,wk inc flu hosp,2026-01-03,2396.0,FluSight-baseline
0,48,quantile,0.45,2026-01-03,wk inc flu hosp,2026-01-03,2403.0,FluSight-baseline
0,48,quantile,0.5,2026-01-03,wk inc flu hosp,2026-01-03,2409.0,FluSight-baseline
0,48,quantile,0.55,2026-01-03,wk inc flu hosp,2026-01-03,2415.0,FluSight-baseline
0,48,quantile,0.6,2026-01-03,wk inc flu hosp,2026-01-03,2422.0,FluSight-baseline
0,48,quantile,0.65,2026-01-03,wk inc flu hosp,2026-01-03,2427.0,FluSight-baseline
0,48,quantile,0.7,2026-01-03,wk inc flu hosp,2026-01-03,2435.0,FluSight-baseline
0,48,quantile,0.75,2026-01-03,wk inc flu hosp,2026-01-03,2456.0,FluSight-baseline
0,48,quantile,0.8,2026-01-03,wk inc flu hosp,2026-01-03,2497.0,FluSight-baseline
0,48,quantile,0.85,2026-01-03,wk inc flu hosp,2026-01-03,2540.0,FluSight-baseline
0,48,quantile,0.9,2026-01-03,wk inc flu hosp,2026-01-03,2644.0,FluSight-baseline
0,48,quantile,0.95,2026-01-03,wk inc flu hosp,2026-01-03,2807.0,FluSight-baseline
0,48,quantile,0.975,2026-01-03,wk inc flu hosp,2026-01-03,2976.0,FluSight-baseline
0,48,quantile,0.99,2026-01-03,wk inc flu hosp,2026-01-03,3283.0,FluSight-baseline
1,48,quantile,0.01,2026-01-03,wk inc flu hosp,2026-01-10,1205.0,FluSight-baseline
1,48,quantile,0.025,2026-01-03,wk inc flu hosp,2026-01-10,1564.0,FluSight-baseline
1,48,quantile,0.05,2026-01-03,wk inc flu hosp,2026-01-10,1807.0,FluSight-baseline
1,48,quantile,0.1,2026-01-03,wk inc flu hosp,2026-01-10,2017.0,FluSight-baseline
1,48,quantile,0.15,2026-01-03,wk inc flu hosp,2026-01-10,2136.0,FluSight-baseline
1,48,quantile,0.2,2026-01-03,wk inc flu hosp,2026-01-10,2226.0,FluSight-baseline
1,48,quantile,0.25,2026-01-03,wk inc flu hosp,2026-01-10,2278.0,FluSight-baseline
1,48,quantile,0.3,2026-01-03,wk inc flu hosp,2026-01-10,2318.0,FluSight-baseline
1,48,quantile,0.35,2026-01-03,wk inc flu hosp,2026-01-10,2354.0,FluSight-baseline
1,48,quantile,0.4,2026-01-03,wk inc flu hosp,2026-01-10,2378.0,FluSight-baseline
1,48,quantile,0.45,2026-01-03,wk inc flu hosp,2026-01-10,2395.0,FluSight-baseline
1,48,quantile,0.5,2026-01-03,wk inc flu hosp,2026-01-10,2409.0,FluSight-baseline
1,48,quantile,0.55,2026-01-03,wk inc flu hosp,2026-01-10,2423.0,FluSight-baseline
1,48,quantile,0.6,2026-01-03,wk inc flu hosp,2026-01-10,2440.0,FluSight-baseline
1,48,quantile,0.65,2026-01-03,wk inc flu hosp,2026-01-10,2464.0,FluSight-baseline
1,48,quantile,0.7,2026-01-03,wk inc flu hosp,2026-01-10,2500.0,FluSight-baseline
1,48,quantile,0.75,2026-01-03,wk inc flu hosp,2026-01-10,2540.0,FluSight-baseline
1,48,quantile,0.8,2026-01-03,wk inc flu hosp,2026-01-10,2592.0,FluSight-baseline
1,48,quantile,0.85,2026-01-03,wk inc flu hosp,2026-01-10,2681.0,FluSight-baseline
1,48,quantile,0.9,2026-01-03,wk inc flu hosp,2026-01-10,2801.0,FluSight-baseline
1,48,quantile,0.95,2026-01-03,wk inc flu hosp,2026-01-10,3009.0,FluSight-baseline
1,48,quantile,0.975,2026-01-03,wk inc flu hosp,2026-01-10,3258.0,FluSight-baseline
1,48,quantile,0.99,2026-01-03,wk inc flu hosp,2026-01-10,3628.0,FluSight-baseline
2,48,quantile,0.01,2026-01-03,wk inc flu hosp,2026-01-17,985.0,FluSight-baseline
2,48,quantile,0.025,2026-01-03,wk inc flu hosp,2026-01-17,1405.0,FluSight-baseline
2,48,quantile,0.05,2026-01-03,wk inc flu hosp,2026-01-17,1650.0,FluSight-baseline
2,48,quantile,0.1,2026-01-03,wk inc flu hosp,2026-01-17,1917.0,FluSight-baseline
2,48,quantile,0.15,2026-01-03,wk inc flu hosp,2026-01-17,2037.0,FluSight-baseline
2,48,quantile,0.2,2026-01-03,wk inc flu hosp,2026-01-17,2136.0,FluSight-baseline
2,48,quantile,0.25,2026-01-03,wk inc flu hosp,2026-01-17,2210.0,FluSight-baseline
2,48,quantile,0.3,2026-01-03,wk inc flu hosp,2026-01-17,2268.0,FluSight-baseline
2,48,quantile,0.35,2026-01-03,wk inc flu hosp,2026-01-17,2313.0,FluSight-baseline
2,48,quantile,0.4,2026-01-03,wk inc flu hosp,2026-01-17,2352.0,FluSight-baseline
2,48,quantile,0.45,2026-01-03,wk inc flu hosp,2026-01-17,2384.0,FluSight-baseline
2,48,quantile,0.5,2026-01-03,wk inc flu hosp,2026-01-17,2409.0,FluSight-baseline
2,48,quantile,0.55,2026-01-03,wk inc flu hosp,2026-01-17,2435.0,FluSight-baseline
2,48,quantile,0.6,2026-01-03,wk inc flu hosp,2026-01-17,2466.0,FluSight-baseline
2,48,quantile,0.65,2026-01-03,wk inc flu hosp,2026-01-17,2505.0,FluSight-baseline
2,48,quantile,0.7,2026-01-03,wk inc flu hosp,2026-01-17,2550.0,FluSight-baseline
2,48,quantile,0.75,2026-01-03,wk inc flu hosp,2026-01-17,2607.0,FluSight-baseline
2,48,quantile,0.8,2026-01-03,wk inc flu hosp,2026-01-17,2684.0,FluSight-baseline
2,48,quantile,0.85,2026-01-03,wk inc flu hosp,2026-01-17,2783.0,FluSight-baseline
2,48,quantile,0.9,2026-01-03,wk inc flu hosp,2026-01-17,2905.0,FluSight-baseline
2,48,quantile,0.95,2026-01-03,wk inc flu hosp,2026-01-17,3172.0,FluSight-baseline
2,48,quantile,0.975,2026-01-03,wk inc flu hosp,2026-01-17,3414.0,FluSight-baseline
2,48,quantile,0.99,2026-01-03,wk inc flu hosp,2026-01-17,3844.0,FluSight-baseline
3,48,quantile,0.01,2026-01-03,wk inc flu hosp,2026-01-24,854.0,FluSight-baseline
3,48,quantile,0.025,2026-01-03,wk inc flu hosp,2026-01-24,1237.0,FluSight-baseline
3,48,quantile,0.05,2026-01-03,wk inc flu hosp,2026-01-24,1528.0,FluSight-baseline
3,48,quantile,0.1,2026-01-03,wk inc flu hosp,2026-01-24,1805.0,FluSight-baseline
3,48,quantile,0.15,2026-01-03,wk inc flu hosp,2026-01-24,1962.0,FluSight-baseline
3,48,quantile,0.2,2026-01-03,wk inc flu hosp,2026-01-24,2067.0,FluSight-baseline
3,48,quantile,0.25,2026-01-03,wk inc flu hosp,2026-01-24,2153.0,FluSight-baseline
3,48,quantile,0.3,2026-01-03,wk inc flu hosp,2026-01-24,2223.0,FluSight-baseline
3,48,quantile,0.35,2026-01-03,wk inc flu hosp,2026-01-24,2278.0,FluSight-baseline
3,48,quantile,0.4,2026-01-03,wk inc flu hosp,2026-01-24,2328.0,FluSight-baseline
3,48,quantile,0.45,2026-01-03,wk inc flu hosp,2026-01-24,2371.0,FluSight-baseline
3,48,quantile,0.5,2026-01-03,wk inc flu hosp,2026-01-24,2409.0,FluSight-baseline
3,48,quantile,0.55,2026-01-03,wk inc flu hosp,2026-01-24,2447.0,FluSight-baseline
3,48,quantile,0.6,2026-01-03,wk inc flu hosp,2026-01-24,2490.0,FluSight-baseline
3,48,quantile,0.65,2026-01-03,wk inc flu hosp,2026-01-24,2540.0,FluSight-baseline
3,48,quantile,0.7,2026-01-03,wk inc flu hosp,2026-01-24,2596.0,FluSight-baseline
3,48,quantile,0.75,2026-01-03,wk inc flu hosp,2026-01-24,2668.0,FluSight-baseline
3,48,quantile,0.8,2026-01-03,wk inc flu hosp,2026-01-24,2754.0,FluSight-baseline
3,48,quantile,0.85,2026-01-03,wk inc flu hosp,2026-01-24,2856.0,FluSight-baseline
3,48,quantile,0.9,2026-01-03,wk inc flu hosp,2026-01-24,3014.0,FluSight-baseline
3,48,quantile,0.95,2026-01-03,wk inc flu hosp,2026-01-24,3285.0,FluSight-baseline
3,48,quantile,0.975,2026-01-03,wk inc flu hosp,2026-01-24,3582.0,FluSight-baseline
3,48,quantile,0.99,2026-01-03,wk inc flu hosp,2026-01-24,3978.0,FluSight-baseline
0,48,quantile,0.01,2026-01-10,wk inc flu hosp,2026-01-10,1228.0,FluSight-baseline
0,48,quantile,0.025,2026-01-10,wk inc flu hosp,2026-01-10,1549.0,FluSight-baseline
0,48,quantile,0.05,2026-01-10,wk inc flu hosp,2026-01-10,1731.0,FluSight-baseline
0,48,quantile,0.1,2026-01-10,wk inc flu hosp,2026-01-10,1897.0,FluSight-baseline
0,48,quantile,0.15,2026-01-10,wk inc flu hosp,2026-01-10,1999.0,FluSight-baseline
0,48,quantile,0.2,2026-01-10,wk inc flu hosp,2026-01-10,2048.0,FluSight-baseline
0,48,quantile,0.25,2026-01-10,wk inc flu hosp,2026-01-10,2088.0,FluSight-baseline
0,48,quantile,0.3,2026-01-10,wk inc flu hosp,2026-01-10,2110.0,FluSight-baseline
0,48,quantile,0.35,2026-01-10,wk inc flu hosp,2026-01-10,2119.0,FluSight-baseline
0,48,quantile,0.4,2026-01-10,wk inc flu hosp,2026-01-10,2124.0,FluSight-baseline
0,48,quantile,0.45,2026-01-10,wk inc flu hosp,2026-01-10,2131.0,FluSight-baseline
0,48,quantile,0.5,2026-01-10,wk inc flu hosp,2026-01-10,2137.0,FluSight-baseline
0,48,quantile,0.55,2026-01-10,wk inc flu hosp,2026-01-10,2143.0,FluSight-baseline
0,48,quantile,0.6,2026-01-10,wk inc flu hosp,2026-01-10,2150.0,FluSight-baseline
0,48,quantile,0.65,2026-01-10,wk inc flu hosp,2026-01-10,2155.0,FluSight-baseline
0,48,quantile,0.7,2026-01-10,wk inc flu hosp,2026-01-10,2164.0,FluSight-baseline
0,48,quantile,0.75,2026-01-10,wk inc flu hosp,2026-01-10,2186.0,FluSight-baseline
0,48,quantile,0.8,2026-01-10,wk inc flu hosp,2026-01-10,2226.0,FluSight-baseline
0,48,quantile,0.85,2026-01-10,wk inc flu hosp,2026-01-10,2275.0,FluSight-baseline
0,48,quantile,0.9,2026-01-10,wk inc flu hosp,2026-01-10,2377.0,FluSight-baseline
0,48,quantile,0.95,2026-01-10,wk inc flu hosp,2026-01-10,2543.0,FluSight-baseline
0,48,quantile,0.975,2026-01-10,wk inc flu hosp,2026-01-10,2725.0,FluSight-baseline
0,48,quantile,0.99,2026-01-10,wk inc flu hosp,2026-01-10,3046.0,FluSight-baseline
1,48,quantile,0.01,2026-01-10,wk inc flu hosp,2026-01-17,852.0,FluSight-baseline
1,48,quantile,0.025,2026-01-10,wk inc flu hosp,2026-01-17,1246.0,FluSight-baseline
1,48,quantile,0.05,2026-01-10,wk inc flu hosp,2026-01-17,1522.0,FluSight-baseline
1,48,quantile,0.1,2026-01-10,wk inc flu hosp,2026-01-17,1735.0,FluSight-baseline
1,48,quantile,0.15,2026-01-10,wk inc flu hosp,2026-01-17,1855.0,FluSight-baseline
1,48,quantile,0.2,2026-01-10,wk inc flu hosp,2026-01-17,1948.0,FluSight-baseline
1,48,quantile,0.25,2026-01-10,wk inc flu hosp,2026-01-17,2003.0,FluSight-baseline
1,48,quantile,0.3,2026-01-10,wk inc flu hosp,2026-01-17,2044.0,FluSight-baseline
1,48,quantile,0.35,2026-01-10,wk inc flu hosp,2026-01-17,2081.0,FluSight-baseline
1,48,quantile,0.4,2026-01-10,wk inc flu hosp,2026-01-17,2106.0,FluSight-baseline
1,48,quantile,0.45,2026-01-10,wk inc flu hosp,2026-01-17,2123.0,FluSight-baseline
1,48,quantile,0.5,2026-01-10,wk inc flu hosp,2026-01-17,2137.0,FluSight-baseline
1,48,quantile,0.55,2026-01-10,wk inc flu hosp,2026-01-17,2151.0,FluSight-baseline
1,48,quantile,0.6,2026-01-10,wk inc flu hosp,2026-01-17,2168.0,FluSight-baseline
1,48,quantile,0.65,2026-01-10,wk inc flu hosp,2026-01-17,2194.0,FluSight-baseline
1,48,quantile,0.7,2026-01-10,wk inc flu hosp,2026-01-17,2230.0,FluSight-baseline
1,48,quantile,0.75,2026-01-10,wk inc flu hosp,2026-01-17,2271.0,FluSight-baseline
1,48,quantile,0.8,2026-01-10,wk inc flu hosp,2026-01-17,2326.0,FluSight-baseline
1,48,quantile,0.85,2026-01-10,wk inc flu hosp,2026-01-17,2416.0,FluSight-baseline
1,48,quantile,0.9,2026-01-10,wk inc flu hosp,2026-01-17,2539.0,FluSight-baseline
1,48,quantile,0.95,2026-01-10,wk inc flu hosp,2026-01-17,2755.0,FluSight-baseline
1,48,quantile,0.975,2026-01-10,wk inc flu hosp,2026-01-17,3023.0,FluSight-baseline
1,48,quantile,0.99,2026-01-10,wk inc flu hosp,2026-01-17,3411.0,FluSight-baseline
2,48,quantile,0.01,2026-01-10,wk inc flu hosp,2026-01-24,685.0,FluSight-baseline
2,48,quantile,0.025,2026-01-10,wk inc flu hosp,2026-01-24,1061.0,FluSight-baseline
2,48,quantile,0.05,2026-01-10,wk inc flu hosp,2026-01-24,1344.0,FluSight-baseline
2,48,quantile,0.1,2026-01-10,wk inc flu hosp,2026-01-24,1628.0,FluSight-baseline
2,48,quantile,0.15,2026-01-10,wk inc flu hosp,2026-01-24,1753.0,FluSight-baseline
2,48,quantile,0.2,2026-01-10,wk inc flu hosp,2026-01-24,1853.0,FluSight-baseline
2,48,quantile,0.25,2026-01-10,wk inc flu hosp,2026-01-24,1933.0,FluSight-baseline
2,48,quantile,0.3,2026-01-10,wk inc flu hosp,2026-01-24,1993.0,FluSight-baseline
2,48,quantile,0.35,2026-01-10,wk inc flu hosp,2026-01-24,2038.0,FluSight-baseline
2,48,quantile,0.4,2026-01-10,wk inc flu hosp,2026-01-24,2078.0,FluSight-baseline
2,48,quantile,0.45,2026-01-10,wk inc flu hosp,2026-01-24,2110.0,FluSight-baseline
2,48,quantile,0.5,2026-01-10,wk inc flu hosp,2026-01-24,2137.0,FluSight-baseline
2,48,quantile,0.55,2026-01-10,wk inc flu hosp,2026-01-24,2163.0,FluSight-baseline
2,48,quantile,0.6,2026-01-10,wk inc flu hosp,2026-01-24,2195.0,FluSight-baseline
2,48,quantile,0.65,2026-01-10,wk inc flu hosp,2026-01-24,2236.0,FluSight-baseline
2,48,quantile,0.7,2026-01-10,wk inc flu hosp,2026-01-24,2282.0,FluSight-baseline
2,48,quantile,0.75,2026-01-10,wk inc flu hosp,2026-01-24,2341.0,FluSight-baseline
2,48,quantile,0.8,2026-01-10,wk inc flu hosp,2026-01-24,2420.0,FluSight-baseline
2,48,quantile,0.85,2026-01-10,wk inc flu hosp,2026-01-24,2521.0,FluSight-baseline
2,48,quantile,0.9,2026-01-10,wk inc flu hosp,2026-01-24,2652.0,FluSight-baseline
2,48,quantile,0.95,2026-01-10,wk inc flu hosp,2026-01-24,2929.0,FluSight-baseline
2,48,quantile,0.975,2026-01-10,wk inc flu hosp,2026-01-24,3214.0,FluSight-baseline
2,48,quantile,0.99,2026-01-10,wk inc flu hosp,2026-01-24,3594.0,FluSight-baseline
3,48,quantile,0.01,2026-01-10,wk inc flu hosp,2026-01-31,565.0,FluSight-baseline
3,48,quantile,0.025,2026-01-10,wk inc flu hosp,2026-01-31,909.0,FluSight-baseline
3,48,quantile,0.05,2026-01-10,wk inc flu hosp,2026-01-31,1215.0,FluSight-baseline
3,48,quantile,0.1,2026-01-10,wk inc flu hosp,2026-01-31,1513.0,FluSight-baseline
3,48,quantile,0.15,2026-01-10,wk inc flu hosp,2026-01-31,1675.0,FluSight-baseline
3,48,quantile,0.2,2026-01-10,wk inc flu hosp,2026-01-31,1783.0,FluSight-baseline
3,48,quantile,0.25,2026-01-10,wk inc flu hosp,2026-01-31,1871.0,FluSight-baseline
3,48,quantile,0.3,2026-01-10,wk inc flu hosp,2026-01-31,1946.0,FluSight-baseline
3,48,quantile,0.35,2026-01-10,wk inc flu hosp,2026-01-31,2005.0,FluSight-baseline
3,48,quantile,0.4,2026-01-10,wk inc flu hosp,2026-01-31,2054.0,FluSight-baseline
3,48,quantile,0.45,2026-01-10,wk inc flu hosp,2026-01-31,2098.0,FluSight-baseline
3,48,quantile,0.5,2026-01-10,wk inc flu hosp,2026-01-31,2137.0,FluSight-baseline
3,48,quantile,0.55,2026-01-10,wk inc flu hosp,2026-01-31,2176.0,FluSight-baseline
3,48,quantile,0.6,2026-01-10,wk inc flu hosp,2026-01-31,2221.0,FluSight-baseline
3,48,quantile,0.65,2026-01-10,wk inc flu hosp,2026-01-31,2270.0,FluSight-baseline
3,48,quantile,0.7,2026-01-10,wk inc flu hosp,2026-01-31,2330.0,FluSight-baseline
3,48,quantile,0.75,2026-01-10,wk inc flu hosp,2026-01-31,2403.0,FluSight-baseline
3,48,quantile,0.8,2026-01-10,wk inc flu hosp,2026-01-31,2491.0,FluSight-baseline
3,48,quantile,0.85,2026-01-10,wk inc flu hosp,2026-01-31,2600.0,FluSight-baseline
3,48,quantile,0.9,2026-01-10,wk inc flu hosp,2026-01-31,2761.0,FluSight-baseline
3,48,quantile,0.95,2026-01-10,wk inc flu hosp,2026-01-31,3062.0,FluSight-baseline
3,48,quantile,0.975,2026-01-10,wk inc flu hosp,2026-01-31,3379.0,FluSight-baseline
3,48,quantile,0.99,2026-01-10,wk inc flu hosp,2026-01-31,3723.0,FluSight-baseline
0,48,quantile,0.01,2026-01-17,wk inc flu hosp,2026-01-17,614.0,FluSight-baseline
0,48,quantile,0.025,2026-01-17,wk inc flu hosp,2026-01-17,866.0,FluSight-baseline
0,48,quantile,0.05,2026-01-17,wk inc flu hosp,2026-01-17,1106.0,FluSight-baseline
0,48,quantile,0.1,2026-01-17,wk inc flu hosp,2026-01-17,1279.0,FluSight-baseline
0,48,quantile,0.15,2026-01-17,wk inc flu hosp,2026-01-17,1383.0,FluSight-baseline
0,48,quantile,0.2,2026-01-17,wk inc flu hosp,2026-01-17,1429.0,FluSight-baseline
0,48,quantile,0.25,2026-01-17,wk inc flu hosp,2026-01-17,1472.0,FluSight-baseline
0,48,quantile,0.3,2026-01-17,wk inc flu hosp,2026-01-17,1494.0,FluSight-baseline
0,48,quantile,0.35,2026-01-17,wk inc flu hosp,2026-01-17,1503.0,FluSight-baseline
0,48,quantile,0.4,2026-01-17,wk inc flu hosp,2026-01-17,1508.0,FluSight-baseline
0,48,quantile,0.45,2026-01-17,wk inc flu hosp,2026-01-17,1515.0,FluSight-baseline
0,48,quantile,0.5,2026-01-17,wk inc flu hosp,2026-01-17,1521.0,FluSight-baseline
0,48,quantile,0.55,2026-01-17,wk inc flu hosp,2026-01-17,1527.0,FluSight-baseline
0,48,quantile,0.6,2026-01-17,wk inc flu hosp,2026-01-17,1534.0,FluSight-baseline
0,48,quantile,0.65,2026-01-17,wk inc flu hosp,2026-01-17,1539.0,FluSight-baseline
0,48,quantile,0.7,2026-01-17,wk inc flu hosp,2026-01-17,1548.0,FluSight-baseline
0,48,quantile,0.75,2026-01-17,wk inc flu hosp,2026-01-17,1570.0,FluSight-baseline
0,48,quantile,0.8,2026-01-17,wk inc flu hosp,2026-01-17,1613.0,FluSight-baseline
0,48,quantile,0.85,2026-01-17,wk inc flu hosp,2026-01-17,1659.0,FluSight-baseline
0,48,quantile,0.9,2026-01-17,wk inc flu hosp,2026-01-17,1763.0,FluSight-baseline
0,48,quantile,0.95,2026-01-17,wk inc flu hosp,2026-01-17,1936.0,FluSight-baseline
0,48,quantile,0.975,2026-01-17,wk inc flu hosp,2026-01-17,2176.0,FluSight-baseline
0,48,quantile,0.99,2026-01-17,wk inc flu hosp,2026-01-17,2428.0,FluSight-baseline
1,48,quantile,0.01,2026-01-17,wk inc flu hosp,2026-01-24,241.0,FluSight-baseline
1,48,quantile,0.025,2026-01-17,wk inc flu hosp,2026-01-24,628.0,FluSight-baseline
1,48,quantile,0.05,2026-01-17,wk inc flu hosp,2026-01-24,871.0,FluSight-baseline
1,48,quantile,0.1,2026-01-17,wk inc flu hosp,2026-01-24,1110.0,FluSight-baseline
1,48,quantile,0.15,2026-01-17,wk inc flu hosp,2026-01-24,1233.0,FluSight-baseline
1,48,quantile,0.2,2026-01-17,wk inc flu hosp,2026-01-24,1328.0,FluSight-baseline
1,48,quantile,0.25,2026-01-17,wk inc flu hosp,2026-01-24,1385.0,FluSight-baseline
1,48,quantile,0.3,2026-01-17,wk inc flu hosp,2026-01-24,1426.0,FluSight-baseline
1,48,quantile,0.35,2026-01-17,wk inc flu hosp,2026-01-24,1464.0,FluSight-baseline
1,48,quantile,0.4,2026-01-17,wk inc flu hosp,2026-01-24,1490.0,FluSight-baseline
1,48,quantile,0.45,2026-01-17,wk inc flu hosp,2026-01-24,1507.0,FluSight-baseline
1,48,quantile,0.5,2026-01-17,wk inc flu hosp,2026-01-24,1521.0,FluSight-baseline
1,48,quantile,0.55,2026-01-17,wk inc flu hosp,2026-01-24,1535.0,FluSight-baseline
1,48,quantile,0.6,2026-01-17,wk inc flu hosp,2026-01-24,1552.0,FluSight-baseline
1,48,quantile,0.65,2026-01-17,wk inc flu hosp,2026-01-24,1578.0,FluSight-baseline
1,48,quantile,0.7,2026-01-17,wk inc flu hosp,2026-01-24,1615.0,FluSight-baseline
1,48,quantile,0.75,2026-01-17,wk inc flu hosp,2026-01-24,1658.0,FluSight-baseline
1,48,quantile,0.8,2026-01-17,wk inc flu hosp,2026-01-24,1716.0,FluSight-baseline
1,48,quantile,0.85,2026-01-17,wk inc flu hosp,2026-01-24,1812.0,FluSight-baseline
1,48,quantile,0.9,2026-01-17,wk inc flu hosp,2026-01-24,1929.0,FluSight-baseline
1,48,quantile,0.95,2026-01-17,wk inc flu hosp,2026-01-24,2170.0,FluSight-baseline
1,48,quantile,0.975,2026-01-17,wk inc flu hosp,2026-01-24,2413.0,FluSight-baseline
1,48,quantile,0.99,2026-01-17,wk inc flu hosp,2026-01-24,2804.0,FluSight-baseline
2,48,quantile,0.01,2026-01-17,wk inc flu hosp,2026-01-31,68.0,FluSight-baseline
2,48,quantile,0.025,2026-01-17,wk inc flu hosp,2026-01-31,438.0,FluSight-baseline
2,48,quantile,0.05,2026-01-17,wk inc flu hosp,2026-01-31,711.0,FluSight-baseline
2,48,quantile,0.1,2026-01-17,wk inc flu hosp,2026-01-31,992.0,FluSight-baseline
2,48,quantile,0.15,2026-01-17,wk inc flu hosp,2026-01-31,1127.0,FluSight-baseline
2,48,quantile,0.2,2026-01-17,wk inc flu hosp,2026-01-31,1229.0,FluSight-baseline
2,48,quantile,0.25,2026-01-17,wk inc flu hosp,2026-01-31,1310.0,FluSight-baseline
2,48,quantile,0.3,2026-01-17,wk inc flu hosp,2026-01-31,1372.0,FluSight-baseline
2,48,quantile,0.35,2026-01-17,wk inc flu hosp,2026-01-31,1419.0,FluSight-baseline
2,48,quantile,0.4,2026-01-17,wk inc flu hosp,2026-01-31,1461.0,FluSight-baseline
2,48,quantile,0.45,2026-01-17,wk inc flu hosp,2026-01-31,1494.0,FluSight-baseline
2,48,quantile,0.5,2026-01-17,wk inc flu hosp,2026-01-31,1521.0,FluSight-baseline
2,48,quantile,0.55,2026-01-17,wk inc flu hosp,2026-01-31,1548.0,FluSight-baseline
2,48,quantile,0.6,2026-01-17,wk inc flu hosp,2026-01-31,1581.0,FluSight-baseline
2,48,quantile,0.65,2026-01-17,wk inc flu hosp,2026-01-31,1621.0,FluSight-baseline
2,48,quantile,0.7,2026-01-17,wk inc flu hosp,2026-01-31,1671.0,FluSight-baseline
2,48,quantile,0.75,2026-01-17,wk inc flu hosp,2026-01-31,1732.0,FluSight-baseline
2,48,quantile,0.8,2026-01-17,wk inc flu hosp,2026-01-31,1813.0,FluSight-baseline
2,48,quantile,0.85,2026-01-17,wk inc flu hosp,2026-01-31,1914.0,FluSight-baseline
2,48,quantile,0.9,2026-01-17,wk inc flu hosp,2026-01-31,2048.0,FluSight-baseline
2,48,quantile,0.95,2026-01-17,wk inc flu hosp,2026-01-31,2329.0,FluSight-baseline
2,48,quantile,0.975,2026-01-17,wk inc flu hosp,2026-01-31,2605.0,FluSight-baseline
2,48,quantile,0.99,2026-01-17,wk inc flu hosp,2026-01-31,2990.0,FluSight-baseline
3,48,quantile,0.01,2026-01-17,wk inc flu hosp,2026-02-07,0.0,FluSight-baseline
3,48,quantile,0.025,2026-01-17,wk inc flu hosp,2026-02-07,281.0,FluSight-baseline
3,48,quantile,0.05,2026-01-17,wk inc flu hosp,2026-02-07,588.0,FluSight-baseline
3,48,quantile,0.1,2026-01-17,wk inc flu hosp,2026-02-07,874.0,FluSight-baseline
3,48,quantile,0.15,2026-01-17,wk inc flu hosp,2026-02-07,1045.0,FluSight-baseline
3,48,quantile,0.2,2026-01-17,wk inc flu hosp,2026-02-07,1154.0,FluSight-baseline
3,48,quantile,0.25,2026-01-17,wk inc flu hosp,2026-02-07,1245.0,FluSight-baseline
3,48,quantile,0.3,2026-01-17,wk inc flu hosp,2026-02-07,1321.0,FluSight-baseline
3,48,quantile,0.35,2026-01-17,wk inc flu hosp,2026-02-07,1383.0,FluSight-baseline
3,48,quantile,0.4,2026-01-17,wk inc flu hosp,2026-02-07,1435.0,FluSight-baseline
3,48,quantile,0.45,2026-01-17,wk inc flu hosp,2026-02-07,1481.0,FluSight-baseline
3,48,quantile,0.5,2026-01-17,wk inc flu hosp,2026-02-07,1521.0,FluSight-baseline
3,48,quantile,0.55,2026-01-17,wk inc flu hosp,2026-02-07,1561.0,FluSight-baseline
3,48,quantile,0.6,2026-01-17,wk inc flu hosp,2026-02-07,1607.0,FluSight-baseline
3,48,quantile,0.65,2026-01-17,wk inc flu hosp,2026-02-07,1660.0,FluSight-baseline
3,48,quantile,0.7,2026-01-17,wk inc flu hosp,2026-02-07,1722.0,FluSight-baseline
3,48,quantile,0.75,2026-01-17,wk inc flu hosp,2026-02-07,1796.0,FluSight-baseline
3,48,quantile,0.8,2026-01-17,wk inc flu hosp,2026-02-07,1886.0,FluSight-baseline
3,48,quantile,0.85,2026-01-17,wk inc flu hosp,2026-02-07,1996.0,FluSight-baseline
3,48,quantile,0.9,2026-01-17,wk inc flu hosp,2026-02-07,2167.0,FluSight-baseline
3,48,quantile,0.95,2026-01-17,wk inc flu hosp,2026-02-07,2455.0,FluSight-baseline
3,48,quantile,0.975,2026-01-17,wk inc flu hosp,2026-02-07,2761.0,FluSight-baseline
3,48,quantile,0.99,2026-01-17,wk inc flu hosp,2026-02-07,3114.0,FluSight-baseline
0,48,quantile,0.01,2026-01-24,wk inc flu hosp,2026-01-24,196.0,FluSight-baseline
0,48,quantile,0.025,2026-01-24,wk inc flu hosp,2026-01-24,482.0,FluSight-baseline
0,48,quantile,0.05,2026-01-24,wk inc flu hosp,2026-01-24,666.0,FluSight-baseline
0,48,quantile,0.1,2026-01-24,wk inc flu hosp,2026-01-24,854.0,FluSight-baseline
0,48,quantile,0.15,2026-01-24,wk inc flu hosp,2026-01-24,962.0,FluSight-baseline
0,48,quantile,0.2,2026-01-24,wk inc flu hosp,2026-01-24,1010.0,FluSight-baseline
0,48,quantile,0.25,2026-01-24,wk inc flu hosp,2026-01-24,1052.0,FluSight-baseline
0,48,quantile,0.3,2026-01-24,wk inc flu hosp,2026-01-24,1075.0,FluSight-baseline
0,48,quantile,0.35,2026-01-24,wk inc flu hosp,2026-01-24,1083.0,FluSight-baseline
0,48,quantile,0.4,2026-01-24,wk inc flu hosp,2026-01-24,1089.0,FluSight-baseline
0,48,quantile,0.45,2026-01-24,wk inc flu hosp,2026-01-24,1096.0,FluSight-baseline
0,48,quantile,0.5,2026-01-24,wk inc flu hosp,2026-01-24,1102.0,FluSight-baseline
0,48,quantile,0.55,2026-01-24,wk inc flu hosp,2026-01-24,1108.0,FluSight-baseline
0,48,quantile,0.6,2026-01-24,wk inc flu hosp,2026-01-24,1115.0,FluSight-baseline
0,48,quantile,0.65,2026-01-24,wk inc flu hosp,2026-01-24,1121.0,FluSight-baseline
0,48,quantile,0.7,2026-01-24,wk inc flu hosp,2026-01-24,1129.0,FluSight-baseline
0,48,quantile,0.75,2026-01-24,wk inc flu hosp,2026-01-24,1152.0,FluSight-baseline
0,48,quantile,0.8,2026-01-24,wk inc flu hosp,2026-01-24,1194.0,FluSight-baseline
0,48,quantile,0.85,2026-01-24,wk inc flu hosp,2026-01-24,1242.0,FluSight-baseline
0,48,quantile,0.9,2026-01-24,wk inc flu hosp,2026-01-24,1350.0,FluSight-baseline
0,48,quantile,0.95,2026-01-24,wk inc flu hosp,2026-01-24,1538.0,FluSight-baseline
0,48,quantile,0.975,2026-01-24,wk inc flu hosp,2026-01-24,1722.0,FluSight-baseline
0,48,quantile,0.99,2026-01-24,wk inc flu hosp,2026-01-24,2008.0,FluSight-baseline
1,48,quantile,0.01,2026-01-24,wk inc flu hosp,2026-01-31,0.0,FluSight-baseline
1,48,quantile,0.025,2026-01-24,wk inc flu hosp,2026-01-31,217.0,FluSight-baseline
1,48,quantile,0.05,2026-01-24,wk inc flu hosp,2026-01-31,474.0,FluSight-baseline
1,48,quantile,0.1,2026-01-24,wk inc flu hosp,2026-01-31,682.0,FluSight-baseline
1,48,quantile,0.15,2026-01-24,wk inc flu hosp,2026-01-31,804.0,FluSight-baseline
1,48,quantile,0.2,2026-01-24,wk inc flu hosp,2026-01-31,901.0,FluSight-baseline
1,48,quantile,0.25,2026-01-24,wk inc flu hosp,2026-01-31,963.0,FluSight-baseline
1,48,quantile,0.3,2026-01-24,wk inc flu hosp,2026-01-31,1005.0,FluSight-baseline
1,48,quantile,0.35,2026-01-24,wk inc flu hosp,2026-01-31,1042.0,FluSight-baseline
1,48,quantile,0.4,2026-01-24,wk inc flu hosp,2026-01-31,1069.0,FluSight-baseline
1,48,quantile,0.45,2026-01-24,wk inc flu hosp,2026-01-31,1087.0,FluSight-baseline
1,48,quantile,0.5,2026-01-24,wk inc flu hosp,2026-01-31,1102.0,FluSight-baseline
1,48,quantile,0.55,2026-01-24,wk inc flu hosp,2026-01-31,1117.0,FluSight-baseline
1,48,quantile,0.6,2026-01-24,wk inc flu hosp,2026-01-31,1134.0,FluSight-baseline
1,48,quantile,0.65,2026-01-24,wk inc flu hosp,2026-01-31,1161.0,FluSight-baseline
1,48,quantile,0.7,2026-01-24,wk inc flu hosp,2026-01-31,1198.0,FluSight-baseline
1,48,quantile,0.75,2026-01-24,wk inc flu hosp,2026-01-31,1242.0,FluSight-baseline
1,48,quantile,0.8,2026-01-24,wk inc flu hosp,2026-01-31,1304.0,FluSight-baseline
1,48,quantile,0.85,2026-01-24,wk inc flu hosp,2026-01-31,1402.0,FluSight-baseline
1,48,quantile,0.9,2026-01-24,wk inc flu hosp,2026-01-31,1522.0,FluSight-baseline
1,48,quantile,0.95,2026-01-24,wk inc flu hosp,2026-01-31,1734.0,FluSight-baseline
1,48,quantile,0.975,2026-01-24,wk inc flu hosp,2026-01-31,1992.0,FluSight-baseline
1,48,quantile,0.99,2026-01-24,wk inc flu hosp,2026-01-31,2381.0,FluSight-baseline
2,48,quantile,0.01,2026-01-24,wk inc flu hosp,2026-02-07,0.0,FluSight-baseline
2,48,quantile,0.025,2026-01-24,wk inc flu hosp,2026-02-07,36.0,FluSight-baseline
2,48,quantile,0.05,2026-01-24,wk inc flu hosp,2026-02-07,302.0,FluSight-baseline
2,48,quantile,0.1,2026-01-24,wk inc flu hosp,2026-02-07,568.0,FluSight-baseline
2,48,quantile,0.15,2026-01-24,wk inc flu hosp,2026-02-07,700.0,FluSight-baseline
2,48,quantile,0.2,2026-01-24,wk inc flu hosp,2026-02-07,802.0,FluSight-baseline
2,48,quantile,0.25,2026-01-24,wk inc flu hosp,2026-02-07,886.0,FluSight-baseline
2,48,quantile,0.3,2026-01-24,wk inc flu hosp,2026-02-07,952.0,FluSight-baseline
2,48,quantile,0.35,2026-01-24,wk inc flu hosp,2026-02-07,1000.0,FluSight-baseline
2,48,quantile,0.4,2026-01-24,wk inc flu hosp,2026-02-07,1042.0,FluSight-baseline
2,48,quantile,0.45,2026-01-24,wk inc flu hosp,2026-02-07,1076.0,FluSight-baseline
2,48,quantile,0.5,2026-01-24,wk inc flu hosp,2026-02-07,1102.0,FluSight-baseline
2,48,quantile,0.55,2026-01-24,wk inc flu hosp,2026-02-07,1130.0,FluSight-baseline
2,48,quantile,0.6,2026-01-24,wk inc flu hosp,2026-02-07,1163.0,FluSight-baseline
2,48,quantile,0.65,2026-01-24,wk inc flu hosp,2026-02-07,1205.0,FluSight-baseline
2,48,quantile,0.7,2026-01-24,wk inc flu hosp,2026-02-07,1255.0,FluSight-baseline
2,48,quantile,0.75,2026-01-24,wk inc flu hosp,2026-02-07,1321.0,FluSight-baseline
2,48,quantile,0.8,2026-01-24,wk inc flu hosp,2026-02-07,1405.0,FluSight-baseline
2,48,quantile,0.85,2026-01-24,wk inc flu hosp,2026-02-07,1506.0,FluSight-baseline
2,48,quantile,0.9,2026-01-24,wk inc flu hosp,2026-02-07,1637.0,FluSight-baseline
2,48,quantile,0.95,2026-01-24,wk inc flu hosp,2026-02-07,1901.0,FluSight-baseline
2,48,quantile,0.975,2026-01-24,wk inc flu hosp,2026-02-07,2182.0,FluSight-baseline
2,48,quantile,0.99,2026-01-24,wk inc flu hosp,2026-02-07,2563.0,FluSight-baseline
3,48,quantile,0.01,2026-01-24,wk inc flu hosp,2026-02-14,0.0,FluSight-baseline
3,48,quantile,0.025,2026-01-24,wk inc flu hosp,2026-02-14,0.0,FluSight-baseline
3,48,quantile,0.05,2026-01-24,wk inc flu hosp,2026-02-14,174.0,FluSight-baseline
3,48,quantile,0.1,2026-01-24,wk inc flu hosp,2026-02-14,458.0,FluSight-baseline
3,48,quantile,0.15,2026-01-24,wk inc flu hosp,2026-02-14,619.0,FluSight-baseline
3,48,quantile,0.2,2026-01-24,wk inc flu hosp,2026-02-14,727.0,FluSight-baseline
3,48,quantile,0.25,2026-01-24,wk inc flu hosp,2026-02-14,822.0,FluSight-baseline
3,48,quantile,0.3,2026-01-24,wk inc flu hosp,2026-02-14,898.0,FluSight-baseline
3,48,quantile,0.35,2026-01-24,wk inc flu hosp,2026-02-14,961.0,FluSight-baseline
3,48,quantile,0.4,2026-01-24,wk inc flu hosp,2026-02-14,1014.0,FluSight-baseline
3,48,quantile,0.45,2026-01-24,wk inc flu hosp,2026-02-14,1061.0,FluSight-baseline
3,48,quantile,0.5,2026-01-24,wk inc flu hosp,2026-02-14,1102.0,FluSight-baseline
3,48,quantile,0.55,2026-01-24,wk inc flu hosp,2026-02-14,1143.0,FluSight-baseline
3,48,quantile,0.6,2026-01-24,wk inc flu hosp,2026-02-14,1189.0,FluSight-baseline
3,48,quantile,0.65,2026-01-24,wk inc flu hosp,2026-02-14,1242.0,FluSight-baseline
3,48,quantile,0.7,2026-01-24,wk inc flu hosp,2026-02-14,1305.0,FluSight-baseline
3,48,quantile,0.75,2026-01-24,wk inc flu hosp,2026-02-14,1383.0,FluSight-baseline
3,48,quantile,0.8,2026-01-24,wk inc flu hosp,2026-02-14,1474.0,FluSight-baseline
3,48,quantile,0.85,2026-01-24,wk inc flu hosp,2026-02-14,1582.0,FluSight-baseline
3,48,quantile,0.9,2026-01-24,wk inc flu hosp,2026-02-14,1744.0,FluSight-baseline
3,48,quantile,0.95,2026-01-24,wk inc flu hosp,2026-02-14,2034.0,FluSight-baseline
3,48,quantile,0.975,2026-01-24,wk inc flu hosp,2026-02-14,2344.0,FluSight-baseline
3,48,quantile,0.99,2026-01-24,wk inc flu hosp,2026-02-14,2701.0,FluSight-baseline
0,48,quantile,0.01,2026-01-31,wk inc flu hosp,2026-01-31,135.0,FluSight-baseline
0,48,quantile,0.025,2026-01-31,wk inc flu hosp,2026-01-31,423.0,FluSight-baseline
0,48,quantile,0.05,2026-01-31,wk inc flu hosp,2026-01-31,606.0,FluSight-baseline
0,48,quantile,0.1,2026-01-31,wk inc flu hosp,2026-01-31,795.0,FluSight-baseline
0,48,quantile,0.15,2026-01-31,wk inc flu hosp,2026-01-31,901.0,FluSight-baseline
0,48,quantile,0.2,2026-01-31,wk inc flu hosp,2026-01-31,948.0,FluSight-baseline
0,48,quantile,0.25,2026-01-31,wk inc flu hosp,2026-01-31,989.0,FluSight-baseline
0,48,quantile,0.3,2026-01-31,wk inc flu hosp,2026-01-31,1014.0,FluSight-baseline
0,48,quantile,0.35,2026-01-31,wk inc flu hosp,2026-01-31,1022.0,FluSight-baseline
0,48,quantile,0.4,2026-01-31,wk inc flu hosp,2026-01-31,1028.0,FluSight-baseline
0,48,quantile,0.45,2026-01-31,wk inc flu hosp,2026-01-31,1035.0,FluSight-baseline
0,48,quantile,0.5,2026-01-31,wk inc flu hosp,2026-01-31,1041.0,FluSight-baseline
0,48,quantile,0.55,2026-01-31,wk inc flu hosp,2026-01-31,1047.0,FluSight-baseline
0,48,quantile,0.6,2026-01-31,wk inc flu hosp,2026-01-31,1054.0,FluSight-baseline
0,48,quantile,0.65,2026-01-31,wk inc flu hosp,2026-01-31,1060.0,FluSight-baseline
0,48,quantile,0.7,2026-01-31,wk inc flu hosp,2026-01-31,1068.0,FluSight-baseline
0,48,quantile,0.75,2026-01-31,wk inc flu hosp,2026-01-31,1093.0,FluSight-baseline
0,48,quantile,0.8,2026-01-31,wk inc flu hosp,2026-01-31,1134.0,FluSight-baseline
0,48,quantile,0.85,2026-01-31,wk inc flu hosp,2026-01-31,1181.0,FluSight-baseline
0,48,quantile,0.9,2026-01-31,wk inc flu hosp,2026-01-31,1288.0,FluSight-baseline
0,48,quantile,0.95,2026-01-31,wk inc flu hosp,2026-01-31,1476.0,FluSight-baseline
0,48,quantile,0.975,2026-01-31,wk inc flu hosp,2026-01-31,1659.0,FluSight-baseline
0,48,quantile,0.99,2026-01-31,wk inc flu hosp,2026-01-31,1947.0,FluSight-baseline
1,48,quantile,0.01,2026-01-31,wk inc flu hosp,2026-02-07,0.0,FluSight-baseline
1,48,quantile,0.025,2026-01-31,wk inc flu hosp,2026-02-07,154.0,FluSight-baseline
1,48,quantile,0.05,2026-01-31,wk inc flu hosp,2026-02-07,412.0,FluSight-baseline
1,48,quantile,0.1,2026-01-31,wk inc flu hosp,2026-02-07,622.0,FluSight-baseline
1,48,quantile,0.15,2026-01-31,wk inc flu hosp,2026-02-07,742.0,FluSight-baseline
1,48,quantile,0.2,2026-01-31,wk inc flu hosp,2026-02-07,842.0,FluSight-baseline
1,48,quantile,0.25,2026-01-31,wk inc flu hosp,2026-02-07,902.0,FluSight-baseline
1,48,quantile,0.3,2026-01-31,wk inc flu hosp,2026-02-07,946.0,FluSight-baseline
1,48,quantile,0.35,2026-01-31,wk inc flu hosp,2026-02-07,982.0,FluSight-baseline
1,48,quantile,0.4,2026-01-31,wk inc flu hosp,2026-02-07,1009.0,FluSight-baseline
1,48,quantile,0.45,2026-01-31,wk inc flu hosp,2026-02-07,1026.0,FluSight-baseline
1,48,quantile,0.5,2026-01-31,wk inc flu hosp,2026-02-07,1041.0,FluSight-baseline
1,48,quantile,0.55,2026-01-31,wk inc flu hosp,2026-02-07,1056.0,FluSight-baseline
1,48,quantile,0.6,2026-01-31,wk inc flu hosp,2026-02-07,1074.0,FluSight-baseline
1,48,quantile,0.65,2026-01-31,wk inc flu hosp,2026-02-07,1101.0,FluSight-baseline
1,48,quantile,0.7,2026-01-31,wk inc flu hosp,2026-02-07,1139.0,FluSight-baseline
1,48,quantile,0.75,2026-01-31,wk inc flu hosp,2026-02-07,1180.0,FluSight-baseline
1,48,quantile,0.8,2026-01-31,wk inc flu hosp,2026-02-07,1240.0,FluSight-baseline
1,48,quantile,0.85,2026-01-31,wk inc flu hosp,2026-02-07,1339.0,FluSight-baseline
1,48,quantile,0.9,2026-01-31,wk inc flu hosp,2026-02-07,1461.0,FluSight-baseline
1,48,quantile,0.95,2026-01-31,wk inc flu hosp,2026-02-07,1668.0,FluSight-baseline
1,48,quantile,0.975,2026-01-31,wk inc flu hosp,2026-02-07,1930.0,FluSight-baseline
1,48,quantile,0.99,2026-01-31,wk inc flu hosp,2026-02-07,2327.0,FluSight-baseline
2,48,quantile,0.01,2026-01-31,wk inc flu hosp,2026-02-14,0.0,FluSight-baseline
2,48,quantile,0.025,2026-01-31,wk inc flu hosp,2026-02-14,0.0,FluSight-baseline
2,48,quantile,0.05,2026-01-31,wk inc flu hosp,2026-02-14,244.0,FluSight-baseline
2,48,quantile,0.1,2026-01-31,wk inc flu hosp,2026-02-14,510.0,FluSight-baseline
2,48,quantile,0.15,2026-01-31,wk inc flu hosp,2026-02-14,639.0,FluSight-baseline
2,48,quantile,0.2,2026-01-31,wk inc flu hosp,2026-02-14,743.0,FluSight-baseline
2,48,quantile,0.25,2026-01-31,wk inc flu hosp,2026-02-14,827.0,FluSight-baseline
2,48,quantile,0.3,2026-01-31,wk inc flu hosp,2026-02-14,891.0,FluSight-baseline
2,48,quantile,0.35,2026-01-31,wk inc flu hosp,2026-02-14,939.0,FluSight-baseline
2,48,quantile,0.4,2026-01-31,wk inc flu hosp,2026-02-14,980.0,FluSight-baseline
2,48,quantile,0.45,2026-01-31,wk inc flu hosp,2026-02-14,1014.0,FluSight-baseline
2,48,quantile,0.5,2026-01-31,wk inc flu hosp,2026-02-14,1041.0,FluSight-baseline
2,48,quantile,0.55,2026-01-31,wk inc flu hosp,2026-02-14,1069.0,FluSight-baseline
2,48,quantile,0.6,2026-01-31,wk inc flu hosp,2026-02-14,1102.0,FluSight-baseline
2,48,quantile,0.65,2026-01-31,wk inc flu hosp,2026-02-14,1143.0,FluSight-baseline
2,48,quantile,0.7,2026-01-31,wk inc flu hosp,2026-02-14,1191.0,FluSight-baseline
2,48,quantile,0.75,2026-01-31,wk inc flu hosp,2026-02-14,1254.0,FluSight-baseline
2,48,quantile,0.8,2026-01-31,wk inc flu hosp,2026-02-14,1338.0,FluSight-baseline
2,48,quantile,0.85,2026-01-31,wk inc flu hosp,2026-02-14,1441.0,FluSight-baseline
2,48,quantile,0.9,2026-01-31,wk inc flu hosp,2026-02-14,1571.0,FluSight-baseline
2,48,quantile,0.95,2026-01-31,wk inc flu hosp,2026-02-14,1837.0,FluSight-baseline
2,48,quantile,0.975,2026-01-31,wk inc flu hosp,2026-02-14,2126.0,FluSight-baseline
2,48,quantile,0.99,2026-01-31,wk inc flu hosp,2026-02-14,2493.0,FluSight-baseline
3,48,quantile,0.01,2026-01-31,wk inc flu hosp,2026-02-21,0.0,FluSight-baseline
3,48,quantile,0.025,2026-01-31,wk inc flu hosp,2026-02-21,0.0,FluSight-baseline
3,48,quantile,0.05,2026-01-31,wk inc flu hosp,2026-02-21,117.0,FluSight-baseline
3,48,quantile,0.1,2026-01-31,wk inc flu hosp,2026-02-21,403.0,FluSight-baseline
3,48,quantile,0.15,2026-01-31,wk inc flu hosp,2026-02-21,563.0,FluSight-baseline
3,48,quantile,0.2,2026-01-31,wk inc flu hosp,2026-02-21,670.0,FluSight-baseline
3,48,quantile,0.25,2026-01-31,wk inc flu hosp,2026-02-21,762.0,FluSight-baseline
3,48,quantile,0.3,2026-01-31,wk inc flu hosp,2026-02-21,839.0,FluSight-baseline
3,48,quantile,0.35,2026-01-31,wk inc flu hosp,2026-02-21,902.0,FluSight-baseline
3,48,quantile,0.4,2026-01-31,wk inc flu hosp,2026-02-21,954.0,FluSight-baseline
3,48,quantile,0.45,2026-01-31,wk inc flu hosp,2026-02-21,1001.0,FluSight-baseline
3,48,quantile,0.5,2026-01-31,wk inc flu hosp,2026-02-21,1041.0,FluSight-baseline
3,48,quantile,0.55,2026-01-31,wk inc flu hosp,2026-02-21,1082.0,FluSight-baseline
3,48,quantile,0.6,2026-01-31,wk inc flu hosp,2026-02-21,1128.0,FluSight-baseline
3,48,quantile,0.65,2026-01-31,wk inc flu hosp,2026-02-21,1181.0,FluSight-baseline
3,48,quantile,0.7,2026-01-31,wk inc flu hosp,2026-02-21,1245.0,FluSight-baseline
3,48,quantile,0.75,2026-01-31,wk inc flu hosp,2026-02-21,1321.0,FluSight-baseline
3,48,quantile,0.8,2026-01-31,wk inc flu hosp,2026-02-21,1412.0,FluSight-baseline
3,48,quantile,0.85,2026-01-31,wk inc flu hosp,2026-02-21,1523.0,FluSight-baseline
3,48,quantile,0.9,2026-01-31,wk inc flu hosp,2026-02-21,1683.0,FluSight-baseline
3,48,quantile,0.95,2026-01-31,wk inc flu hosp,2026-02-21,1972.0,FluSight-baseline
3,48,quantile,0.975,2026-01-31,wk inc flu hosp,2026-02-21,2274.0,FluSight-baseline
3,48,quantile,0.99,2026-01-31,wk inc flu hosp,2026-02-21,2630.0,FluSight-baseline
0,48,quantile,0.01,2026-02-07,wk inc flu hosp,2026-02-07,255.0,FluSight-baseline
0,48,quantile,0.025,2026-02-07,wk inc flu hosp,2026-02-07,536.0,FluSight-baseline
0,48,quantile,0.05,2026-02-07,wk inc flu hosp,2026-02-07,719.0,FluSight-baseline
0,48,quantile,0.1,2026-02-07,wk inc flu hosp,2026-02-07,913.0,FluSight-baseline
0,48,quantile,0.15,2026-02-07,wk inc flu hosp,2026-02-07,1012.0,FluSight-baseline
0,48,quantile,0.2,2026-02-07,wk inc flu hosp,2026-02-07,1061.0,FluSight-baseline
0,48,quantile,0.25,2026-02-07,wk inc flu hosp,2026-02-07,1104.0,FluSight-baseline
0,48,quantile,0.3,2026-02-07,wk inc flu hosp,2026-02-07,1131.0,FluSight-baseline
0,48,quantile,0.35,2026-02-07,wk inc flu hosp,2026-02-07,1139.0,FluSight-baseline
0,48,quantile,0.4,2026-02-07,wk inc flu hosp,2026-02-07,1146.0,FluSight-baseline
0,48,quantile,0.45,2026-02-07,wk inc flu hosp,2026-02-07,1151.0,FluSight-baseline
0,48,quantile,0.5,2026-02-07,wk inc flu hosp,2026-02-07,1158.0,FluSight-baseline
0,48,quantile,0.55,2026-02-07,wk inc flu hosp,2026-02-07,1165.0,FluSight-baseline
0,48,quantile,0.6,2026-02-07,wk inc flu hosp,2026-02-07,1170.0,FluSight-baseline
0,48,quantile,0.65,2026-02-07,wk inc flu hosp,2026-02-07,1177.0,FluSight-baseline
0,48,quantile,0.7,2026-02-07,wk inc flu hosp,2026-02-07,1185.0,FluSight-baseline
0,48,quantile,0.75,2026-02-07,wk inc flu hosp,2026-02-07,1212.0,FluSight-baseline
0,48,quantile,0.8,2026-02-07,wk inc flu hosp,2026-02-07,1255.0,FluSight-baseline
0,48,quantile,0.85,2026-02-07,wk inc flu hosp,2026-02-07,1304.0,FluSight-baseline
0,48,quantile,0.9,2026-02-07,wk inc flu hosp,2026-02-07,1403.0,FluSight-baseline
0,48,quantile,0.95,2026-02-07,wk inc flu hosp,2026-02-07,1597.0,FluSight-baseline
0,48,quantile,0.975,2026-02-07,wk inc flu hosp,2026-02-07,1780.0,FluSight-baseline
0,48,quantile,0.99,2026-02-07,wk inc flu hosp,2026-02-07,2061.0,FluSight-baseline
1,48,quantile,0.01,2026-02-07,wk inc flu hosp,2026-02-14,0.0,FluSight-baseline
1,48,quantile,0.025,2026-02-07,wk inc flu hosp,2026-02-14,276.0,FluSight-baseline
1,48,quantile,0.05,2026-02-07,wk inc flu hosp,2026-02-14,533.0,FluSight-baseline
1,48,quantile,0.1,2026-02-07,wk inc flu hosp,2026-02-14,739.0,FluSight-baseline
1,48,quantile,0.15,2026-02-07,wk inc flu hosp,2026-02-14,861.0,FluSight-baseline
1,48,quantile,0.2,2026-02-07,wk inc flu hosp,2026-02-14,957.0,FluSight-baseline
1,48,quantile,0.25,2026-02-07,wk inc flu hosp,2026-02-14,1015.0,FluSight-baseline
1,48,quantile,0.3,2026-02-07,wk inc flu hosp,2026-02-14,1058.0,FluSight-baseline
1,48,quantile,0.35,2026-02-07,wk inc flu hosp,2026-02-14,1097.0,FluSight-baseline
1,48,quantile,0.4,2026-02-07,wk inc flu hosp,2026-02-14,1125.0,FluSight-baseline
1,48,quantile,0.45,2026-02-07,wk inc flu hosp,2026-02-14,1143.0,FluSight-baseline
1,48,quantile,0.5,2026-02-07,wk inc flu hosp,2026-02-14,1158.0,FluSight-baseline
1,48,quantile,0.55,2026-02-07,wk inc flu hosp,2026-02-14,1173.0,FluSight-baseline
1,48,quantile,0.6,2026-02-07,wk inc flu hosp,2026-02-14,1191.0,FluSight-baseline
1,48,quantile,0.65,2026-02-07,wk inc flu hosp,2026-02-14,1219.0,FluSight-baseline
1,48,quantile,0.7,2026-02-07,wk inc flu hosp,2026-02-14,1257.0,FluSight-baseline
1,48,quantile,0.75,2026-02-07,wk inc flu hosp,2026-02-14,1300.0,FluSight-baseline
1,48,quantile,0.8,2026-02-07,wk inc flu hosp,2026-02-14,1356.0,FluSight-baseline
1,48,quantile,0.85,2026-02-07,wk inc flu hosp,2026-02-14,1454.0,FluSight-baseline
1,48,quantile,0.9,2026-02-07,wk inc flu hosp,2026-02-14,1579.0,FluSight-baseline
1,48,quantile,0.95,2026-02-07,wk inc flu hosp,2026-02-14,1786.0,FluSight-baseline
1,48,quantile,0.975,2026-02-07,wk inc flu hosp,2026-02-14,2051.0,FluSight-baseline
1,48,quantile,0.99,2026-02-07,wk inc flu hosp,2026-02-14,2449.0,FluSight-baseline
2,48,quantile,0.01,2026-02-07,wk inc flu hosp,2026-02-21,0.0,FluSight-baseline
2,48,quantile,0.025,2026-02-07,wk inc flu hosp,2026-02-21,88.0,FluSight-baseline
2,48,quantile,0.05,2026-02-07,wk inc flu hosp,2026-02-21,363.0,FluSight-baseline
2,48,quantile,0.1,2026-02-07,wk inc flu hosp,2026-02-21,629.0,FluSight-baseline
2,48,quantile,0.15,2026-02-07,wk inc flu hosp,2026-02-21,761.0,FluSight-baseline
2,48,quantile,0.2,2026-02-07,wk inc flu hosp,2026-02-21,862.0,FluSight-baseline
2,48,quantile,0.25,2026-02-07,wk inc flu hosp,2026-02-21,944.0,FluSight-baseline
2,48,quantile,0.3,2026-02-07,wk inc flu hosp,2026-02-21,1006.0,FluSight-baseline
2,48,quantile,0.35,2026-02-07,wk inc flu hosp,2026-02-21,1054.0,FluSight-baseline
2,48,quantile,0.4,2026-02-07,wk inc flu hosp,2026-02-21,1096.0,FluSight-baseline
2,48,quantile,0.45,2026-02-07,wk inc flu hosp,2026-02-21,1130.0,FluSight-baseline
2,48,quantile,0.5,2026-02-07,wk inc flu hosp,2026-02-21,1158.0,FluSight-baseline
2,48,quantile,0.55,2026-02-07,wk inc flu hosp,2026-02-21,1186.0,FluSight-baseline
2,48,quantile,0.6,2026-02-07,wk inc flu hosp,2026-02-21,1220.0,FluSight-baseline
2,48,quantile,0.65,2026-02-07,wk inc flu hosp,2026-02-21,1263.0,FluSight-baseline
2,48,quantile,0.7,2026-02-07,wk inc flu hosp,2026-02-21,1310.0,FluSight-baseline
2,48,quantile,0.75,2026-02-07,wk inc flu hosp,2026-02-21,1373.0,FluSight-baseline
2,48,quantile,0.8,2026-02-07,wk inc flu hosp,2026-02-21,1455.0,FluSight-baseline
2,48,quantile,0.85,2026-02-07,wk inc flu hosp,2026-02-21,1558.0,FluSight-baseline
2,48,quantile,0.9,2026-02-07,wk inc flu hosp,2026-02-21,1686.0,FluSight-baseline
2,48,quantile,0.95,2026-02-07,wk inc flu hosp,2026-02-21,1956.0,FluSight-baseline
2,48,quantile,0.975,2026-02-07,wk inc flu hosp,2026-02-21,2242.0,FluSight-baseline
2,48,quantile,0.99,2026-02-07,wk inc flu hosp,2026-02-21,2614.0,FluSight-baseline
3,48,quantile,0.01,2026-02-07,wk inc flu hosp,2026-02-28,0.0,FluSight-baseline
3,48,quantile,0.025,2026-02-07,wk inc flu hosp,2026-02-28,0.0,FluSight-baseline
3,48,quantile,0.05,2026-02-07,wk inc flu hosp,2026-02-28,234.0,FluSight-baseline
3,48,quantile,0.1,2026-02-07,wk inc flu hosp,2026-02-28,520.0,FluSight-baseline
3,48,quantile,0.15,2026-02-07,wk inc flu hosp,2026-02-28,681.0,FluSight-baseline
3,48,quantile,0.2,2026-02-07,wk inc flu hosp,2026-02-28,792.0,FluSight-baseline
3,48,quantile,0.25,2026-02-07,wk inc flu hosp,2026-02-28,881.0,FluSight-baseline
3,48,quantile,0.3,2026-02-07,wk inc flu hosp,2026-02-28,956.0,FluSight-baseline
3,48,quantile,0.35,2026-02-07,wk inc flu hosp,2026-02-28,1018.0,FluSight-baseline
3,48,quantile,0.4,2026-02-07,wk inc flu hosp,2026-02-28,1071.0,FluSight-baseline
3,48,quantile,0.45,2026-02-07,wk inc flu hosp,2026-02-28,1117.0,FluSight-baseline
3,48,quantile,0.5,2026-02-07,wk inc flu hosp,2026-02-28,1158.0,FluSight-baseline
3,48,quantile,0.55,2026-02-07,wk inc flu hosp,2026-02-28,1199.0,FluSight-baseline
3,48,quantile,0.6,2026-02-07,wk inc flu hosp,2026-02-28,1245.0,FluSight-baseline
3,48,quantile,0.65,2026-02-07,wk inc flu hosp,2026-02-28,1298.0,FluSight-baseline
3,48,quantile,0.7,2026-02-07,wk inc flu hosp,2026-02-28,1359.0,FluSight-baseline
3,48,quantile,0.75,2026-02-07,wk inc flu hosp,2026-02-28,1434.0,FluSight-baseline
3,48,quantile,0.8,2026-02-07,wk inc flu hosp,2026-02-28,1526.0,FluSight-baseline
3,48,quantile,0.85,2026-02-07,wk inc flu hosp,2026-02-28,1636.0,FluSight-baseline
3,48,quantile,0.9,2026-02-07,wk inc flu hosp,2026-02-28,1796.0,FluSight-baseline
3,48,quantile,0.95,2026-02-07,wk inc flu hosp,2026-02-28,2088.0,FluSight-baseline
3,48,quantile,0.975,2026-02-07,wk inc flu hosp,2026-02-28,2401.0,FluSight-baseline
3,48,quantile,0.99,2026-02-07,wk inc flu hosp,2026-02-28,2758.0,FluSight-baseline
0,48,quantile,0.01,2026-02-14,wk inc flu hosp,2026-02-14,380.0,FluSight-baseline
0,48,quantile,0.025,2026-02-14,wk inc flu hosp,2026-02-14,660.0,FluSight-baseline
0,48,quantile,0.05,2026-02-14,wk inc flu hosp,2026-02-14,844.0,FluSight-baseline
0,48,quantile,0.1,2026-02-14,wk inc flu hosp,2026-02-14,1040.0,FluSight-baseline
0,48,quantile,0.15,2026-02-14,wk inc flu hosp,2026-02-14,1138.0,FluSight-baseline
0,48,quantile,0.2,2026-02-14,wk inc flu hosp,2026-02-14,1191.0,FluSight-baseline
0,48,quantile,0.25,2026-02-14,wk inc flu hosp,2026-02-14,1231.0,FluSight-baseline
0,48,quantile,0.3,2026-02-14,wk inc flu hosp,2026-02-14,1255.0,FluSight-baseline
0,48,quantile,0.35,2026-02-14,wk inc flu hosp,2026-02-14,1264.0,FluSight-baseline
0,48,quantile,0.4,2026-02-14,wk inc flu hosp,2026-02-14,1271.0,FluSight-baseline
0,48,quantile,0.45,2026-02-14,wk inc flu hosp,2026-02-14,1276.0,FluSight-baseline
0,48,quantile,0.5,2026-02-14,wk inc flu hosp,2026-02-14,1283.0,FluSight-baseline
0,48,quantile,0.55,2026-02-14,wk inc flu hosp,2026-02-14,1290.0,FluSight-baseline
0,48,quantile,0.6,2026-02-14,wk inc flu hosp,2026-02-14,1295.0,FluSight-baseline
0,48,quantile,0.65,2026-02-14,wk inc flu hosp,2026-02-14,1302.0,FluSight-baseline
0,48,quantile,0.7,2026-02-14,wk inc flu hosp,2026-02-14,1311.0,FluSight-baseline
0,48,quantile,0.75,2026-02-14,wk inc flu hosp,2026-02-14,1335.0,FluSight-baseline
0,48,quantile,0.8,2026-02-14,wk inc flu hosp,2026-02-14,1375.0,FluSight-baseline
0,48,quantile,0.85,2026-02-14,wk inc flu hosp,2026-02-14,1428.0,FluSight-baseline
0,48,quantile,0.9,2026-02-14,wk inc flu hosp,2026-02-14,1526.0,FluSight-baseline
0,48,quantile,0.95,2026-02-14,wk inc flu hosp,2026-02-14,1722.0,FluSight-baseline
0,48,quantile,0.975,2026-02-14,wk inc flu hosp,2026-02-14,1906.0,FluSight-baseline
0,48,quantile,0.99,2026-02-14,wk inc flu hosp,2026-02-14,2186.0,FluSight-baseline
1,48,quantile,0.01,2026-02-14,wk inc flu hosp,2026-02-21,29.0,FluSight-baseline
1,48,quantile,0.025,2026-02-14,wk inc flu hosp,2026-02-21,398.0,FluSight-baseline
1,48,quantile,0.05,2026-02-14,wk inc flu hosp,2026-02-21,657.0,FluSight-baseline
1,48,quantile,0.1,2026-02-14,wk inc flu hosp,2026-02-21,864.0,FluSight-baseline
1,48,quantile,0.15,2026-02-14,wk inc flu hosp,2026-02-21,988.0,FluSight-baseline
1,48,quantile,0.2,2026-02-14,wk inc flu hosp,2026-02-21,1085.0,FluSight-baseline
1,48,quantile,0.25,2026-02-14,wk inc flu hosp,2026-02-21,1143.0,FluSight-baseline
1,48,quantile,0.3,2026-02-14,wk inc flu hosp,2026-02-21,1186.0,FluSight-baseline
1,48,quantile,0.35,2026-02-14,wk inc flu hosp,2026-02-21,1222.0,FluSight-baseline
1,48,quantile,0.4,2026-02-14,wk inc flu hosp,2026-02-21,1249.0,FluSight-baseline
1,48,quantile,0.45,2026-02-14,wk inc flu hosp,2026-02-21,1268.0,FluSight-baseline
1,48,quantile,0.5,2026-02-14,wk inc flu hosp,2026-02-21,1283.0,FluSight-baseline
1,48,quantile,0.55,2026-02-14,wk inc flu hosp,2026-02-21,1298.0,FluSight-baseline
1,48,quantile,0.6,2026-02-14,wk inc flu hosp,2026-02-21,1316.0,FluSight-baseline
1,48,quantile,0.65,2026-02-14,wk inc flu hosp,2026-02-21,1343.0,FluSight-baseline
1,48,quantile,0.7,2026-02-14,wk inc flu hosp,2026-02-21,1379.0,FluSight-baseline
1,48,quantile,0.75,2026-02-14,wk inc flu hosp,2026-02-21,1422.0,FluSight-baseline
1,48,quantile,0.8,2026-02-14,wk inc flu hosp,2026-02-21,1480.0,FluSight-baseline
1,48,quantile,0.85,2026-02-14,wk inc flu hosp,2026-02-21,1578.0,FluSight-baseline
1,48,quantile,0.9,2026-02-14,wk inc flu hosp,2026-02-21,1702.0,FluSight-baseline
1,48,quantile,0.95,2026-02-14,wk inc flu hosp,2026-02-21,1911.0,FluSight-baseline
1,48,quantile,0.975,2026-02-14,wk inc flu hosp,2026-02-21,2174.0,FluSight-baseline
1,48,quantile,0.99,2026-02-14,wk inc flu hosp,2026-02-21,2582.0,FluSight-baseline
2,48,quantile,0.01,2026-02-14,wk inc flu hosp,2026-02-28,0.0,FluSight-baseline
2,48,quantile,0.025,2026-02-14,wk inc flu hosp,2026-02-28,199.0,FluSight-baseline
2,48,quantile,0.05,2026-02-14,wk inc flu hosp,2026-02-28,490.0,FluSight-baseline
2,48,quantile,0.1,2026-02-14,wk inc flu hosp,2026-02-28,756.0,FluSight-baseline
2,48,quantile,0.15,2026-02-14,wk inc flu hosp,2026-02-28,886.0,FluSight-baseline
2,48,quantile,0.2,2026-02-14,wk inc flu hosp,2026-02-28,988.0,FluSight-baseline
2,48,quantile,0.25,2026-02-14,wk inc flu hosp,2026-02-28,1069.0,FluSight-baseline
2,48,quantile,0.3,2026-02-14,wk inc flu hosp,2026-02-28,1132.0,FluSight-baseline
2,48,quantile,0.35,2026-02-14,wk inc flu hosp,2026-02-28,1180.0,FluSight-baseline
2,48,quantile,0.4,2026-02-14,wk inc flu hosp,2026-02-28,1221.0,FluSight-baseline
2,48,quantile,0.45,2026-02-14,wk inc flu hosp,2026-02-28,1255.0,FluSight-baseline
2,48,quantile,0.5,2026-02-14,wk inc flu hosp,2026-02-28,1283.0,FluSight-baseline
2,48,quantile,0.55,2026-02-14,wk inc flu hosp,2026-02-28,1311.0,FluSight-baseline
2,48,quantile,0.6,2026-02-14,wk inc flu hosp,2026-02-28,1345.0,FluSight-baseline
2,48,quantile,0.65,2026-02-14,wk inc flu hosp,2026-02-28,1386.0,FluSight-baseline
2,48,quantile,0.7,2026-02-14,wk inc flu hosp,2026-02-28,1434.0,FluSight-baseline
2,48,quantile,0.75,2026-02-14,wk inc flu hosp,2026-02-28,1496.0,FluSight-baseline
2,48,quantile,0.8,2026-02-14,wk inc flu hosp,2026-02-28,1579.0,FluSight-baseline
2,48,quantile,0.85,2026-02-14,wk inc flu hosp,2026-02-28,1681.0,FluSight-baseline
2,48,quantile,0.9,2026-02-14,wk inc flu hosp,2026-02-28,1813.0,FluSight-baseline
2,48,quantile,0.95,2026-02-14,wk inc flu hosp,2026-02-28,2084.0,FluSight-baseline
2,48,quantile,0.975,2026-02-14,wk inc flu hosp,2026-02-28,2386.0,FluSight-baseline
2,48,quantile,0.99,2026-02-14,wk inc flu hosp,2026-02-28,2769.0,FluSight-baseline
3,48,quantile,0.01,2026-02-14,wk inc flu hosp,2026-03-07,0.0,FluSight-baseline
3,48,quantile,0.025,2026-02-14,wk inc flu hosp,2026-03-07,60.0,FluSight-baseline
3,48,quantile,0.05,2026-02-14,wk inc flu hosp,2026-03-07,356.0,FluSight-baseline
3,48,quantile,0.1,2026-02-14,wk inc flu hosp,2026-03-07,644.0,FluSight-baseline
3,48,quantile,0.15,2026-02-14,wk inc flu hosp,2026-03-07,805.0,FluSight-baseline
3,48,quantile,0.2,2026-02-14,wk inc flu hosp,2026-03-07,915.0,FluSight-baseline
3,48,quantile,0.25,2026-02-14,wk inc flu hosp,2026-03-07,1006.0,FluSight-baseline
3,48,quantile,0.3,2026-02-14,wk inc flu hosp,2026-03-07,1082.0,FluSight-baseline
3,48,quantile,0.35,2026-02-14,wk inc flu hosp,2026-03-07,1144.0,FluSight-baseline
3,48,quantile,0.4,2026-02-14,wk inc flu hosp,2026-03-07,1196.0,FluSight-baseline
3,48,quantile,0.45,2026-02-14,wk inc flu hosp,2026-03-07,1242.0,FluSight-baseline
3,48,quantile,0.5,2026-02-14,wk inc flu hosp,2026-03-07,1283.0,FluSight-baseline
3,48,quantile,0.55,2026-02-14,wk inc flu hosp,2026-03-07,1325.0,FluSight-baseline
3,48,quantile,0.6,2026-02-14,wk inc flu hosp,2026-03-07,1370.0,FluSight-baseline
3,48,quantile,0.65,2026-02-14,wk inc flu hosp,2026-03-07,1423.0,FluSight-baseline
3,48,quantile,0.7,2026-02-14,wk inc flu hosp,2026-03-07,1484.0,FluSight-baseline
3,48,quantile,0.75,2026-02-14,wk inc flu hosp,2026-03-07,1560.0,FluSight-baseline
3,48,quantile,0.8,2026-02-14,wk inc flu hosp,2026-03-07,1651.0,FluSight-baseline
3,48,quantile,0.85,2026-02-14,wk inc flu hosp,2026-03-07,1758.0,FluSight-baseline
3,48,quantile,0.9,2026-02-14,wk inc flu hosp,2026-03-07,1923.0,FluSight-baseline
3,48,quantile,0.95,2026-02-14,wk inc flu hosp,2026-03-07,2220.0,FluSight-baseline
3,48,quantile,0.975,2026-02-14,wk inc flu hosp,2026-03-07,2534.0,FluSight-baseline
3,48,quantile,0.99,2026-02-14,wk inc flu hosp,2026-03-07,2887.0,FluSight-baseline
0,48,quantile,0.01,2026-02-21,wk inc flu hosp,2026-02-21,271.0,FluSight-baseline
0,48,quantile,0.025,2026-02-21,wk inc flu hosp,2026-02-21,551.0,FluSight-baseline
0,48,quantile,0.05,2026-02-21,wk inc flu hosp,2026-02-21,735.0,FluSight-baseline
0,48,quantile,0.1,2026-02-21,wk inc flu hosp,2026-02-21,931.0,FluSight-baseline
0,48,quantile,0.15,2026-02-21,wk inc flu hosp,2026-02-21,1029.0,FluSight-baseline
0,48,quantile,0.2,2026-02-21,wk inc flu hosp,2026-02-21,1081.0,FluSight-baseline
0,48,quantile,0.25,2026-02-21,wk inc flu hosp,2026-02-21,1112.0,FluSight-baseline
0,48,quantile,0.3,2026-02-21,wk inc flu hosp,2026-02-21,1145.0,FluSight-baseline
0,48,quantile,0.35,2026-02-21,wk inc flu hosp,2026-02-21,1154.0,FluSight-baseline
0,48,quantile,0.4,2026-02-21,wk inc flu hosp,2026-02-21,1161.0,FluSight-baseline
0,48,quantile,0.45,2026-02-21,wk inc flu hosp,2026-02-21,1166.0,FluSight-baseline
0,48,quantile,0.5,2026-02-21,wk inc flu hosp,2026-02-21,1173.0,FluSight-baseline
0,48,quantile,0.55,2026-02-21,wk inc flu hosp,2026-02-21,1180.0,FluSight-baseline
0,48,quantile,0.6,2026-02-21,wk inc flu hosp,2026-02-21,1185.0,FluSight-baseline
0,48,quantile,0.65,2026-02-21,wk inc flu hosp,2026-02-21,1192.0,FluSight-baseline
0,48,quantile,0.7,2026-02-21,wk inc flu hosp,2026-02-21,1201.0,FluSight-baseline
0,48,quantile,0.75,2026-02-21,wk inc flu hosp,2026-02-21,1234.0,FluSight-baseline
0,48,quantile,0.8,2026-02-21,wk inc flu hosp,2026-02-21,1265.0,FluSight-baseline
0,48,quantile,0.85,2026-02-21,wk inc flu hosp,2026-02-21,1317.0,FluSight-baseline
0,48,quantile,0.9,2026-02-21,wk inc flu hosp,2026-02-21,1415.0,FluSight-baseline
0,48,quantile,0.95,2026-02-21,wk inc flu hosp,2026-02-21,1611.0,FluSight-baseline
0,48,quantile,0.975,2026-02-21,wk inc flu hosp,2026-02-21,1795.0,FluSight-baseline
0,48,quantile,0.99,2026-02-21,wk inc flu hosp,2026-02-21,2075.0,FluSight-baseline
1,48,quantile,0.01,2026-02-21,wk inc flu hosp,2026-02-28,0.0,FluSight-baseline
1,48,quantile,0.025,2026-02-21,wk inc flu hosp,2026-02-28,290.0,FluSight-baseline
1,48,quantile,0.05,2026-02-21,wk inc flu hosp,2026-02-28,552.0,FluSight-baseline
1,48,quantile,0.1,2026-02-21,wk inc flu hosp,2026-02-28,757.0,FluSight-baseline
1,48,quantile,0.15,2026-02-21,wk inc flu hosp,2026-02-28,880.0,FluSight-baseline
1,48,quantile,0.2,2026-02-21,wk inc flu hosp,2026-02-28,977.0,FluSight-baseline
1,48,quantile,0.25,2026-02-21,wk inc flu hosp,2026-02-28,1032.0,FluSight-baseline
1,48,quantile,0.3,2026-02-21,wk inc flu hosp,2026-02-28,1075.0,FluSight-baseline
1,48,quantile,0.35,2026-02-21,wk inc flu hosp,2026-02-28,1111.0,FluSight-baseline
1,48,quantile,0.4,2026-02-21,wk inc flu hosp,2026-02-28,1138.0,FluSight-baseline
1,48,quantile,0.45,2026-02-21,wk inc flu hosp,2026-02-28,1157.0,FluSight-baseline
1,48,quantile,0.5,2026-02-21,wk inc flu hosp,2026-02-28,1173.0,FluSight-baseline
1,48,quantile,0.55,2026-02-21,wk inc flu hosp,2026-02-28,1188.0,FluSight-baseline
1,48,quantile,0.6,2026-02-21,wk inc flu hosp,2026-02-28,1207.0,FluSight-baseline
1,48,quantile,0.65,2026-02-21,wk inc flu hosp,2026-02-28,1236.0,FluSight-baseline
1,48,quantile,0.7,2026-02-21,wk inc flu hosp,2026-02-28,1272.0,FluSight-baseline
1,48,quantile,0.75,2026-02-21,wk inc flu hosp,2026-02-28,1314.0,FluSight-baseline
1,48,quantile,0.8,2026-02-21,wk inc flu hosp,2026-02-28,1370.0,FluSight-baseline
1,48,quantile,0.85,2026-02-21,wk inc flu hosp,2026-02-28,1466.0,FluSight-baseline
1,48,quantile,0.9,2026-02-21,wk inc flu hosp,2026-02-28,1589.0,FluSight-baseline
1,48,quantile,0.95,2026-02-21,wk inc flu hosp,2026-02-28,1799.0,FluSight-baseline
1,48,quantile,0.975,2026-02-21,wk inc flu hosp,2026-02-28,2060.0,FluSight-baseline
1,48,quantile,0.99,2026-02-21,wk inc flu hosp,2026-02-28,2454.0,FluSight-baseline
2,48,quantile,0.01,2026-02-21,wk inc flu hosp,2026-03-07,0.0,FluSight-baseline
2,48,quantile,0.025,2026-02-21,wk inc flu hosp,2026-03-07,97.0,FluSight-baseline
2,48,quantile,0.05,2026-02-21,wk inc flu hosp,2026-03-07,384.0,FluSight-baseline
2,48,quantile,0.1,2026-02-21,wk inc flu hosp,2026-03-07,650.0,FluSight-baseline
2,48,quantile,0.15,2026-02-21,wk inc flu hosp,2026-03-07,777.0,FluSight-baseline
2,48,quantile,0.2,2026-02-21,wk inc flu hosp,2026-03-07,879.0,FluSight-baseline
2,48,quantile,0.25,2026-02-21,wk inc flu hosp,2026-03-07,961.0,FluSight-baseline
2,48,quantile,0.3,2026-02-21,wk inc flu hosp,2026-03-07,1021.0,FluSight-baseline
2,48,quantile,0.35,2026-02-21,wk inc flu hosp,2026-03-07,1070.0,FluSight-baseline
2,48,quantile,0.4,2026-02-21,wk inc flu hosp,2026-03-07,1110.0,FluSight-baseline
2,48,quantile,0.45,2026-02-21,wk inc flu hosp,2026-03-07,1144.0,FluSight-baseline
2,48,quantile,0.5,2026-02-21,wk inc flu hosp,2026-03-07,1173.0,FluSight-baseline
2,48,quantile,0.55,2026-02-21,wk inc flu hosp,2026-03-07,1201.0,FluSight-baseline
2,48,quantile,0.6,2026-02-21,wk inc flu hosp,2026-03-07,1236.0,FluSight-baseline
2,48,quantile,0.65,2026-02-21,wk inc flu hosp,2026-03-07,1277.0,FluSight-baseline
2,48,quantile,0.7,2026-02-21,wk inc flu hosp,2026-03-07,1323.0,FluSight-baseline
2,48,quantile,0.75,2026-02-21,wk inc flu hosp,2026-03-07,1385.0,FluSight-baseline
2,48,quantile,0.8,2026-02-21,wk inc flu hosp,2026-03-07,1467.0,FluSight-baseline
2,48,quantile,0.85,2026-02-21,wk inc flu hosp,2026-03-07,1568.0,FluSight-baseline
2,48,quantile,0.9,2026-02-21,wk inc flu hosp,2026-03-07,1701.0,FluSight-baseline
2,48,quantile,0.95,2026-02-21,wk inc flu hosp,2026-03-07,1969.0,FluSight-baseline
2,48,quantile,0.975,2026-02-21,wk inc flu hosp,2026-03-07,2263.0,FluSight-baseline
2,48,quantile,0.99,2026-02-21,wk inc flu hosp,2026-03-07,2634.0,FluSight-baseline
3,48,quantile,0.01,2026-02-21,wk inc flu hosp,2026-03-14,0.0,FluSight-baseline
3,48,quantile,0.025,2026-02-21,wk inc flu hosp,2026-03-14,0.0,FluSight-baseline
3,48,quantile,0.05,2026-02-21,wk inc flu hosp,2026-03-14,248.0,FluSight-baseline
3,48,quantile,0.1,2026-02-21,wk inc flu hosp,2026-03-14,541.0,FluSight-baseline
3,48,quantile,0.15,2026-02-21,wk inc flu hosp,2026-03-14,701.0,FluSight-baseline
3,48,quantile,0.2,2026-02-21,wk inc flu hosp,2026-03-14,807.0,FluSight-baseline
3,48,quantile,0.25,2026-02-21,wk inc flu hosp,2026-03-14,897.0,FluSight-baseline
3,48,quantile,0.3,2026-02-21,wk inc flu hosp,2026-03-14,972.0,FluSight-baseline
3,48,quantile,0.35,2026-02-21,wk inc flu hosp,2026-03-14,1033.0,FluSight-baseline
3,48,quantile,0.4,2026-02-21,wk inc flu hosp,2026-03-14,1085.0,FluSight-baseline
3,48,quantile,0.45,2026-02-21,wk inc flu hosp,2026-03-14,1131.0,FluSight-baseline
3,48,quantile,0.5,2026-02-21,wk inc flu hosp,2026-03-14,1173.0,FluSight-baseline
3,48,quantile,0.55,2026-02-21,wk inc flu hosp,2026-03-14,1214.0,FluSight-baseline
3,48,quantile,0.6,2026-02-21,wk inc flu hosp,2026-03-14,1261.0,FluSight-baseline
3,48,quantile,0.65,2026-02-21,wk inc flu hosp,2026-03-14,1313.0,FluSight-baseline
3,48,quantile,0.7,2026-02-21,wk inc flu hosp,2026-03-14,1373.0,FluSight-baseline
3,48,quantile,0.75,2026-02-21,wk inc flu hosp,2026-03-14,1449.0,FluSight-baseline
3,48,quantile,0.8,2026-02-21,wk inc flu hosp,2026-03-14,1540.0,FluSight-baseline
3,48,quantile,0.85,2026-02-21,wk inc flu hosp,2026-03-14,1651.0,FluSight-baseline
3,48,quantile,0.9,2026-02-21,wk inc flu hosp,2026-03-14,1810.0,FluSight-baseline
3,48,quantile,0.95,2026-02-21,wk inc flu hosp,2026-03-14,2098.0,FluSight-baseline
3,48,quantile,0.975,2026-02-21,wk inc flu hosp,2026-03-14,2403.0,FluSight-baseline
3,48,quantile,0.99,2026-02-21,wk inc flu hosp,2026-03-14,2756.0,FluSight-baseline
0,48,quantile,0.01,2026-02-28,wk inc flu hosp,2026-02-28,17.0,FluSight-baseline
0,48,quantile,0.025,2026-02-28,wk inc flu hosp,2026-02-28,295.0,FluSight-baseline
0,48,quantile,0.05,2026-02-28,wk inc flu hosp,2026-02-28,478.0,FluSight-baseline
0,48,quantile,0.1,2026-02-28,wk inc flu hosp,2026-02-28,669.0,FluSight-baseline
0,48,quantile,0.15,2026-02-28,wk inc flu hosp,2026-02-28,772.0,FluSight-baseline
0,48,quantile,0.2,2026-02-28,wk inc flu hosp,2026-02-28,824.0,FluSight-baseline
0,48,quantile,0.25,2026-02-28,wk inc flu hosp,2026-02-28,858.0,FluSight-baseline
0,48,quantile,0.3,2026-02-28,wk inc flu hosp,2026-02-28,890.0,FluSight-baseline
0,48,quantile,0.35,2026-02-28,wk inc flu hosp,2026-02-28,899.0,FluSight-baseline
0,48,quantile,0.4,2026-02-28,wk inc flu hosp,2026-02-28,906.0,FluSight-baseline
0,48,quantile,0.45,2026-02-28,wk inc flu hosp,2026-02-28,911.0,FluSight-baseline
0,48,quantile,0.5,2026-02-28,wk inc flu hosp,2026-02-28,918.0,FluSight-baseline
0,48,quantile,0.55,2026-02-28,wk inc flu hosp,2026-02-28,925.0,FluSight-baseline
0,48,quantile,0.6,2026-02-28,wk inc flu hosp,2026-02-28,930.0,FluSight-baseline
0,48,quantile,0.65,2026-02-28,wk inc flu hosp,2026-02-28,937.0,FluSight-baseline
0,48,quantile,0.7,2026-02-28,wk inc flu hosp,2026-02-28,946.0,FluSight-baseline
0,48,quantile,0.75,2026-02-28,wk inc flu hosp,2026-02-28,978.0,FluSight-baseline
0,48,quantile,0.8,2026-02-28,wk inc flu hosp,2026-02-28,1012.0,FluSight-baseline
0,48,quantile,0.85,2026-02-28,wk inc flu hosp,2026-02-28,1064.0,FluSight-baseline
0,48,quantile,0.9,2026-02-28,wk inc flu hosp,2026-02-28,1167.0,FluSight-baseline
0,48,quantile,0.95,2026-02-28,wk inc flu hosp,2026-02-28,1358.0,FluSight-baseline
0,48,quantile,0.975,2026-02-28,wk inc flu hosp,2026-02-28,1541.0,FluSight-baseline
0,48,quantile,0.99,2026-02-28,wk inc flu hosp,2026-02-28,1819.0,FluSight-baseline
1,48,quantile,0.01,2026-02-28,wk inc flu hosp,2026-03-07,0.0,FluSight-baseline
1,48,quantile,0.025,2026-02-28,wk inc flu hosp,2026-03-07,56.0,FluSight-baseline
1,48,quantile,0.05,2026-02-28,wk inc flu hosp,2026-03-07,295.0,FluSight-baseline
1,48,quantile,0.1,2026-02-28,wk inc flu hosp,2026-03-07,500.0,FluSight-baseline
1,48,quantile,0.15,2026-02-28,wk inc flu hosp,2026-03-07,619.0,FluSight-baseline
1,48,quantile,0.2,2026-02-28,wk inc flu hosp,2026-03-07,717.0,FluSight-baseline
1,48,quantile,0.25,2026-02-28,wk inc flu hosp,2026-03-07,776.0,FluSight-baseline
1,48,quantile,0.3,2026-02-28,wk inc flu hosp,2026-03-07,819.0,FluSight-baseline
1,48,quantile,0.35,2026-02-28,wk inc flu hosp,2026-03-07,856.0,FluSight-baseline
1,48,quantile,0.4,2026-02-28,wk inc flu hosp,2026-03-07,884.0,FluSight-baseline
1,48,quantile,0.45,2026-02-28,wk inc flu hosp,2026-03-07,903.0,FluSight-baseline
1,48,quantile,0.5,2026-02-28,wk inc flu hosp,2026-03-07,918.0,FluSight-baseline
1,48,quantile,0.55,2026-02-28,wk inc flu hosp,2026-03-07,933.0,FluSight-baseline
1,48,quantile,0.6,2026-02-28,wk inc flu hosp,2026-03-07,952.0,FluSight-baseline
1,48,quantile,0.65,2026-02-28,wk inc flu hosp,2026-03-07,980.0,FluSight-baseline
1,48,quantile,0.7,2026-02-28,wk inc flu hosp,2026-03-07,1016.0,FluSight-baseline
1,48,quantile,0.75,2026-02-28,wk inc flu hosp,2026-03-07,1060.0,FluSight-baseline
1,48,quantile,0.8,2026-02-28,wk inc flu hosp,2026-03-07,1120.0,FluSight-baseline
1,48,quantile,0.85,2026-02-28,wk inc flu hosp,2026-03-07,1217.0,FluSight-baseline
1,48,quantile,0.9,2026-02-28,wk inc flu hosp,2026-03-07,1336.0,FluSight-baseline
1,48,quantile,0.95,2026-02-28,wk inc flu hosp,2026-03-07,1540.0,FluSight-baseline
1,48,quantile,0.975,2026-02-28,wk inc flu hosp,2026-03-07,1804.0,FluSight-baseline
1,48,quantile,0.99,2026-02-28,wk inc flu hosp,2026-03-07,2209.0,FluSight-baseline
2,48,quantile,0.01,2026-02-28,wk inc flu hosp,2026-03-14,0.0,FluSight-baseline
2,48,quantile,0.025,2026-02-28,wk inc flu hosp,2026-03-14,0.0,FluSight-baseline
2,48,quantile,0.05,2026-02-28,wk inc flu hosp,2026-03-14,133.0,FluSight-baseline
2,48,quantile,0.1,2026-02-28,wk inc flu hosp,2026-03-14,392.0,FluSight-baseline
2,48,quantile,0.15,2026-02-28,wk inc flu hosp,2026-03-14,520.0,FluSight-baseline
2,48,quantile,0.2,2026-02-28,wk inc flu hosp,2026-03-14,619.0,FluSight-baseline
2,48,quantile,0.25,2026-02-28,wk inc flu hosp,2026-03-14,701.0,FluSight-baseline
2,48,quantile,0.3,2026-02-28,wk inc flu hosp,2026-03-14,764.0,FluSight-baseline
2,48,quantile,0.35,2026-02-28,wk inc flu hosp,2026-03-14,813.0,FluSight-baseline
2,48,quantile,0.4,2026-02-28,wk inc flu hosp,2026-03-14,855.0,FluSight-baseline
2,48,quantile,0.45,2026-02-28,wk inc flu hosp,2026-03-14,890.0,FluSight-baseline
2,48,quantile,0.5,2026-02-28,wk inc flu hosp,2026-03-14,918.0,FluSight-baseline
2,48,quantile,0.55,2026-02-28,wk inc flu hosp,2026-03-14,946.0,FluSight-baseline
2,48,quantile,0.6,2026-02-28,wk inc flu hosp,2026-03-14,981.0,FluSight-baseline
2,48,quantile,0.65,2026-02-28,wk inc flu hosp,2026-03-14,1022.0,FluSight-baseline
2,48,quantile,0.7,2026-02-28,wk inc flu hosp,2026-03-14,1070.0,FluSight-baseline
2,48,quantile,0.75,2026-02-28,wk inc flu hosp,2026-03-14,1134.0,FluSight-baseline
2,48,quantile,0.8,2026-02-28,wk inc flu hosp,2026-03-14,1217.0,FluSight-baseline
2,48,quantile,0.85,2026-02-28,wk inc flu hosp,2026-03-14,1316.0,FluSight-baseline
2,48,quantile,0.9,2026-02-28,wk inc flu hosp,2026-03-14,1444.0,FluSight-baseline
2,48,quantile,0.95,2026-02-28,wk inc flu hosp,2026-03-14,1710.0,FluSight-baseline
2,48,quantile,0.975,2026-02-28,wk inc flu hosp,2026-03-14,2000.0,FluSight-baseline
2,48,quantile,0.99,2026-02-28,wk inc flu hosp,2026-03-14,2387.0,FluSight-baseline
3,48,quantile,0.01,2026-02-28,wk inc flu hosp,2026-03-21,0.0,FluSight-baseline
3,48,quantile,0.025,2026-02-28,wk inc flu hosp,2026-03-21,0.0,FluSight-baseline
3,48,quantile,0.05,2026-02-28,wk inc flu hosp,2026-03-21,15.0,FluSight-baseline
3,48,quantile,0.1,2026-02-28,wk inc flu hosp,2026-03-21,286.0,FluSight-baseline
3,48,quantile,0.15,2026-02-28,wk inc flu hosp,2026-03-21,441.0,FluSight-baseline
3,48,quantile,0.2,2026-02-28,wk inc flu hosp,2026-03-21,546.0,FluSight-baseline
3,48,quantile,0.25,2026-02-28,wk inc flu hosp,2026-03-21,637.0,FluSight-baseline
3,48,quantile,0.3,2026-02-28,wk inc flu hosp,2026-03-21,714.0,FluSight-baseline
3,48,quantile,0.35,2026-02-28,wk inc flu hosp,2026-03-21,777.0,FluSight-baseline
3,48,quantile,0.4,2026-02-28,wk inc flu hosp,2026-03-21,829.0,FluSight-baseline
3,48,quantile,0.45,2026-02-28,wk inc flu hosp,2026-03-21,876.0,FluSight-baseline
3,48,quantile,0.5,2026-02-28,wk inc flu hosp,2026-03-21,918.0,FluSight-baseline
3,48,quantile,0.55,2026-02-28,wk inc flu hosp,2026-03-21,959.0,FluSight-baseline
3,48,quantile,0.6,2026-02-28,wk inc flu hosp,2026-03-21,1005.0,FluSight-baseline
3,48,quantile,0.65,2026-02-28,wk inc flu hosp,2026-03-21,1057.0,FluSight-baseline
3,48,quantile,0.7,2026-02-28,wk inc flu hosp,2026-03-21,1121.0,FluSight-baseline
3,48,quantile,0.75,2026-02-28,wk inc flu hosp,2026-03-21,1197.0,FluSight-baseline
3,48,quantile,0.8,2026-02-28,wk inc flu hosp,2026-03-21,1288.0,FluSight-baseline
3,48,quantile,0.85,2026-02-28,wk inc flu hosp,2026-03-21,1394.0,FluSight-baseline
3,48,quantile,0.9,2026-02-28,wk inc flu hosp,2026-03-21,1553.0,FluSight-baseline
3,48,quantile,0.95,2026-02-28,wk inc flu hosp,2026-03-21,1850.0,FluSight-baseline
3,48,quantile,0.975,2026-02-28,wk inc flu hosp,2026-03-21,2164.0,FluSight-baseline
3,48,quantile,0.99,2026-02-28,wk inc flu hosp,2026-03-21,2517.0,FluSight-baseline
0,48,quantile,0.01,2026-03-07,wk inc flu hosp,2026-03-07,0.0,FluSight-baseline
0,48,quantile,0.025,2026-03-07,wk inc flu hosp,2026-03-07,60.0,FluSight-baseline
0,48,quantile,0.05,2026-03-07,wk inc flu hosp,2026-03-07,248.0,FluSight-baseline
0,48,quantile,0.1,2026-03-07,wk inc flu hosp,2026-03-07,436.0,FluSight-baseline
0,48,quantile,0.15,2026-03-07,wk inc flu hosp,2026-03-07,544.0,FluSight-baseline
0,48,quantile,0.2,2026-03-07,wk inc flu hosp,2026-03-07,593.0,FluSight-baseline
0,48,quantile,0.25,2026-03-07,wk inc flu hosp,2026-03-07,628.0,FluSight-baseline
0,48,quantile,0.3,2026-03-07,wk inc flu hosp,2026-03-07,661.0,FluSight-baseline
0,48,quantile,0.35,2026-03-07,wk inc flu hosp,2026-03-07,670.0,FluSight-baseline
0,48,quantile,0.4,2026-03-07,wk inc flu hosp,2026-03-07,676.0,FluSight-baseline
0,48,quantile,0.45,2026-03-07,wk inc flu hosp,2026-03-07,682.0,FluSight-baseline
0,48,quantile,0.5,2026-03-07,wk inc flu hosp,2026-03-07,689.0,FluSight-baseline
0,48,quantile,0.55,2026-03-07,wk inc flu hosp,2026-03-07,696.0,FluSight-baseline
0,48,quantile,0.6,2026-03-07,wk inc flu hosp,2026-03-07,702.0,FluSight-baseline
0,48,quantile,0.65,2026-03-07,wk inc flu hosp,2026-03-07,708.0,FluSight-baseline
0,48,quantile,0.7,2026-03-07,wk inc flu hosp,2026-03-07,717.0,FluSight-baseline
0,48,quantile,0.75,2026-03-07,wk inc flu hosp,2026-03-07,750.0,FluSight-baseline
0,48,quantile,0.8,2026-03-07,wk inc flu hosp,2026-03-07,785.0,FluSight-baseline
0,48,quantile,0.85,2026-03-07,wk inc flu hosp,2026-03-07,834.0,FluSight-baseline
0,48,quantile,0.9,2026-03-07,wk inc flu hosp,2026-03-07,942.0,FluSight-baseline
0,48,quantile,0.95,2026-03-07,wk inc flu hosp,2026-03-07,1130.0,FluSight-baseline
0,48,quantile,0.975,2026-03-07,wk inc flu hosp,2026-03-07,1318.0,FluSight-baseline
0,48,quantile,0.99,2026-03-07,wk inc flu hosp,2026-03-07,1590.0,FluSight-baseline
1,48,quantile,0.01,2026-03-07,wk inc flu hosp,2026-03-14,0.0,FluSight-baseline
1,48,quantile,0.025,2026-03-07,wk inc flu hosp,2026-03-14,0.0,FluSight-baseline
1,48,quantile,0.05,2026-03-07,wk inc flu hosp,2026-03-14,82.0,FluSight-baseline
1,48,quantile,0.1,2026-03-07,wk inc flu hosp,2026-03-14,275.0,FluSight-baseline
1,48,quantile,0.15,2026-03-07,wk inc flu hosp,2026-03-14,393.0,FluSight-baseline
1,48,quantile,0.2,2026-03-07,wk inc flu hosp,2026-03-14,484.0,FluSight-baseline
1,48,quantile,0.25,2026-03-07,wk inc flu hosp,2026-03-14,545.0,FluSight-baseline
1,48,quantile,0.3,2026-03-07,wk inc flu hosp,2026-03-14,590.0,FluSight-baseline
1,48,quantile,0.35,2026-03-07,wk inc flu hosp,2026-03-14,627.0,FluSight-baseline
1,48,quantile,0.4,2026-03-07,wk inc flu hosp,2026-03-14,655.0,FluSight-baseline
1,48,quantile,0.45,2026-03-07,wk inc flu hosp,2026-03-14,674.0,FluSight-baseline
1,48,quantile,0.5,2026-03-07,wk inc flu hosp,2026-03-14,689.0,FluSight-baseline
1,48,quantile,0.55,2026-03-07,wk inc flu hosp,2026-03-14,705.0,FluSight-baseline
1,48,quantile,0.6,2026-03-07,wk inc flu hosp,2026-03-14,724.0,FluSight-baseline
1,48,quantile,0.65,2026-03-07,wk inc flu hosp,2026-03-14,752.0,FluSight-baseline
1,48,quantile,0.7,2026-03-07,wk inc flu hosp,2026-03-14,789.0,FluSight-baseline
1,48,quantile,0.75,2026-03-07,wk inc flu hosp,2026-03-14,833.0,FluSight-baseline
1,48,quantile,0.8,2026-03-07,wk inc flu hosp,2026-03-14,894.0,FluSight-baseline
1,48,quantile,0.85,2026-03-07,wk inc flu hosp,2026-03-14,986.0,FluSight-baseline
1,48,quantile,0.9,2026-03-07,wk inc flu hosp,2026-03-14,1105.0,FluSight-baseline
1,48,quantile,0.95,2026-03-07,wk inc flu hosp,2026-03-14,1316.0,FluSight-baseline
1,48,quantile,0.975,2026-03-07,wk inc flu hosp,2026-03-14,1573.0,FluSight-baseline
1,48,quantile,0.99,2026-03-07,wk inc flu hosp,2026-03-14,1971.0,FluSight-baseline
2,48,quantile,0.01,2026-03-07,wk inc flu hosp,2026-03-21,0.0,FluSight-baseline
2,48,quantile,0.025,2026-03-07,wk inc flu hosp,2026-03-21,0.0,FluSight-baseline
2,48,quantile,0.05,2026-03-07,wk inc flu hosp,2026-03-21,0.0,FluSight-baseline
2,48,quantile,0.1,2026-03-07,wk inc flu hosp,2026-03-21,166.0,FluSight-baseline
2,48,quantile,0.15,2026-03-07,wk inc flu hosp,2026-03-21,294.0,FluSight-baseline
2,48,quantile,0.2,2026-03-07,wk inc flu hosp,2026-03-21,392.0,FluSight-baseline
2,48,quantile,0.25,2026-03-07,wk inc flu hosp,2026-03-21,471.0,FluSight-baseline
2,48,quantile,0.3,2026-03-07,wk inc flu hosp,2026-03-21,535.0,FluSight-baseline
2,48,quantile,0.35,2026-03-07,wk inc flu hosp,2026-03-21,584.0,FluSight-baseline
2,48,quantile,0.4,2026-03-07,wk inc flu hosp,2026-03-21,625.0,FluSight-baseline
2,48,quantile,0.45,2026-03-07,wk inc flu hosp,2026-03-21,660.0,FluSight-baseline
2,48,quantile,0.5,2026-03-07,wk inc flu hosp,2026-03-21,689.0,FluSight-baseline
2,48,quantile,0.55,2026-03-07,wk inc flu hosp,2026-03-21,718.0,FluSight-baseline
2,48,quantile,0.6,2026-03-07,wk inc flu hosp,2026-03-21,753.0,FluSight-baseline
2,48,quantile,0.65,2026-03-07,wk inc flu hosp,2026-03-21,797.0,FluSight-baseline
2,48,quantile,0.7,2026-03-07,wk inc flu hosp,2026-03-21,845.0,FluSight-baseline
2,48,quantile,0.75,2026-03-07,wk inc flu hosp,2026-03-21,906.0,FluSight-baseline
2,48,quantile,0.8,2026-03-07,wk inc flu hosp,2026-03-21,988.0,FluSight-baseline
2,48,quantile,0.85,2026-03-07,wk inc flu hosp,2026-03-21,1088.0,FluSight-baseline
2,48,quantile,0.9,2026-03-07,wk inc flu hosp,2026-03-21,1217.0,FluSight-baseline
2,48,quantile,0.95,2026-03-07,wk inc flu hosp,2026-03-21,1486.0,FluSight-baseline
2,48,quantile,0.975,2026-03-07,wk inc flu hosp,2026-03-21,1765.0,FluSight-baseline
2,48,quantile,0.99,2026-03-07,wk inc flu hosp,2026-03-21,2151.0,FluSight-baseline
3,48,quantile,0.01,2026-03-07,wk inc flu hosp,2026-03-28,0.0,FluSight-baseline
3,48,quantile,0.025,2026-03-07,wk inc flu hosp,2026-03-28,0.0,FluSight-baseline
3,48,quantile,0.05,2026-03-07,wk inc flu hosp,2026-03-28,0.0,FluSight-baseline
3,48,quantile,0.1,2026-03-07,wk inc flu hosp,2026-03-28,66.0,FluSight-baseline
3,48,quantile,0.15,2026-03-07,wk inc flu hosp,2026-03-28,215.0,FluSight-baseline
3,48,quantile,0.2,2026-03-07,wk inc flu hosp,2026-03-28,322.0,FluSight-baseline
3,48,quantile,0.25,2026-03-07,wk inc flu hosp,2026-03-28,410.0,FluSight-baseline
3,48,quantile,0.3,2026-03-07,wk inc flu hosp,2026-03-28,485.0,FluSight-baseline
3,48,quantile,0.35,2026-03-07,wk inc flu hosp,2026-03-28,547.0,FluSight-baseline
3,48,quantile,0.4,2026-03-07,wk inc flu hosp,2026-03-28,600.0,FluSight-baseline
3,48,quantile,0.45,2026-03-07,wk inc flu hosp,2026-03-28,647.0,FluSight-baseline
3,48,quantile,0.5,2026-03-07,wk inc flu hosp,2026-03-28,689.0,FluSight-baseline
3,48,quantile,0.55,2026-03-07,wk inc flu hosp,2026-03-28,731.0,FluSight-baseline
3,48,quantile,0.6,2026-03-07,wk inc flu hosp,2026-03-28,779.0,FluSight-baseline
3,48,quantile,0.65,2026-03-07,wk inc flu hosp,2026-03-28,832.0,FluSight-baseline
3,48,quantile,0.7,2026-03-07,wk inc flu hosp,2026-03-28,893.0,FluSight-baseline
3,48,quantile,0.75,2026-03-07,wk inc flu hosp,2026-03-28,969.0,FluSight-baseline
3,48,quantile,0.8,2026-03-07,wk inc flu hosp,2026-03-28,1056.0,FluSight-baseline
3,48,quantile,0.85,2026-03-07,wk inc flu hosp,2026-03-28,1166.0,FluSight-baseline
3,48,quantile,0.9,2026-03-07,wk inc flu hosp,2026-03-28,1325.0,FluSight-baseline
3,48,quantile,0.95,2026-03-07,wk inc flu hosp,2026-03-28,1619.0,FluSight-baseline
3,48,quantile,0.975,2026-03-07,wk inc flu hosp,2026-03-28,1932.0,FluSight-baseline
3,48,quantile,0.99,2026-03-07,wk inc flu hosp,2026-03-28,2299.0,FluSight-baseline
0,48,quantile,0.01,2026-03-14,wk inc flu hosp,2026-03-14,0.0,FluSight-baseline
0,48,quantile,0.025,2026-03-14,wk inc flu hosp,2026-03-14,0.0,FluSight-baseline
0,48,quantile,0.05,2026-03-14,wk inc flu hosp,2026-03-14,165.0,FluSight-baseline
0,48,quantile,0.1,2026-03-14,wk inc flu hosp,2026-03-14,343.0,FluSight-baseline
0,48,quantile,0.15,2026-03-14,wk inc flu hosp,2026-03-14,451.0,FluSight-baseline
0,48,quantile,0.2,2026-03-14,wk inc flu hosp,2026-03-14,498.0,FluSight-baseline
0,48,quantile,0.25,2026-03-14,wk inc flu hosp,2026-03-14,534.0,FluSight-baseline
0,48,quantile,0.3,2026-03-14,wk inc flu hosp,2026-03-14,568.0,FluSight-baseline
0,48,quantile,0.35,2026-03-14,wk inc flu hosp,2026-03-14,576.0,FluSight-baseline
0,48,quantile,0.4,2026-03-14,wk inc flu hosp,2026-03-14,583.0,FluSight-baseline
0,48,quantile,0.45,2026-03-14,wk inc flu hosp,2026-03-14,589.0,FluSight-baseline
0,48,quantile,0.5,2026-03-14,wk inc flu hosp,2026-03-14,596.0,FluSight-baseline
0,48,quantile,0.55,2026-03-14,wk inc flu hosp,2026-03-14,603.0,FluSight-baseline
0,48,quantile,0.6,2026-03-14,wk inc flu hosp,2026-03-14,609.0,FluSight-baseline
0,48,quantile,0.65,2026-03-14,wk inc flu hosp,2026-03-14,616.0,FluSight-baseline
0,48,quantile,0.7,2026-03-14,wk inc flu hosp,2026-03-14,624.0,FluSight-baseline
0,48,quantile,0.75,2026-03-14,wk inc flu hosp,2026-03-14,658.0,FluSight-baseline
0,48,quantile,0.8,2026-03-14,wk inc flu hosp,2026-03-14,694.0,FluSight-baseline
0,48,quantile,0.85,2026-03-14,wk inc flu hosp,2026-03-14,741.0,FluSight-baseline
0,48,quantile,0.9,2026-03-14,wk inc flu hosp,2026-03-14,849.0,FluSight-baseline
0,48,quantile,0.95,2026-03-14,wk inc flu hosp,2026-03-14,1027.0,FluSight-baseline
0,48,quantile,0.975,2026-03-14,wk inc flu hosp,2026-03-14,1225.0,FluSight-baseline
0,48,quantile,0.99,2026-03-14,wk inc flu hosp,2026-03-14,1496.0,FluSight-baseline
1,48,quantile,0.01,2026-03-14,wk inc flu hosp,2026-03-21,0.0,FluSight-baseline
1,48,quantile,0.025,2026-03-14,wk inc flu hosp,2026-03-21,0.0,FluSight-baseline
1,48,quantile,0.05,2026-03-14,wk inc flu hosp,2026-03-21,16.0,FluSight-baseline
1,48,quantile,0.1,2026-03-14,wk inc flu hosp,2026-03-21,185.0,FluSight-baseline
1,48,quantile,0.15,2026-03-14,wk inc flu hosp,2026-03-21,301.0,FluSight-baseline
1,48,quantile,0.2,2026-03-14,wk inc flu hosp,2026-03-21,392.0,FluSight-baseline
1,48,quantile,0.25,2026-03-14,wk inc flu hosp,2026-03-21,452.0,FluSight-baseline
1,48,quantile,0.3,2026-03-14,wk inc flu hosp,2026-03-21,495.0,FluSight-baseline
1,48,quantile,0.35,2026-03-14,wk inc flu hosp,2026-03-21,532.0,FluSight-baseline
1,48,quantile,0.4,2026-03-14,wk inc flu hosp,2026-03-21,561.0,FluSight-baseline
1,48,quantile,0.45,2026-03-14,wk inc flu hosp,2026-03-21,580.0,FluSight-baseline
1,48,quantile,0.5,2026-03-14,wk inc flu hosp,2026-03-21,596.0,FluSight-baseline
1,48,quantile,0.55,2026-03-14,wk inc flu hosp,2026-03-21,612.0,FluSight-baseline
1,48,quantile,0.6,2026-03-14,wk inc flu hosp,2026-03-21,631.0,FluSight-baseline
1,48,quantile,0.65,2026-03-14,wk inc flu hosp,2026-03-21,662.0,FluSight-baseline
1,48,quantile,0.7,2026-03-14,wk inc flu hosp,2026-03-21,698.0,FluSight-baseline
1,48,quantile,0.75,2026-03-14,wk inc flu hosp,2026-03-21,740.0,FluSight-baseline
1,48,quantile,0.8,2026-03-14,wk inc flu hosp,2026-03-21,801.0,FluSight-baseline
1,48,quantile,0.85,2026-03-14,wk inc flu hosp,2026-03-21,892.0,FluSight-baseline
1,48,quantile,0.9,2026-03-14,wk inc flu hosp,2026-03-21,1010.0,FluSight-baseline
1,48,quantile,0.95,2026-03-14,wk inc flu hosp,2026-03-21,1221.0,FluSight-baseline
1,48,quantile,0.975,2026-03-14,wk inc flu hosp,2026-03-21,1481.0,FluSight-baseline
1,48,quantile,0.99,2026-03-14,wk inc flu hosp,2026-03-21,1878.0,FluSight-baseline
2,48,quantile,0.01,2026-03-14,wk inc flu hosp,2026-03-28,0.0,FluSight-baseline
2,48,quantile,0.025,2026-03-14,wk inc flu hosp,2026-03-28,0.0,FluSight-baseline
2,48,quantile,0.05,2026-03-14,wk inc flu hosp,2026-03-28,0.0,FluSight-baseline
2,48,quantile,0.1,2026-03-14,wk inc flu hosp,2026-03-28,85.0,FluSight-baseline
2,48,quantile,0.15,2026-03-14,wk inc flu hosp,2026-03-28,204.0,FluSight-baseline
2,48,quantile,0.2,2026-03-14,wk inc flu hosp,2026-03-28,302.0,FluSight-baseline
2,48,quantile,0.25,2026-03-14,wk inc flu hosp,2026-03-28,380.0,FluSight-baseline
2,48,quantile,0.3,2026-03-14,wk inc flu hosp,2026-03-28,443.0,FluSight-baseline
2,48,quantile,0.35,2026-03-14,wk inc flu hosp,2026-03-28,491.0,FluSight-baseline
2,48,quantile,0.4,2026-03-14,wk inc flu hosp,2026-03-28,532.0,FluSight-baseline
2,48,quantile,0.45,2026-03-14,wk inc flu hosp,2026-03-28,567.0,FluSight-baseline
2,48,quantile,0.5,2026-03-14,wk inc flu hosp,2026-03-28,596.0,FluSight-baseline
2,48,quantile,0.55,2026-03-14,wk inc flu hosp,2026-03-28,625.0,FluSight-baseline
2,48,quantile,0.6,2026-03-14,wk inc flu hosp,2026-03-28,661.0,FluSight-baseline
2,48,quantile,0.65,2026-03-14,wk inc flu hosp,2026-03-28,703.0,FluSight-baseline
2,48,quantile,0.7,2026-03-14,wk inc flu hosp,2026-03-28,751.0,FluSight-baseline
2,48,quantile,0.75,2026-03-14,wk inc flu hosp,2026-03-28,814.0,FluSight-baseline
2,48,quantile,0.8,2026-03-14,wk inc flu hosp,2026-03-28,892.0,FluSight-baseline
2,48,quantile,0.85,2026-03-14,wk inc flu hosp,2026-03-28,991.0,FluSight-baseline
2,48,quantile,0.9,2026-03-14,wk inc flu hosp,2026-03-28,1122.0,FluSight-baseline
2,48,quantile,0.95,2026-03-14,wk inc flu hosp,2026-03-28,1385.0,FluSight-baseline
2,48,quantile,0.975,2026-03-14,wk inc flu hosp,2026-03-28,1671.0,FluSight-baseline
2,48,quantile,0.99,2026-03-14,wk inc flu hosp,2026-03-28,2050.0,FluSight-baseline
3,48,quantile,0.01,2026-03-14,wk inc flu hosp,2026-04-04,0.0,FluSight-baseline
3,48,quantile,0.025,2026-03-14,wk inc flu hosp,2026-04-04,0.0,FluSight-baseline
3,48,quantile,0.05,2026-03-14,wk inc flu hosp,2026-04-04,0.0,FluSight-baseline
3,48,quantile,0.1,2026-03-14,wk inc flu hosp,2026-04-04,0.0,FluSight-baseline
3,48,quantile,0.15,2026-03-14,wk inc flu hosp,2026-04-04,131.0,FluSight-baseline
3,48,quantile,0.2,2026-03-14,wk inc flu hosp,2026-04-04,235.0,FluSight-baseline
3,48,quantile,0.25,2026-03-14,wk inc flu hosp,2026-04-04,321.0,FluSight-baseline
3,48,quantile,0.3,2026-03-14,wk inc flu hosp,2026-04-04,393.0,FluSight-baseline
3,48,quantile,0.35,2026-03-14,wk inc flu hosp,2026-04-04,456.0,FluSight-baseline
3,48,quantile,0.4,2026-03-14,wk inc flu hosp,2026-04-04,508.0,FluSight-baseline
3,48,quantile,0.45,2026-03-14,wk inc flu hosp,2026-04-04,554.0,FluSight-baseline
3,48,quantile,0.5,2026-03-14,wk inc flu hosp,2026-04-04,596.0,FluSight-baseline
3,48,quantile,0.55,2026-03-14,wk inc flu hosp,2026-04-04,639.0,FluSight-baseline
3,48,quantile,0.6,2026-03-14,wk inc flu hosp,2026-04-04,687.0,FluSight-baseline
3,48,quantile,0.65,2026-03-14,wk inc flu hosp,2026-04-04,740.0,FluSight-baseline
3,48,quantile,0.7,2026-03-14,wk inc flu hosp,2026-04-04,801.0,FluSight-baseline
3,48,quantile,0.75,2026-03-14,wk inc flu hosp,2026-04-04,876.0,FluSight-baseline
3,48,quantile,0.8,2026-03-14,wk inc flu hosp,2026-04-04,965.0,FluSight-baseline
3,48,quantile,0.85,2026-03-14,wk inc flu hosp,2026-04-04,1073.0,FluSight-baseline
3,48,quantile,0.9,2026-03-14,wk inc flu hosp,2026-04-04,1231.0,FluSight-baseline
3,48,quantile,0.95,2026-03-14,wk inc flu hosp,2026-04-04,1519.0,FluSight-baseline
3,48,quantile,0.975,2026-03-14,wk inc flu hosp,2026-04-04,1828.0,FluSight-baseline
3,48,quantile,0.99,2026-03-14,wk inc flu hosp,2026-04-04,2181.0,FluSight-baseline
0,48,quantile,0.01,2026-03-21,wk inc flu hosp,2026-03-21,0.0,FluSight-baseline
0,48,quantile,0.025,2026-03-21,wk inc flu hosp,2026-03-21,0.0,FluSight-baseline
0,48,quantile,0.05,2026-03-21,wk inc flu hosp,2026-03-21,72.0,FluSight-baseline
0,48,quantile,0.1,2026-03-21,wk inc flu hosp,2026-03-21,259.0,FluSight-baseline
0,48,quantile,0.15,2026-03-21,wk inc flu hosp,2026-03-21,354.0,FluSight-baseline
0,48,quantile,0.2,2026-03-21,wk inc flu hosp,2026-03-21,403.0,FluSight-baseline
0,48,quantile,0.25,2026-03-21,wk inc flu hosp,2026-03-21,439.0,FluSight-baseline
0,48,quantile,0.3,2026-03-21,wk inc flu hosp,2026-03-21,473.0,FluSight-baseline
0,48,quantile,0.35,2026-03-21,wk inc flu hosp,2026-03-21,482.0,FluSight-baseline
0,48,quantile,0.4,2026-03-21,wk inc flu hosp,2026-03-21,489.0,FluSight-baseline
0,48,quantile,0.45,2026-03-21,wk inc flu hosp,2026-03-21,495.0,FluSight-baseline
0,48,quantile,0.5,2026-03-21,wk inc flu hosp,2026-03-21,502.0,FluSight-baseline
0,48,quantile,0.55,2026-03-21,wk inc flu hosp,2026-03-21,509.0,FluSight-baseline
0,48,quantile,0.6,2026-03-21,wk inc flu hosp,2026-03-21,515.0,FluSight-baseline
0,48,quantile,0.65,2026-03-21,wk inc flu hosp,2026-03-21,522.0,FluSight-baseline
0,48,quantile,0.7,2026-03-21,wk inc flu hosp,2026-03-21,531.0,FluSight-baseline
0,48,quantile,0.75,2026-03-21,wk inc flu hosp,2026-03-21,565.0,FluSight-baseline
0,48,quantile,0.8,2026-03-21,wk inc flu hosp,2026-03-21,601.0,FluSight-baseline
0,48,quantile,0.85,2026-03-21,wk inc flu hosp,2026-03-21,650.0,FluSight-baseline
0,48,quantile,0.9,2026-03-21,wk inc flu hosp,2026-03-21,746.0,FluSight-baseline
0,48,quantile,0.95,2026-03-21,wk inc flu hosp,2026-03-21,932.0,FluSight-baseline
0,48,quantile,0.975,2026-03-21,wk inc flu hosp,2026-03-21,1131.0,FluSight-baseline
0,48,quantile,0.99,2026-03-21,wk inc flu hosp,2026-03-21,1402.0,FluSight-baseline
1,48,quantile,0.01,2026-03-21,wk inc flu hosp,2026-03-28,0.0,FluSight-baseline
1,48,quantile,0.025,2026-03-21,wk inc flu hosp,2026-03-28,0.0,FluSight-baseline
1,48,quantile,0.05,2026-03-21,wk inc flu hosp,2026-03-28,0.0,FluSight-baseline
1,48,quantile,0.1,2026-03-21,wk inc flu hosp,2026-03-28,98.0,FluSight-baseline
1,48,quantile,0.15,2026-03-21,wk inc flu hosp,2026-03-28,211.0,FluSight-baseline
1,48,quantile,0.2,2026-03-21,wk inc flu hosp,2026-03-28,301.0,FluSight-baseline
1,48,quantile,0.25,2026-03-21,wk inc flu hosp,2026-03-28,358.0,FluSight-baseline
1,48,quantile,0.3,2026-03-21,wk inc flu hosp,2026-03-28,402.0,FluSight-baseline
1,48,quantile,0.35,2026-03-21,wk inc flu hosp,2026-03-28,438.0,FluSight-baseline
1,48,quantile,0.4,2026-03-21,wk inc flu hosp,2026-03-28,467.0,FluSight-baseline
1,48,quantile,0.45,2026-03-21,wk inc flu hosp,2026-03-28,486.0,FluSight-baseline
1,48,quantile,0.5,2026-03-21,wk inc flu hosp,2026-03-28,502.0,FluSight-baseline
1,48,quantile,0.55,2026-03-21,wk inc flu hosp,2026-03-28,518.0,FluSight-baseline
1,48,quantile,0.6,2026-03-21,wk inc flu hosp,2026-03-28,538.0,FluSight-baseline
1,48,quantile,0.65,2026-03-21,wk inc flu hosp,2026-03-28,567.0,FluSight-baseline
1,48,quantile,0.7,2026-03-21,wk inc flu hosp,2026-03-28,603.0,FluSight-baseline
1,48,quantile,0.75,2026-03-21,wk inc flu hosp,2026-03-28,647.0,FluSight-baseline
1,48,quantile,0.8,2026-03-21,wk inc flu hosp,2026-03-28,706.0,FluSight-baseline
1,48,quantile,0.85,2026-03-21,wk inc flu hosp,2026-03-28,796.0,FluSight-baseline
1,48,quantile,0.9,2026-03-21,wk inc flu hosp,2026-03-28,915.0,FluSight-baseline
1,48,quantile,0.95,2026-03-21,wk inc flu hosp,2026-03-28,1127.0,FluSight-baseline
1,48,quantile,0.975,2026-03-21,wk inc flu hosp,2026-03-28,1381.0,FluSight-baseline
1,48,quantile,0.99,2026-03-21,wk inc flu hosp,2026-03-28,1766.0,FluSight-baseline
2,48,quantile,0.01,2026-03-21,wk inc flu hosp,2026-04-04,0.0,FluSight-baseline
2,48,quantile,0.025,2026-03-21,wk inc flu hosp,2026-04-04,0.0,FluSight-baseline
2,48,quantile,0.05,2026-03-21,wk inc flu hosp,2026-04-04,0.0,FluSight-baseline
2,48,quantile,0.1,2026-03-21,wk inc flu hosp,2026-04-04,7.0,FluSight-baseline
2,48,quantile,0.15,2026-03-21,wk inc flu hosp,2026-04-04,116.0,FluSight-baseline
2,48,quantile,0.2,2026-03-21,wk inc flu hosp,2026-04-04,209.0,FluSight-baseline
2,48,quantile,0.25,2026-03-21,wk inc flu hosp,2026-04-04,287.0,FluSight-baseline
2,48,quantile,0.3,2026-03-21,wk inc flu hosp,2026-04-04,347.0,FluSight-baseline
2,48,quantile,0.35,2026-03-21,wk inc flu hosp,2026-04-04,395.0,FluSight-baseline
2,48,quantile,0.4,2026-03-21,wk inc flu hosp,2026-04-04,438.0,FluSight-baseline
2,48,quantile,0.45,2026-03-21,wk inc flu hosp,2026-04-04,472.0,FluSight-baseline
2,48,quantile,0.5,2026-03-21,wk inc flu hosp,2026-04-04,502.0,FluSight-baseline
2,48,quantile,0.55,2026-03-21,wk inc flu hosp,2026-04-04,531.0,FluSight-baseline
2,48,quantile,0.6,2026-03-21,wk inc flu hosp,2026-04-04,567.0,FluSight-baseline
2,48,quantile,0.65,2026-03-21,wk inc flu hosp,2026-04-04,609.0,FluSight-baseline
2,48,quantile,0.7,2026-03-21,wk inc flu hosp,2026-04-04,657.0,FluSight-baseline
2,48,quantile,0.75,2026-03-21,wk inc flu hosp,2026-04-04,719.0,FluSight-baseline
2,48,quantile,0.8,2026-03-21,wk inc flu hosp,2026-04-04,798.0,FluSight-baseline
2,48,quantile,0.85,2026-03-21,wk inc flu hosp,2026-04-04,895.0,FluSight-baseline
2,48,quantile,0.9,2026-03-21,wk inc flu hosp,2026-04-04,1025.0,FluSight-baseline
2,48,quantile,0.95,2026-03-21,wk inc flu hosp,2026-04-04,1290.0,FluSight-baseline
2,48,quantile,0.975,2026-03-21,wk inc flu hosp,2026-04-04,1572.0,FluSight-baseline
2,48,quantile,0.99,2026-03-21,wk inc flu hosp,2026-04-04,1972.0,FluSight-baseline
3,48,quantile,0.01,2026-03-21,wk inc flu hosp,2026-04-11,0.0,FluSight-baseline
3,48,quantile,0.025,2026-03-21,wk inc flu hosp,2026-04-11,0.0,FluSight-baseline
3,48,quantile,0.05,2026-03-21,wk inc flu hosp,2026-04-11,0.0,FluSight-baseline
3,48,quantile,0.1,2026-03-21,wk inc flu hosp,2026-04-11,0.0,FluSight-baseline
3,48,quantile,0.15,2026-03-21,wk inc flu hosp,2026-04-11,43.0,FluSight-baseline
3,48,quantile,0.2,2026-03-21,wk inc flu hosp,2026-04-11,143.0,FluSight-baseline
3,48,quantile,0.25,2026-03-21,wk inc flu hosp,2026-04-11,229.0,FluSight-baseline
3,48,quantile,0.3,2026-03-21,wk inc flu hosp,2026-04-11,302.0,FluSight-baseline
3,48,quantile,0.35,2026-03-21,wk inc flu hosp,2026-04-11,362.0,FluSight-baseline
3,48,quantile,0.4,2026-03-21,wk inc flu hosp,2026-04-11,414.0,FluSight-baseline
3,48,quantile,0.45,2026-03-21,wk inc flu hosp,2026-04-11,460.0,FluSight-baseline
3,48,quantile,0.5,2026-03-21,wk inc flu hosp,2026-04-11,502.0,FluSight-baseline
3,48,quantile,0.55,2026-03-21,wk inc flu hosp,2026-04-11,544.0,FluSight-baseline
3,48,quantile,0.6,2026-03-21,wk inc flu hosp,2026-04-11,591.0,FluSight-baseline
3,48,quantile,0.65,2026-03-21,wk inc flu hosp,2026-04-11,643.0,FluSight-baseline
3,48,quantile,0.7,2026-03-21,wk inc flu hosp,2026-04-11,705.0,FluSight-baseline
3,48,quantile,0.75,2026-03-21,wk inc flu hosp,2026-04-11,778.0,FluSight-baseline
3,48,quantile,0.8,2026-03-21,wk inc flu hosp,2026-04-11,865.0,FluSight-baseline
3,48,quantile,0.85,2026-03-21,wk inc flu hosp,2026-04-11,972.0,FluSight-baseline
3,48,quantile,0.9,2026-03-21,wk inc flu hosp,2026-04-11,1132.0,FluSight-baseline
3,48,quantile,0.95,2026-03-21,wk inc flu hosp,2026-04-11,1422.0,FluSight-baseline
3,48,quantile,0.975,2026-03-21,wk inc flu hosp,2026-04-11,1734.0,FluSight-baseline
3,48,quantile,0.99,2026-03-21,wk inc flu hosp,2026-04-11,2094.0,FluSight-baseline
0,48,quantile,0.01,2026-03-28,wk inc flu hosp,2026-03-28,0.0,FluSight-baseline
0,48,quantile,0.025,2026-03-28,wk inc flu hosp,2026-03-28,0.0,FluSight-baseline
0,48,quantile,0.05,2026-03-28,wk inc flu hosp,2026-03-28,0.0,FluSight-baseline
0,48,quantile,0.1,2026-03-28,wk inc flu hosp,2026-03-28,64.0,FluSight-baseline
0,48,quantile,0.15,2026-03-28,wk inc flu hosp,2026-03-28,169.0,FluSight-baseline
0,48,quantile,0.2,2026-03-28,wk inc flu hosp,2026-03-28,218.0,FluSight-baseline
0,48,quantile,0.25,2026-03-28,wk inc flu hosp,2026-03-28,251.0,FluSight-baseline
0,48,quantile,0.3,2026-03-28,wk inc flu hosp,2026-03-28,286.0,FluSight-baseline
0,48,quantile,0.35,2026-03-28,wk inc flu hosp,2026-03-28,295.0,FluSight-baseline
0,48,quantile,0.4,2026-03-28,wk inc flu hosp,2026-03-28,302.0,FluSight-baseline
0,48,quantile,0.45,2026-03-28,wk inc flu hosp,2026-03-28,308.0,FluSight-baseline
0,48,quantile,0.5,2026-03-28,wk inc flu hosp,2026-03-28,315.0,FluSight-baseline
0,48,quantile,0.55,2026-03-28,wk inc flu hosp,2026-03-28,322.0,FluSight-baseline
0,48,quantile,0.6,2026-03-28,wk inc flu hosp,2026-03-28,328.0,FluSight-baseline
0,48,quantile,0.65,2026-03-28,wk inc flu hosp,2026-03-28,335.0,FluSight-baseline
0,48,quantile,0.7,2026-03-28,wk inc flu hosp,2026-03-28,344.0,FluSight-baseline
0,48,quantile,0.75,2026-03-28,wk inc flu hosp,2026-03-28,379.0,FluSight-baseline
0,48,quantile,0.8,2026-03-28,wk inc flu hosp,2026-03-28,412.0,FluSight-baseline
0,48,quantile,0.85,2026-03-28,wk inc flu hosp,2026-03-28,461.0,FluSight-baseline
0,48,quantile,0.9,2026-03-28,wk inc flu hosp,2026-03-28,567.0,FluSight-baseline
0,48,quantile,0.95,2026-03-28,wk inc flu hosp,2026-03-28,743.0,FluSight-baseline
0,48,quantile,0.975,2026-03-28,wk inc flu hosp,2026-03-28,941.0,FluSight-baseline
0,48,quantile,0.99,2026-03-28,wk inc flu hosp,2026-03-28,1214.0,FluSight-baseline
1,48,quantile,0.01,2026-03-28,wk inc flu hosp,2026-04-04,0.0,FluSight-baseline
1,48,quantile,0.025,2026-03-28,wk inc flu hosp,2026-04-04,0.0,FluSight-baseline
1,48,quantile,0.05,2026-03-28,wk inc flu hosp,2026-04-04,0.0,FluSight-baseline
1,48,quantile,0.1,2026-03-28,wk inc flu hosp,2026-04-04,0.0,FluSight-baseline
1,48,quantile,0.15,2026-03-28,wk inc flu hosp,2026-04-04,42.0,FluSight-baseline
1,48,quantile,0.2,2026-03-28,wk inc flu hosp,2026-04-04,121.0,FluSight-baseline
1,48,quantile,0.25,2026-03-28,wk inc flu hosp,2026-04-04,174.0,FluSight-baseline
1,48,quantile,0.3,2026-03-28,wk inc flu hosp,2026-04-04,218.0,FluSight-baseline
1,48,quantile,0.35,2026-03-28,wk inc flu hosp,2026-04-04,251.0,FluSight-baseline
1,48,quantile,0.4,2026-03-28,wk inc flu hosp,2026-04-04,280.0,FluSight-baseline
1,48,quantile,0.45,2026-03-28,wk inc flu hosp,2026-04-04,299.0,FluSight-baseline
1,48,quantile,0.5,2026-03-28,wk inc flu hosp,2026-04-04,315.0,FluSight-baseline
1,48,quantile,0.55,2026-03-28,wk inc flu hosp,2026-04-04,332.0,FluSight-baseline
1,48,quantile,0.6,2026-03-28,wk inc flu hosp,2026-04-04,352.0,FluSight-baseline
1,48,quantile,0.65,2026-03-28,wk inc flu hosp,2026-04-04,380.0,FluSight-baseline
1,48,quantile,0.7,2026-03-28,wk inc flu hosp,2026-04-04,416.0,FluSight-baseline
1,48,quantile,0.75,2026-03-28,wk inc flu hosp,2026-04-04,461.0,FluSight-baseline
1,48,quantile,0.8,2026-03-28,wk inc flu hosp,2026-04-04,523.0,FluSight-baseline
1,48,quantile,0.85,2026-03-28,wk inc flu hosp,2026-04-04,614.0,FluSight-baseline
1,48,quantile,0.9,2026-03-28,wk inc flu hosp,2026-04-04,727.0,FluSight-baseline
1,48,quantile,0.95,2026-03-28,wk inc flu hosp,2026-04-04,942.0,FluSight-baseline
1,48,quantile,0.975,2026-03-28,wk inc flu hosp,2026-04-04,1192.0,FluSight-baseline
1,48,quantile,0.99,2026-03-28,wk inc flu hosp,2026-04-04,1584.0,FluSight-baseline
2,48,quantile,0.01,2026-03-28,wk inc flu hosp,2026-04-11,0.0,FluSight-baseline
2,48,quantile,0.025,2026-03-28,wk inc flu hosp,2026-04-11,0.0,FluSight-baseline
2,48,quantile,0.05,2026-03-28,wk inc flu hosp,2026-04-11,0.0,FluSight-baseline
2,48,quantile,0.1,2026-03-28,wk inc flu hosp,2026-04-11,0.0,FluSight-baseline
2,48,quantile,0.15,2026-03-28,wk inc flu hosp,2026-04-11,0.0,FluSight-baseline
2,48,quantile,0.2,2026-03-28,wk inc flu hosp,2026-04-11,40.0,FluSight-baseline
2,48,quantile,0.25,2026-03-28,wk inc flu hosp,2026-04-11,111.0,FluSight-baseline
2,48,quantile,0.3,2026-03-28,wk inc flu hosp,2026-04-11,166.0,FluSight-baseline
2,48,quantile,0.35,2026-03-28,wk inc flu hosp,2026-04-11,212.0,FluSight-baseline
2,48,quantile,0.4,2026-03-28,wk inc flu hosp,2026-04-11,252.0,FluSight-baseline
2,48,quantile,0.45,2026-03-28,wk inc flu hosp,2026-04-11,286.0,FluSight-baseline
2,48,quantile,0.5,2026-03-28,wk inc flu hosp,2026-04-11,315.0,FluSight-baseline
2,48,quantile,0.55,2026-03-28,wk inc flu hosp,2026-04-11,345.0,FluSight-baseline
2,48,quantile,0.6,2026-03-28,wk inc flu hosp,2026-04-11,380.0,FluSight-baseline
2,48,quantile,0.65,2026-03-28,wk inc flu hosp,2026-04-11,421.0,FluSight-baseline
2,48,quantile,0.7,2026-03-28,wk inc flu hosp,2026-04-11,470.0,FluSight-baseline
2,48,quantile,0.75,2026-03-28,wk inc flu hosp,2026-04-11,534.0,FluSight-baseline
2,48,quantile,0.8,2026-03-28,wk inc flu hosp,2026-04-11,613.0,FluSight-baseline
2,48,quantile,0.85,2026-03-28,wk inc flu hosp,2026-04-11,708.0,FluSight-baseline
2,48,quantile,0.9,2026-03-28,wk inc flu hosp,2026-04-11,837.0,FluSight-baseline
2,48,quantile,0.95,2026-03-28,wk inc flu hosp,2026-04-11,1099.0,FluSight-baseline
2,48,quantile,0.975,2026-03-28,wk inc flu hosp,2026-04-11,1383.0,FluSight-baseline
2,48,quantile,0.99,2026-03-28,wk inc flu hosp,2026-04-11,1776.0,FluSight-baseline
3,48,quantile,0.01,2026-03-28,wk inc flu hosp,2026-04-18,0.0,FluSight-baseline
3,48,quantile,0.025,2026-03-28,wk inc flu hosp,2026-04-18,0.0,FluSight-baseline
3,48,quantile,0.05,2026-03-28,wk inc flu hosp,2026-04-18,0.0,FluSight-baseline
3,48,quantile,0.1,2026-03-28,wk inc flu hosp,2026-04-18,0.0,FluSight-baseline
3,48,quantile,0.15,2026-03-28,wk inc flu hosp,2026-04-18,0.0,FluSight-baseline
3,48,quantile,0.2,2026-03-28,wk inc flu hosp,2026-04-18,0.0,FluSight-baseline
3,48,quantile,0.25,2026-03-28,wk inc flu hosp,2026-04-18,53.0,FluSight-baseline
3,48,quantile,0.3,2026-03-28,wk inc flu hosp,2026-04-18,121.0,FluSight-baseline
3,48,quantile,0.35,2026-03-28,wk inc flu hosp,2026-04-18,178.0,FluSight-baseline
3,48,quantile,0.4,2026-03-28,wk inc flu hosp,2026-04-18,228.0,FluSight-baseline
3,48,quantile,0.45,2026-03-28,wk inc flu hosp,2026-04-18,273.0,FluSight-baseline
3,48,quantile,0.5,2026-03-28,wk inc flu hosp,2026-04-18,315.0,FluSight-baseline
3,48,quantile,0.55,2026-03-28,wk inc flu hosp,2026-04-18,358.0,FluSight-baseline
3,48,quantile,0.6,2026-03-28,wk inc flu hosp,2026-04-18,405.0,FluSight-baseline
3,48,quantile,0.65,2026-03-28,wk inc flu hosp,2026-04-18,458.0,FluSight-baseline
3,48,quantile,0.7,2026-03-28,wk inc flu hosp,2026-04-18,519.0,FluSight-baseline
3,48,quantile,0.75,2026-03-28,wk inc flu hosp,2026-04-18,593.0,FluSight-baseline
3,48,quantile,0.8,2026-03-28,wk inc flu hosp,2026-04-18,680.0,FluSight-baseline
3,48,quantile,0.85,2026-03-28,wk inc flu hosp,2026-04-18,788.0,FluSight-baseline
3,48,quantile,0.9,2026-03-28,wk inc flu hosp,2026-04-18,948.0,FluSight-baseline
3,48,quantile,0.95,2026-03-28,wk inc flu hosp,2026-04-18,1235.0,FluSight-baseline
3,48,quantile,0.975,2026-03-28,wk inc flu hosp,2026-04-18,1549.0,FluSight-baseline
3,48,quantile,0.99,2026-03-28,wk inc flu hosp,2026-04-18,1907.0,FluSight-baseline
0,48,quantile,0.01,2026-04-04,wk inc flu hosp,2026-04-04,0.0,FluSight-baseline
0,48,quantile,0.025,2026-04-04,wk inc flu hosp,2026-04-04,0.0,FluSight-baseline
0,48,quantile,0.05,2026-04-04,wk inc flu hosp,2026-04-04,0.0,FluSight-baseline
0,48,quantile,0.1,2026-04-04,wk inc flu hosp,2026-04-04,0.0,FluSight-baseline
0,48,quantile,0.15,2026-04-04,wk inc flu hosp,2026-04-04,61.0,FluSight-baseline
0,48,quantile,0.2,2026-04-04,wk inc flu hosp,2026-04-04,118.0,FluSight-baseline
0,48,quantile,0.25,2026-04-04,wk inc flu hosp,2026-04-04,152.0,FluSight-baseline
0,48,quantile,0.3,2026-04-04,wk inc flu hosp,2026-04-04,183.0,FluSight-baseline
0,48,quantile,0.35,2026-04-04,wk inc flu hosp,2026-04-04,193.0,FluSight-baseline
0,48,quantile,0.4,2026-04-04,wk inc flu hosp,2026-04-04,200.0,FluSight-baseline
0,48,quantile,0.45,2026-04-04,wk inc flu hosp,2026-04-04,206.0,FluSight-baseline
0,48,quantile,0.5,2026-04-04,wk inc flu hosp,2026-04-04,213.0,FluSight-baseline
0,48,quantile,0.55,2026-04-04,wk inc flu hosp,2026-04-04,220.0,FluSight-baseline
0,48,quantile,0.6,2026-04-04,wk inc flu hosp,2026-04-04,226.0,FluSight-baseline
0,48,quantile,0.65,2026-04-04,wk inc flu hosp,2026-04-04,233.0,FluSight-baseline
0,48,quantile,0.7,2026-04-04,wk inc flu hosp,2026-04-04,243.0,FluSight-baseline
0,48,quantile,0.75,2026-04-04,wk inc flu hosp,2026-04-04,274.0,FluSight-baseline
0,48,quantile,0.8,2026-04-04,wk inc flu hosp,2026-04-04,308.0,FluSight-baseline
0,48,quantile,0.85,2026-04-04,wk inc flu hosp,2026-04-04,365.0,FluSight-baseline
0,48,quantile,0.9,2026-04-04,wk inc flu hosp,2026-04-04,471.0,FluSight-baseline
0,48,quantile,0.95,2026-04-04,wk inc flu hosp,2026-04-04,649.0,FluSight-baseline
0,48,quantile,0.975,2026-04-04,wk inc flu hosp,2026-04-04,830.0,FluSight-baseline
0,48,quantile,0.99,2026-04-04,wk inc flu hosp,2026-04-04,1111.0,FluSight-baseline
1,48,quantile,0.01,2026-04-04,wk inc flu hosp,2026-04-11,0.0,FluSight-baseline
1,48,quantile,0.025,2026-04-04,wk inc flu hosp,2026-04-11,0.0,FluSight-baseline
1,48,quantile,0.05,2026-04-04,wk inc flu hosp,2026-04-11,0.0,FluSight-baseline
1,48,quantile,0.1,2026-04-04,wk inc flu hosp,2026-04-11,0.0,FluSight-baseline
1,48,quantile,0.15,2026-04-04,wk inc flu hosp,2026-04-11,0.0,FluSight-baseline
1,48,quantile,0.2,2026-04-04,wk inc flu hosp,2026-04-11,33.0,FluSight-baseline
1,48,quantile,0.25,2026-04-04,wk inc flu hosp,2026-04-11,79.0,FluSight-baseline
1,48,quantile,0.3,2026-04-04,wk inc flu hosp,2026-04-11,120.0,FluSight-baseline
1,48,quantile,0.35,2026-04-04,wk inc flu hosp,2026-04-11,154.0,FluSight-baseline
1,48,quantile,0.4,2026-04-04,wk inc flu hosp,2026-04-11,179.0,FluSight-baseline
1,48,quantile,0.45,2026-04-04,wk inc flu hosp,2026-04-11,197.0,FluSight-baseline
1,48,quantile,0.5,2026-04-04,wk inc flu hosp,2026-04-11,213.0,FluSight-baseline
1,48,quantile,0.55,2026-04-04,wk inc flu hosp,2026-04-11,229.0,FluSight-baseline
1,48,quantile,0.6,2026-04-04,wk inc flu hosp,2026-04-11,249.0,FluSight-baseline
1,48,quantile,0.65,2026-04-04,wk inc flu hosp,2026-04-11,278.0,FluSight-baseline
1,48,quantile,0.7,2026-04-04,wk inc flu hosp,2026-04-11,314.0,FluSight-baseline
1,48,quantile,0.75,2026-04-04,wk inc flu hosp,2026-04-11,361.0,FluSight-baseline
1,48,quantile,0.8,2026-04-04,wk inc flu hosp,2026-04-11,423.0,FluSight-baseline
1,48,quantile,0.85,2026-04-04,wk inc flu hosp,2026-04-11,508.0,FluSight-baseline
1,48,quantile,0.9,2026-04-04,wk inc flu hosp,2026-04-11,626.0,FluSight-baseline
1,48,quantile,0.95,2026-04-04,wk inc flu hosp,2026-04-11,838.0,FluSight-baseline
1,48,quantile,0.975,2026-04-04,wk inc flu hosp,2026-04-11,1092.0,FluSight-baseline
1,48,quantile,0.99,2026-04-04,wk inc flu hosp,2026-04-11,1504.0,FluSight-baseline
2,48,quantile,0.01,2026-04-04,wk inc flu hosp,2026-04-18,0.0,FluSight-baseline
2,48,quantile,0.025,2026-04-04,wk inc flu hosp,2026-04-18,0.0,FluSight-baseline
2,48,quantile,0.05,2026-04-04,wk inc flu hosp,2026-04-18,0.0,FluSight-baseline
2,48,quantile,0.1,2026-04-04,wk inc flu hosp,2026-04-18,0.0,FluSight-baseline
2,48,quantile,0.15,2026-04-04,wk inc flu hosp,2026-04-18,0.0,FluSight-baseline
2,48,quantile,0.2,2026-04-04,wk inc flu hosp,2026-04-18,0.0,FluSight-baseline
2,48,quantile,0.25,2026-04-04,wk inc flu hosp,2026-04-18,22.0,FluSight-baseline
2,48,quantile,0.3,2026-04-04,wk inc flu hosp,2026-04-18,71.0,FluSight-baseline
2,48,quantile,0.35,2026-04-04,wk inc flu hosp,2026-04-18,114.0,FluSight-baseline
2,48,quantile,0.4,2026-04-04,wk inc flu hosp,2026-04-18,153.0,FluSight-baseline
2,48,quantile,0.45,2026-04-04,wk inc flu hosp,2026-04-18,185.0,FluSight-baseline
2,48,quantile,0.5,2026-04-04,wk inc flu hosp,2026-04-18,213.0,FluSight-baseline
2,48,quantile,0.55,2026-04-04,wk inc flu hosp,2026-04-18,242.0,FluSight-baseline
2,48,quantile,0.6,2026-04-04,wk inc flu hosp,2026-04-18,277.0,FluSight-baseline
2,48,quantile,0.65,2026-04-04,wk inc flu hosp,2026-04-18,320.0,FluSight-baseline
2,48,quantile,0.7,2026-04-04,wk inc flu hosp,2026-04-18,371.0,FluSight-baseline
2,48,quantile,0.75,2026-04-04,wk inc flu hosp,2026-04-18,433.0,FluSight-baseline
2,48,quantile,0.8,2026-04-04,wk inc flu hosp,2026-04-18,509.0,FluSight-baseline
2,48,quantile,0.85,2026-04-04,wk inc flu hosp,2026-04-18,606.0,FluSight-baseline
2,48,quantile,0.9,2026-04-04,wk inc flu hosp,2026-04-18,738.0,FluSight-baseline
2,48,quantile,0.95,2026-04-04,wk inc flu hosp,2026-04-18,1006.0,FluSight-baseline
2,48,quantile,0.975,2026-04-04,wk inc flu hosp,2026-04-18,1300.0,FluSight-baseline
2,48,quantile,0.99,2026-04-04,wk inc flu hosp,2026-04-18,1670.0,FluSight-baseline
3,48,quantile,0.01,2026-04-04,wk inc flu hosp,2026-04-25,0.0,FluSight-baseline
3,48,quantile,0.025,2026-04-04,wk inc flu hosp,2026-04-25,0.0,FluSight-baseline
3,48,quantile,0.05,2026-04-04,wk inc flu hosp,2026-04-25,0.0,FluSight-baseline
3,48,quantile,0.1,2026-04-04,wk inc flu hosp,2026-04-25,0.0,FluSight-baseline
3,48,quantile,0.15,2026-04-04,wk inc flu hosp,2026-04-25,0.0,FluSight-baseline
3,48,quantile,0.2,2026-04-04,wk inc flu hosp,2026-04-25,0.0,FluSight-baseline
3,48,quantile,0.25,2026-04-04,wk inc flu hosp,2026-04-25,0.0,FluSight-baseline
3,48,quantile,0.3,2026-04-04,wk inc flu hosp,2026-04-25,29.0,FluSight-baseline
3,48,quantile,0.35,2026-04-04,wk inc flu hosp,2026-04-25,82.0,FluSight-baseline
3,48,quantile,0.4,2026-04-04,wk inc flu hosp,2026-04-25,131.0,FluSight-baseline
3,48,quantile,0.45,2026-04-04,wk inc flu hosp,2026-04-25,173.0,FluSight-baseline
3,48,quantile,0.5,2026-04-04,wk inc flu hosp,2026-04-25,213.0,FluSight-baseline
3,48,quantile,0.55,2026-04-04,wk inc flu hosp,2026-04-25,254.0,FluSight-baseline
3,48,quantile,0.6,2026-04-04,wk inc flu hosp,2026-04-25,302.0,FluSight-baseline
3,48,quantile,0.65,2026-04-04,wk inc flu hosp,2026-04-25,355.0,FluSight-baseline
3,48,quantile,0.7,2026-04-04,wk inc flu hosp,2026-04-25,418.0,FluSight-baseline
3,48,quantile,0.75,2026-04-04,wk inc flu hosp,2026-04-25,490.0,FluSight-baseline
3,48,quantile,0.8,2026-04-04,wk inc flu hosp,2026-04-25,579.0,FluSight-baseline
3,48,quantile,0.85,2026-04-04,wk inc flu hosp,2026-04-25,687.0,FluSight-baseline
3,48,quantile,0.9,2026-04-04,wk inc flu hosp,2026-04-25,842.0,FluSight-baseline
3,48,quantile,0.95,2026-04-04,wk inc flu hosp,2026-04-25,1138.0,FluSight-baseline
3,48,quantile,0.975,2026-04-04,wk inc flu hosp,2026-04-25,1450.0,FluSight-baseline
3,48,quantile,0.99,2026-04-04,wk inc flu hosp,2026-04-25,1806.0,FluSight-baseline
0,48,quantile,0.01,2026-04-11,wk inc flu hosp,2026-04-11,0.0,FluSight-baseline
0,48,quantile,0.025,2026-04-11,wk inc flu hosp,2026-04-11,0.0,FluSight-baseline
0,48,quantile,0.05,2026-04-11,wk inc flu hosp,2026-04-11,0.0,FluSight-baseline
0,48,quantile,0.1,2026-04-11,wk inc flu hosp,2026-04-11,0.0,FluSight-baseline
0,48,quantile,0.15,2026-04-11,wk inc flu hosp,2026-04-11,19.0,FluSight-baseline
0,48,quantile,0.2,2026-04-11,wk inc flu hosp,2026-04-11,77.0,FluSight-baseline
0,48,quantile,0.25,2026-04-11,wk inc flu hosp,2026-04-11,110.0,FluSight-baseline
0,48,quantile,0.3,2026-04-11,wk inc flu hosp,2026-04-11,140.0,FluSight-baseline
0,48,quantile,0.35,2026-04-11,wk inc flu hosp,2026-04-11,149.0,FluSight-baseline
0,48,quantile,0.4,2026-04-11,wk inc flu hosp,2026-04-11,157.0,FluSight-baseline
0,48,quantile,0.45,2026-04-11,wk inc flu hosp,2026-04-11,163.0,FluSight-baseline
0,48,quantile,0.5,2026-04-11,wk inc flu hosp,2026-04-11,170.0,FluSight-baseline
0,48,quantile,0.55,2026-04-11,wk inc flu hosp,2026-04-11,177.0,FluSight-baseline
0,48,quantile,0.6,2026-04-11,wk inc flu hosp,2026-04-11,183.0,FluSight-baseline
0,48,quantile,0.65,2026-04-11,wk inc flu hosp,2026-04-11,191.0,FluSight-baseline
0,48,quantile,0.7,2026-04-11,wk inc flu hosp,2026-04-11,200.0,FluSight-baseline
0,48,quantile,0.75,2026-04-11,wk inc flu hosp,2026-04-11,230.0,FluSight-baseline
0,48,quantile,0.8,2026-04-11,wk inc flu hosp,2026-04-11,263.0,FluSight-baseline
0,48,quantile,0.85,2026-04-11,wk inc flu hosp,2026-04-11,320.0,FluSight-baseline
0,48,quantile,0.9,2026-04-11,wk inc flu hosp,2026-04-11,426.0,FluSight-baseline
0,48,quantile,0.95,2026-04-11,wk inc flu hosp,2026-04-11,602.0,FluSight-baseline
0,48,quantile,0.975,2026-04-11,wk inc flu hosp,2026-04-11,783.0,FluSight-baseline
0,48,quantile,0.99,2026-04-11,wk inc flu hosp,2026-04-11,1068.0,FluSight-baseline
1,48,quantile,0.01,2026-04-11,wk inc flu hosp,2026-04-18,0.0,FluSight-baseline
1,48,quantile,0.025,2026-04-11,wk inc flu hosp,2026-04-18,0.0,FluSight-baseline
1,48,quantile,0.05,2026-04-11,wk inc flu hosp,2026-04-18,0.0,FluSight-baseline
1,48,quantile,0.1,2026-04-11,wk inc flu hosp,2026-04-18,0.0,FluSight-baseline
1,48,quantile,0.15,2026-04-11,wk inc flu hosp,2026-04-18,0.0,FluSight-baseline
1,48,quantile,0.2,2026-04-11,wk inc flu hosp,2026-04-18,8.0,FluSight-baseline
1,48,quantile,0.25,2026-04-11,wk inc flu hosp,2026-04-18,41.0,FluSight-baseline
1,48,quantile,0.3,2026-04-11,wk inc flu hosp,2026-04-18,80.0,FluSight-baseline
1,48,quantile,0.35,2026-04-11,wk inc flu hosp,2026-04-18,112.0,FluSight-baseline
1,48,quantile,0.4,2026-04-11,wk inc flu hosp,2026-04-18,137.0,FluSight-baseline
1,48,quantile,0.45,2026-04-11,wk inc flu hosp,2026-04-18,155.0,FluSight-baseline
1,48,quantile,0.5,2026-04-11,wk inc flu hosp,2026-04-18,170.0,FluSight-baseline
1,48,quantile,0.55,2026-04-11,wk inc flu hosp,2026-04-18,186.0,FluSight-baseline
1,48,quantile,0.6,2026-04-11,wk inc flu hosp,2026-04-18,206.0,FluSight-baseline
1,48,quantile,0.65,2026-04-11,wk inc flu hosp,2026-04-18,236.0,FluSight-baseline
1,48,quantile,0.7,2026-04-11,wk inc flu hosp,2026-04-18,272.0,FluSight-baseline
1,48,quantile,0.75,2026-04-11,wk inc flu hosp,2026-04-18,317.0,FluSight-baseline
1,48,quantile,0.8,2026-04-11,wk inc flu hosp,2026-04-18,381.0,FluSight-baseline
1,48,quantile,0.85,2026-04-11,wk inc flu hosp,2026-04-18,469.0,FluSight-baseline
1,48,quantile,0.9,2026-04-11,wk inc flu hosp,2026-04-18,585.0,FluSight-baseline
1,48,quantile,0.95,2026-04-11,wk inc flu hosp,2026-04-18,795.0,FluSight-baseline
1,48,quantile,0.975,2026-04-11,wk inc flu hosp,2026-04-18,1048.0,FluSight-baseline
1,48,quantile,0.99,2026-04-11,wk inc flu hosp,2026-04-18,1459.0,FluSight-baseline
2,48,quantile,0.01,2026-04-11,wk inc flu hosp,2026-04-25,0.0,FluSight-baseline
2,48,quantile,0.025,2026-04-11,wk inc flu hosp,2026-04-25,0.0,FluSight-baseline
2,48,quantile,0.05,2026-04-11,wk inc flu hosp,2026-04-25,0.0,FluSight-baseline
2,48,quantile,0.1,2026-04-11,wk inc flu hosp,2026-04-25,0.0,FluSight-baseline
2,48,quantile,0.15,2026-04-11,wk inc flu hosp,2026-04-25,0.0,FluSight-baseline
2,48,quantile,0.2,2026-04-11,wk inc flu hosp,2026-04-25,0.0,FluSight-baseline
2,48,quantile,0.25,2026-04-11,wk inc flu hosp,2026-04-25,0.0,FluSight-baseline
2,48,quantile,0.3,2026-04-11,wk inc flu hosp,2026-04-25,35.0,FluSight-baseline
2,48,quantile,0.35,2026-04-11,wk inc flu hosp,2026-04-25,76.0,FluSight-baseline
2,48,quantile,0.4,2026-04-11,wk inc flu hosp,2026-04-25,112.0,FluSight-baseline
2,48,quantile,0.45,2026-04-11,wk inc flu hosp,2026-04-25,143.0,FluSight-baseline
2,48,quantile,0.5,2026-04-11,wk inc flu hosp,2026-04-25,170.0,FluSight-baseline
2,48,quantile,0.55,2026-04-11,wk inc flu hosp,2026-04-25,199.0,FluSight-baseline
2,48,quantile,0.6,2026-04-11,wk inc flu hosp,2026-04-25,234.0,FluSight-baseline
2,48,quantile,0.65,2026-04-11,wk inc flu hosp,2026-04-25,276.0,FluSight-baseline
2,48,quantile,0.7,2026-04-11,wk inc flu hosp,2026-04-25,326.0,FluSight-baseline
2,48,quantile,0.75,2026-04-11,wk inc flu hosp,2026-04-25,391.0,FluSight-baseline
2,48,quantile,0.8,2026-04-11,wk inc flu hosp,2026-04-25,468.0,FluSight-baseline
2,48,quantile,0.85,2026-04-11,wk inc flu hosp,2026-04-25,565.0,FluSight-baseline
2,48,quantile,0.9,2026-04-11,wk inc flu hosp,2026-04-25,697.0,FluSight-baseline
2,48,quantile,0.95,2026-04-11,wk inc flu hosp,2026-04-25,960.0,FluSight-baseline
2,48,quantile,0.975,2026-04-11,wk inc flu hosp,2026-04-25,1258.0,FluSight-baseline
2,48,quantile,0.99,2026-04-11,wk inc flu hosp,2026-04-25,1632.0,FluSight-baseline
0,48,quantile,0.01,2026-04-18,wk inc flu hosp,2026-04-18,0.0,FluSight-baseline
0,48,quantile,0.025,2026-04-18,wk inc flu hosp,2026-04-18,0.0,FluSight-baseline
0,48,quantile,0.05,2026-04-18,wk inc flu hosp,2026-04-18,0.0,FluSight-baseline
0,48,quantile,0.1,2026-04-18,wk inc flu hosp,2026-04-18,0.0,FluSight-baseline
0,48,quantile,0.15,2026-04-18,wk inc flu hosp,2026-04-18,0.0,FluSight-baseline
0,48,quantile,0.2,2026-04-18,wk inc flu hosp,2026-04-18,27.0,FluSight-baseline
0,48,quantile,0.25,2026-04-18,wk inc flu hosp,2026-04-18,59.0,FluSight-baseline
0,48,quantile,0.3,2026-04-18,wk inc flu hosp,2026-04-18,89.0,FluSight-baseline
0,48,quantile,0.35,2026-04-18,wk inc flu hosp,2026-04-18,98.0,FluSight-baseline
0,48,quantile,0.4,2026-04-18,wk inc flu hosp,2026-04-18,106.0,FluSight-baseline
0,48,quantile,0.45,2026-04-18,wk inc flu hosp,2026-04-18,112.0,FluSight-baseline
0,48,quantile,0.5,2026-04-18,wk inc flu hosp,2026-04-18,119.0,FluSight-baseline
0,48,quantile,0.55,2026-04-18,wk inc flu hosp,2026-04-18,126.0,FluSight-baseline
0,48,quantile,0.6,2026-04-18,wk inc flu hosp,2026-04-18,132.0,FluSight-baseline
0,48,quantile,0.65,2026-04-18,wk inc flu hosp,2026-04-18,140.0,FluSight-baseline
0,48,quantile,0.7,2026-04-18,wk inc flu hosp,2026-04-18,149.0,FluSight-baseline
0,48,quantile,0.75,2026-04-18,wk inc flu hosp,2026-04-18,179.0,FluSight-baseline
0,48,quantile,0.8,2026-04-18,wk inc flu hosp,2026-04-18,211.0,FluSight-baseline
0,48,quantile,0.85,2026-04-18,wk inc flu hosp,2026-04-18,268.0,FluSight-baseline
0,48,quantile,0.9,2026-04-18,wk inc flu hosp,2026-04-18,375.0,FluSight-baseline
0,48,quantile,0.95,2026-04-18,wk inc flu hosp,2026-04-18,548.0,FluSight-baseline
0,48,quantile,0.975,2026-04-18,wk inc flu hosp,2026-04-18,729.0,FluSight-baseline
0,48,quantile,0.99,2026-04-18,wk inc flu hosp,2026-04-18,1016.0,FluSight-baseline
1,48,quantile,0.01,2026-04-18,wk inc flu hosp,2026-04-25,0.0,FluSight-baseline
1,48,quantile,0.025,2026-04-18,wk inc flu hosp,2026-04-25,0.0,FluSight-baseline
1,48,quantile,0.05,2026-04-18,wk inc flu hosp,2026-04-25,0.0,FluSight-baseline
1,48,quantile,0.1,2026-04-18,wk inc flu hosp,2026-04-25,0.0,FluSight-baseline
1,48,quantile,0.15,2026-04-18,wk inc flu hosp,2026-04-25,0.0,FluSight-baseline
1,48,quantile,0.2,2026-04-18,wk inc flu hosp,2026-04-25,0.0,FluSight-baseline
1,48,quantile,0.25,2026-04-18,wk inc flu hosp,2026-04-25,10.0,FluSight-baseline
1,48,quantile,0.3,2026-04-18,wk inc flu hosp,2026-04-25,35.0,FluSight-baseline
1,48,quantile,0.35,2026-04-18,wk inc flu hosp,2026-04-25,64.0,FluSight-baseline
1,48,quantile,0.4,2026-04-18,wk inc flu hosp,2026-04-25,86.0,FluSight-baseline
1,48,quantile,0.45,2026-04-18,wk inc flu hosp,2026-04-25,103.0,FluSight-baseline
1,48,quantile,0.5,2026-04-18,wk inc flu hosp,2026-04-25,119.0,FluSight-baseline
1,48,quantile,0.55,2026-04-18,wk inc flu hosp,2026-04-25,136.0,FluSight-baseline
1,48,quantile,0.6,2026-04-18,wk inc flu hosp,2026-04-25,155.0,FluSight-baseline
1,48,quantile,0.65,2026-04-18,wk inc flu hosp,2026-04-25,183.0,FluSight-baseline
1,48,quantile,0.7,2026-04-18,wk inc flu hosp,2026-04-25,221.0,FluSight-baseline
1,48,quantile,0.75,2026-04-18,wk inc flu hosp,2026-04-25,267.0,FluSight-baseline
1,48,quantile,0.8,2026-04-18,wk inc flu hosp,2026-04-25,330.0,FluSight-baseline
1,48,quantile,0.85,2026-04-18,wk inc flu hosp,2026-04-25,417.0,FluSight-baseline
1,48,quantile,0.9,2026-04-18,wk inc flu hosp,2026-04-25,530.0,FluSight-baseline
1,48,quantile,0.95,2026-04-18,wk inc flu hosp,2026-04-25,736.0,FluSight-baseline
1,48,quantile,0.975,2026-04-18,wk inc flu hosp,2026-04-25,993.0,FluSight-baseline
1,48,quantile,0.99,2026-04-18,wk inc flu hosp,2026-04-25,1395.0,FluSight-baseline
0,48,quantile,0.01,2026-04-25,wk inc flu hosp,2026-04-25,0.0,FluSight-baseline
0,48,quantile,0.025,2026-04-25,wk inc flu hosp,2026-04-25,0.0,FluSight-baseline
0,48,quantile,0.05,2026-04-25,wk inc flu hosp,2026-04-25,0.0,FluSight-baseline
0,48,quantile,0.1,2026-04-25,wk inc flu hosp,2026-04-25,0.0,FluSight-baseline
0,48,quantile,0.15,2026-04-25,wk inc flu hosp,2026-04-25,0.0,FluSight-baseline
0,48,quantile,0.2,2026-04-25,wk inc flu hosp,2026-04-25,18.0,FluSight-baseline
0,48,quantile,0.25,2026-04-25,wk inc flu hosp,2026-04-25,50.0,FluSight-baseline
0,48,quantile,0.3,2026-04-25,wk inc flu hosp,2026-04-25,80.0,FluSight-baseline
0,48,quantile,0.35,2026-04-25,wk inc flu hosp,2026-04-25,90.0,FluSight-baseline
0,48,quantile,0.4,2026-04-25,wk inc flu hosp,2026-04-25,97.0,FluSight-baseline
0,48,quantile,0.45,2026-04-25,wk inc flu hosp,2026-04-25,103.0,FluSight-baseline
0,48,quantile,0.5,2026-04-25,wk inc flu hosp,2026-04-25,110.0,FluSight-baseline
0,48,quantile,0.55,2026-04-25,wk inc flu hosp,2026-04-25,117.0,FluSight-baseline
0,48,quantile,0.6,2026-04-25,wk inc flu hosp,2026-04-25,123.0,FluSight-baseline
0,48,quantile,0.65,2026-04-25,wk inc flu hosp,2026-04-25,130.0,FluSight-baseline
0,48,quantile,0.7,2026-04-25,wk inc flu hosp,2026-04-25,140.0,FluSight-baseline
0,48,quantile,0.75,2026-04-25,wk inc flu hosp,2026-04-25,170.0,FluSight-baseline
0,48,quantile,0.8,2026-04-25,wk inc flu hosp,2026-04-25,202.0,FluSight-baseline
0,48,quantile,0.85,2026-04-25,wk inc flu hosp,2026-04-25,259.0,FluSight-baseline
0,48,quantile,0.9,2026-04-25,wk inc flu hosp,2026-04-25,365.0,FluSight-baseline
0,48,quantile,0.95,2026-04-25,wk inc flu hosp,2026-04-25,535.0,FluSight-baseline
0,48,quantile,0.975,2026-04-25,wk inc flu hosp,2026-04-25,717.0,FluSight-baseline
0,48,quantile,0.99,2026-04-25,wk inc flu hosp,2026-04-25,1007.0,FluSight-baseline
