model_id,reference_date,target,horizon,target_end_date,location,output_type,output_type_id,value
distributional_gaussian_nll_joint_base_no_donors_wastewaterscan_lags124_revised_visualization,2024-10-12,wk inc flu hosp,0,2024-10-12,48,quantile,0.05,0.707023917536266
distributional_gaussian_nll_joint_base_no_donors_wastewaterscan_lags124_revised_visualization,2024-10-12,wk inc flu hosp,0,2024-10-12,48,quantile,0.25,2.5727354345164493
distributional_gaussian_nll_joint_base_no_donors_wastewaterscan_lags124_revised_visualization,2024-10-12,wk inc flu hosp,0,2024-10-12,48,quantile,0.5,4.982989465077104
distributional_gaussian_nll_joint_base_no_donors_wastewaterscan_lags124_revised_visualization,2024-10-12,wk inc flu hosp,0,2024-10-12,48,quantile,0.75,8.783431511643169
distributional_gaussian_nll_joint_base_no_donors_wastewaterscan_lags124_revised_visualization,2024-10-12,wk inc flu hosp,0,2024-10-12,48,quantile,0.95,19.293298170333028
distributional_gaussian_nll_joint_base_no_donors_wastewaterscan_lags124_revised_visualization,2024-10-12,wk inc flu hosp,1,2024-10-19,48,quantile,0.05,1.0382263735112345
distributional_gaussian_nll_joint_base_no_donors_wastewaterscan_lags124_revised_visualization,2024-10-12,wk inc flu hosp,1,2024-10-19,48,quantile,0.25,3.5185251942497997
distributional_gaussian_nll_joint_base_no_donors_wastewaterscan_lags124_revised_visualization,2024-10-12,wk inc flu hosp,1,2024-10-19,48,quantile,0.5,6.547928566139488
distributional_gaussian_nll_joint_base_no_donors_wastewaterscan_lags124_revised_visualization,2024-10-12,wk inc flu hosp,1,2024-10-19,48,quantile,0.75,12.681142699749357
distributional_gaussian_nll_joint_base_no_donors_wastewaterscan_lags124_revised_visualization,2024-10-12,wk inc flu hosp,1,2024-10-19,48,quantile,0.95,29.013523356793584
distributional_gaussian_nll_joint_base_no_donors_wastewaterscan_lags124_revised_visualization,2024-10-12,wk inc flu hosp,2,2024-10-26,48,quantile,0.05,1.3702410142854222
distributional_gaussian_nll_joint_base_no_donors_wastewaterscan_lags124_revised_visualization,2024-10-12,wk inc flu hosp,2,2024-10-26,48,quantile,0.25,4.467435281848068
distributional_gaussian_nll_joint_base_no_donors_wastewaterscan_lags124_revised_visualization,2024-10-12,wk inc flu hosp,2,2024-10-26,48,quantile,0.5,9.033714115706552
distributional_gaussian_nll_joint_base_no_donors_wastewaterscan_lags124_revised_visualization,2024-10-12,wk inc flu hosp,2,2024-10-26,48,quantile,0.75,18.958331671998884
distributional_gaussian_nll_joint_base_no_donors_wastewaterscan_lags124_revised_visualization,2024-10-12,wk inc flu hosp,2,2024-10-26,48,quantile,0.95,49.61736782814226
distributional_gaussian_nll_joint_base_no_donors_wastewaterscan_lags124_revised_visualization,2024-10-12,wk inc flu hosp,3,2024-11-02,48,quantile,0.05,1.706157267225949
distributional_gaussian_nll_joint_base_no_donors_wastewaterscan_lags124_revised_visualization,2024-10-12,wk inc flu hosp,3,2024-11-02,48,quantile,0.25,5.747519207737569
distributional_gaussian_nll_joint_base_no_donors_wastewaterscan_lags124_revised_visualization,2024-10-12,wk inc flu hosp,3,2024-11-02,48,quantile,0.5,12.165849446632487
distributional_gaussian_nll_joint_base_no_donors_wastewaterscan_lags124_revised_visualization,2024-10-12,wk inc flu hosp,3,2024-11-02,48,quantile,0.75,24.808063930607304
distributional_gaussian_nll_joint_base_no_donors_wastewaterscan_lags124_revised_visualization,2024-10-12,wk inc flu hosp,3,2024-11-02,48,quantile,0.95,66.77590795943485
distributional_gaussian_nll_joint_base_no_donors_wastewaterscan_lags124_revised_visualization,2024-10-19,wk inc flu hosp,0,2024-10-19,48,quantile,0.05,21.81169055409182
distributional_gaussian_nll_joint_base_no_donors_wastewaterscan_lags124_revised_visualization,2024-10-19,wk inc flu hosp,0,2024-10-19,48,quantile,0.25,57.11415519309223
distributional_gaussian_nll_joint_base_no_donors_wastewaterscan_lags124_revised_visualization,2024-10-19,wk inc flu hosp,0,2024-10-19,48,quantile,0.5,111.54409489006125
distributional_gaussian_nll_joint_base_no_donors_wastewaterscan_lags124_revised_visualization,2024-10-19,wk inc flu hosp,0,2024-10-19,48,quantile,0.75,211.30750080446325
distributional_gaussian_nll_joint_base_no_donors_wastewaterscan_lags124_revised_visualization,2024-10-19,wk inc flu hosp,0,2024-10-19,48,quantile,0.95,505.6788810801047
distributional_gaussian_nll_joint_base_no_donors_wastewaterscan_lags124_revised_visualization,2024-10-19,wk inc flu hosp,1,2024-10-26,48,quantile,0.05,21.873640108943608
distributional_gaussian_nll_joint_base_no_donors_wastewaterscan_lags124_revised_visualization,2024-10-19,wk inc flu hosp,1,2024-10-26,48,quantile,0.25,64.87759694394295
distributional_gaussian_nll_joint_base_no_donors_wastewaterscan_lags124_revised_visualization,2024-10-19,wk inc flu hosp,1,2024-10-26,48,quantile,0.5,136.7293278637881
distributional_gaussian_nll_joint_base_no_donors_wastewaterscan_lags124_revised_visualization,2024-10-19,wk inc flu hosp,1,2024-10-26,48,quantile,0.75,265.57069562420884
distributional_gaussian_nll_joint_base_no_donors_wastewaterscan_lags124_revised_visualization,2024-10-19,wk inc flu hosp,1,2024-10-26,48,quantile,0.95,756.7531931668498
distributional_gaussian_nll_joint_base_no_donors_wastewaterscan_lags124_revised_visualization,2024-10-19,wk inc flu hosp,2,2024-11-02,48,quantile,0.05,32.6613301041466
distributional_gaussian_nll_joint_base_no_donors_wastewaterscan_lags124_revised_visualization,2024-10-19,wk inc flu hosp,2,2024-11-02,48,quantile,0.25,105.30452694699513
distributional_gaussian_nll_joint_base_no_donors_wastewaterscan_lags124_revised_visualization,2024-10-19,wk inc flu hosp,2,2024-11-02,48,quantile,0.5,229.31280718607235
distributional_gaussian_nll_joint_base_no_donors_wastewaterscan_lags124_revised_visualization,2024-10-19,wk inc flu hosp,2,2024-11-02,48,quantile,0.75,475.11713825467257
distributional_gaussian_nll_joint_base_no_donors_wastewaterscan_lags124_revised_visualization,2024-10-19,wk inc flu hosp,2,2024-11-02,48,quantile,0.95,1402.549143223314
distributional_gaussian_nll_joint_base_no_donors_wastewaterscan_lags124_revised_visualization,2024-10-19,wk inc flu hosp,3,2024-11-09,48,quantile,0.05,39.486262729777
distributional_gaussian_nll_joint_base_no_donors_wastewaterscan_lags124_revised_visualization,2024-10-19,wk inc flu hosp,3,2024-11-09,48,quantile,0.25,133.29590693017215
distributional_gaussian_nll_joint_base_no_donors_wastewaterscan_lags124_revised_visualization,2024-10-19,wk inc flu hosp,3,2024-11-09,48,quantile,0.5,308.2776861206609
distributional_gaussian_nll_joint_base_no_donors_wastewaterscan_lags124_revised_visualization,2024-10-19,wk inc flu hosp,3,2024-11-09,48,quantile,0.75,660.2088771893651
distributional_gaussian_nll_joint_base_no_donors_wastewaterscan_lags124_revised_visualization,2024-10-19,wk inc flu hosp,3,2024-11-09,48,quantile,0.95,1826.0149939913176
distributional_gaussian_nll_joint_base_no_donors_wastewaterscan_lags124_revised_visualization,2024-10-26,wk inc flu hosp,0,2024-10-26,48,quantile,0.05,33.83081777009821
distributional_gaussian_nll_joint_base_no_donors_wastewaterscan_lags124_revised_visualization,2024-10-26,wk inc flu hosp,0,2024-10-26,48,quantile,0.25,72.60297941067789
distributional_gaussian_nll_joint_base_no_donors_wastewaterscan_lags124_revised_visualization,2024-10-26,wk inc flu hosp,0,2024-10-26,48,quantile,0.5,124.3349423585886
distributional_gaussian_nll_joint_base_no_donors_wastewaterscan_lags124_revised_visualization,2024-10-26,wk inc flu hosp,0,2024-10-26,48,quantile,0.75,209.51641840415076
distributional_gaussian_nll_joint_base_no_donors_wastewaterscan_lags124_revised_visualization,2024-10-26,wk inc flu hosp,0,2024-10-26,48,quantile,0.95,457.8506378303355
distributional_gaussian_nll_joint_base_no_donors_wastewaterscan_lags124_revised_visualization,2024-10-26,wk inc flu hosp,1,2024-11-02,48,quantile,0.05,32.96942380797826
distributional_gaussian_nll_joint_base_no_donors_wastewaterscan_lags124_revised_visualization,2024-10-26,wk inc flu hosp,1,2024-11-02,48,quantile,0.25,78.16186796575155
distributional_gaussian_nll_joint_base_no_donors_wastewaterscan_lags124_revised_visualization,2024-10-26,wk inc flu hosp,1,2024-11-02,48,quantile,0.5,142.45064782418592
distributional_gaussian_nll_joint_base_no_donors_wastewaterscan_lags124_revised_visualization,2024-10-26,wk inc flu hosp,1,2024-11-02,48,quantile,0.75,257.3501294074677
distributional_gaussian_nll_joint_base_no_donors_wastewaterscan_lags124_revised_visualization,2024-10-26,wk inc flu hosp,1,2024-11-02,48,quantile,0.95,663.8823593381707
distributional_gaussian_nll_joint_base_no_donors_wastewaterscan_lags124_revised_visualization,2024-10-26,wk inc flu hosp,2,2024-11-09,48,quantile,0.05,36.74427140974196
distributional_gaussian_nll_joint_base_no_donors_wastewaterscan_lags124_revised_visualization,2024-10-26,wk inc flu hosp,2,2024-11-09,48,quantile,0.25,93.1105010481532
distributional_gaussian_nll_joint_base_no_donors_wastewaterscan_lags124_revised_visualization,2024-10-26,wk inc flu hosp,2,2024-11-09,48,quantile,0.5,182.2019666620453
distributional_gaussian_nll_joint_base_no_donors_wastewaterscan_lags124_revised_visualization,2024-10-26,wk inc flu hosp,2,2024-11-09,48,quantile,0.75,347.6326857898009
distributional_gaussian_nll_joint_base_no_donors_wastewaterscan_lags124_revised_visualization,2024-10-26,wk inc flu hosp,2,2024-11-09,48,quantile,0.95,894.460528973075
distributional_gaussian_nll_joint_base_no_donors_wastewaterscan_lags124_revised_visualization,2024-10-26,wk inc flu hosp,3,2024-11-16,48,quantile,0.05,36.836298837237656
distributional_gaussian_nll_joint_base_no_donors_wastewaterscan_lags124_revised_visualization,2024-10-26,wk inc flu hosp,3,2024-11-16,48,quantile,0.25,105.5222747673936
distributional_gaussian_nll_joint_base_no_donors_wastewaterscan_lags124_revised_visualization,2024-10-26,wk inc flu hosp,3,2024-11-16,48,quantile,0.5,211.3303178219714
distributional_gaussian_nll_joint_base_no_donors_wastewaterscan_lags124_revised_visualization,2024-10-26,wk inc flu hosp,3,2024-11-16,48,quantile,0.75,419.2784311903352
distributional_gaussian_nll_joint_base_no_donors_wastewaterscan_lags124_revised_visualization,2024-10-26,wk inc flu hosp,3,2024-11-16,48,quantile,0.95,1154.0543773847207
distributional_gaussian_nll_joint_base_no_donors_wastewaterscan_lags124_revised_visualization,2024-11-02,wk inc flu hosp,0,2024-11-02,48,quantile,0.05,55.8498517782775
distributional_gaussian_nll_joint_base_no_donors_wastewaterscan_lags124_revised_visualization,2024-11-02,wk inc flu hosp,0,2024-11-02,48,quantile,0.25,112.24927921378068
distributional_gaussian_nll_joint_base_no_donors_wastewaterscan_lags124_revised_visualization,2024-11-02,wk inc flu hosp,0,2024-11-02,48,quantile,0.5,181.5218266646813
distributional_gaussian_nll_joint_base_no_donors_wastewaterscan_lags124_revised_visualization,2024-11-02,wk inc flu hosp,0,2024-11-02,48,quantile,0.75,290.3407050006599
distributional_gaussian_nll_joint_base_no_donors_wastewaterscan_lags124_revised_visualization,2024-11-02,wk inc flu hosp,0,2024-11-02,48,quantile,0.95,586.9057573524193
distributional_gaussian_nll_joint_base_no_donors_wastewaterscan_lags124_revised_visualization,2024-11-02,wk inc flu hosp,1,2024-11-09,48,quantile,0.05,56.677833864073584
distributional_gaussian_nll_joint_base_no_donors_wastewaterscan_lags124_revised_visualization,2024-11-02,wk inc flu hosp,1,2024-11-09,48,quantile,0.25,129.01180236512403
distributional_gaussian_nll_joint_base_no_donors_wastewaterscan_lags124_revised_visualization,2024-11-02,wk inc flu hosp,1,2024-11-09,48,quantile,0.5,212.26511382960177
distributional_gaussian_nll_joint_base_no_donors_wastewaterscan_lags124_revised_visualization,2024-11-02,wk inc flu hosp,1,2024-11-09,48,quantile,0.75,388.4462614345544
distributional_gaussian_nll_joint_base_no_donors_wastewaterscan_lags124_revised_visualization,2024-11-02,wk inc flu hosp,1,2024-11-09,48,quantile,0.95,828.485145742208
distributional_gaussian_nll_joint_base_no_donors_wastewaterscan_lags124_revised_visualization,2024-11-02,wk inc flu hosp,2,2024-11-16,48,quantile,0.05,62.00311808145282
distributional_gaussian_nll_joint_base_no_donors_wastewaterscan_lags124_revised_visualization,2024-11-02,wk inc flu hosp,2,2024-11-16,48,quantile,0.25,159.796836413428
distributional_gaussian_nll_joint_base_no_donors_wastewaterscan_lags124_revised_visualization,2024-11-02,wk inc flu hosp,2,2024-11-16,48,quantile,0.5,310.9606882372456
distributional_gaussian_nll_joint_base_no_donors_wastewaterscan_lags124_revised_visualization,2024-11-02,wk inc flu hosp,2,2024-11-16,48,quantile,0.75,589.2352430926046
distributional_gaussian_nll_joint_base_no_donors_wastewaterscan_lags124_revised_visualization,2024-11-02,wk inc flu hosp,2,2024-11-16,48,quantile,0.95,1507.647770092377
distributional_gaussian_nll_joint_base_no_donors_wastewaterscan_lags124_revised_visualization,2024-11-02,wk inc flu hosp,3,2024-11-23,48,quantile,0.05,68.02699274501862
distributional_gaussian_nll_joint_base_no_donors_wastewaterscan_lags124_revised_visualization,2024-11-02,wk inc flu hosp,3,2024-11-23,48,quantile,0.25,170.79168876693527
distributional_gaussian_nll_joint_base_no_donors_wastewaterscan_lags124_revised_visualization,2024-11-02,wk inc flu hosp,3,2024-11-23,48,quantile,0.5,371.47615954946457
distributional_gaussian_nll_joint_base_no_donors_wastewaterscan_lags124_revised_visualization,2024-11-02,wk inc flu hosp,3,2024-11-23,48,quantile,0.75,742.7624886639783
distributional_gaussian_nll_joint_base_no_donors_wastewaterscan_lags124_revised_visualization,2024-11-02,wk inc flu hosp,3,2024-11-23,48,quantile,0.95,2076.8857423047893
distributional_gaussian_nll_joint_base_no_donors_wastewaterscan_lags124_revised_visualization,2024-11-09,wk inc flu hosp,0,2024-11-09,48,quantile,0.05,42.43019129642356
distributional_gaussian_nll_joint_base_no_donors_wastewaterscan_lags124_revised_visualization,2024-11-09,wk inc flu hosp,0,2024-11-09,48,quantile,0.25,83.52323269765908
distributional_gaussian_nll_joint_base_no_donors_wastewaterscan_lags124_revised_visualization,2024-11-09,wk inc flu hosp,0,2024-11-09,48,quantile,0.5,133.6765071785641
distributional_gaussian_nll_joint_base_no_donors_wastewaterscan_lags124_revised_visualization,2024-11-09,wk inc flu hosp,0,2024-11-09,48,quantile,0.75,212.79335753576464
distributional_gaussian_nll_joint_base_no_donors_wastewaterscan_lags124_revised_visualization,2024-11-09,wk inc flu hosp,0,2024-11-09,48,quantile,0.95,410.3826946433
distributional_gaussian_nll_joint_base_no_donors_wastewaterscan_lags124_revised_visualization,2024-11-09,wk inc flu hosp,1,2024-11-16,48,quantile,0.05,43.5915380023221
distributional_gaussian_nll_joint_base_no_donors_wastewaterscan_lags124_revised_visualization,2024-11-09,wk inc flu hosp,1,2024-11-16,48,quantile,0.25,95.24819955415776
distributional_gaussian_nll_joint_base_no_donors_wastewaterscan_lags124_revised_visualization,2024-11-09,wk inc flu hosp,1,2024-11-16,48,quantile,0.5,167.703162379115
distributional_gaussian_nll_joint_base_no_donors_wastewaterscan_lags124_revised_visualization,2024-11-09,wk inc flu hosp,1,2024-11-16,48,quantile,0.75,290.15715942372697
distributional_gaussian_nll_joint_base_no_donors_wastewaterscan_lags124_revised_visualization,2024-11-09,wk inc flu hosp,1,2024-11-16,48,quantile,0.95,661.6426651873873
distributional_gaussian_nll_joint_base_no_donors_wastewaterscan_lags124_revised_visualization,2024-11-09,wk inc flu hosp,2,2024-11-23,48,quantile,0.05,46.13864498191958
distributional_gaussian_nll_joint_base_no_donors_wastewaterscan_lags124_revised_visualization,2024-11-09,wk inc flu hosp,2,2024-11-23,48,quantile,0.25,113.15393876790183
distributional_gaussian_nll_joint_base_no_donors_wastewaterscan_lags124_revised_visualization,2024-11-09,wk inc flu hosp,2,2024-11-23,48,quantile,0.5,217.05730370537293
distributional_gaussian_nll_joint_base_no_donors_wastewaterscan_lags124_revised_visualization,2024-11-09,wk inc flu hosp,2,2024-11-23,48,quantile,0.75,438.6547566163464
distributional_gaussian_nll_joint_base_no_donors_wastewaterscan_lags124_revised_visualization,2024-11-09,wk inc flu hosp,2,2024-11-23,48,quantile,0.95,1131.6643909623317
distributional_gaussian_nll_joint_base_no_donors_wastewaterscan_lags124_revised_visualization,2024-11-09,wk inc flu hosp,3,2024-11-30,48,quantile,0.05,43.08054268622593
distributional_gaussian_nll_joint_base_no_donors_wastewaterscan_lags124_revised_visualization,2024-11-09,wk inc flu hosp,3,2024-11-30,48,quantile,0.25,120.92589961749492
distributional_gaussian_nll_joint_base_no_donors_wastewaterscan_lags124_revised_visualization,2024-11-09,wk inc flu hosp,3,2024-11-30,48,quantile,0.5,247.2552722420575
distributional_gaussian_nll_joint_base_no_donors_wastewaterscan_lags124_revised_visualization,2024-11-09,wk inc flu hosp,3,2024-11-30,48,quantile,0.75,540.687987101533
distributional_gaussian_nll_joint_base_no_donors_wastewaterscan_lags124_revised_visualization,2024-11-09,wk inc flu hosp,3,2024-11-30,48,quantile,0.95,1496.8609279908244
distributional_gaussian_nll_joint_base_no_donors_wastewaterscan_lags124_revised_visualization,2024-11-16,wk inc flu hosp,0,2024-11-16,48,quantile,0.05,92.48752953597752
distributional_gaussian_nll_joint_base_no_donors_wastewaterscan_lags124_revised_visualization,2024-11-16,wk inc flu hosp,0,2024-11-16,48,quantile,0.25,167.00550292165218
distributional_gaussian_nll_joint_base_no_donors_wastewaterscan_lags124_revised_visualization,2024-11-16,wk inc flu hosp,0,2024-11-16,48,quantile,0.5,248.7853218112618
distributional_gaussian_nll_joint_base_no_donors_wastewaterscan_lags124_revised_visualization,2024-11-16,wk inc flu hosp,0,2024-11-16,48,quantile,0.75,366.38937102158366
distributional_gaussian_nll_joint_base_no_donors_wastewaterscan_lags124_revised_visualization,2024-11-16,wk inc flu hosp,0,2024-11-16,48,quantile,0.95,658.5195574380183
distributional_gaussian_nll_joint_base_no_donors_wastewaterscan_lags124_revised_visualization,2024-11-16,wk inc flu hosp,1,2024-11-23,48,quantile,0.05,86.47306979270351
distributional_gaussian_nll_joint_base_no_donors_wastewaterscan_lags124_revised_visualization,2024-11-16,wk inc flu hosp,1,2024-11-23,48,quantile,0.25,172.34200356100715
distributional_gaussian_nll_joint_base_no_donors_wastewaterscan_lags124_revised_visualization,2024-11-16,wk inc flu hosp,1,2024-11-23,48,quantile,0.5,281.32693593304646
distributional_gaussian_nll_joint_base_no_donors_wastewaterscan_lags124_revised_visualization,2024-11-16,wk inc flu hosp,1,2024-11-23,48,quantile,0.75,447.8643733455593
distributional_gaussian_nll_joint_base_no_donors_wastewaterscan_lags124_revised_visualization,2024-11-16,wk inc flu hosp,1,2024-11-23,48,quantile,0.95,861.4798863237656
distributional_gaussian_nll_joint_base_no_donors_wastewaterscan_lags124_revised_visualization,2024-11-16,wk inc flu hosp,2,2024-11-30,48,quantile,0.05,97.89838826711062
distributional_gaussian_nll_joint_base_no_donors_wastewaterscan_lags124_revised_visualization,2024-11-16,wk inc flu hosp,2,2024-11-30,48,quantile,0.25,223.33347798793528
distributional_gaussian_nll_joint_base_no_donors_wastewaterscan_lags124_revised_visualization,2024-11-16,wk inc flu hosp,2,2024-11-30,48,quantile,0.5,390.65654673402776
distributional_gaussian_nll_joint_base_no_donors_wastewaterscan_lags124_revised_visualization,2024-11-16,wk inc flu hosp,2,2024-11-30,48,quantile,0.75,694.7905087875936
distributional_gaussian_nll_joint_base_no_donors_wastewaterscan_lags124_revised_visualization,2024-11-16,wk inc flu hosp,2,2024-11-30,48,quantile,0.95,1544.287022594482
distributional_gaussian_nll_joint_base_no_donors_wastewaterscan_lags124_revised_visualization,2024-11-16,wk inc flu hosp,3,2024-12-07,48,quantile,0.05,100.07144290021792
distributional_gaussian_nll_joint_base_no_donors_wastewaterscan_lags124_revised_visualization,2024-11-16,wk inc flu hosp,3,2024-12-07,48,quantile,0.25,244.23162925094263
distributional_gaussian_nll_joint_base_no_donors_wastewaterscan_lags124_revised_visualization,2024-11-16,wk inc flu hosp,3,2024-12-07,48,quantile,0.5,449.4761146254906
distributional_gaussian_nll_joint_base_no_donors_wastewaterscan_lags124_revised_visualization,2024-11-16,wk inc flu hosp,3,2024-12-07,48,quantile,0.75,822.6103404847645
distributional_gaussian_nll_joint_base_no_donors_wastewaterscan_lags124_revised_visualization,2024-11-16,wk inc flu hosp,3,2024-12-07,48,quantile,0.95,1924.785085672684
distributional_gaussian_nll_joint_base_no_donors_wastewaterscan_lags124_revised_visualization,2024-11-23,wk inc flu hosp,0,2024-11-23,48,quantile,0.05,138.8860051087343
distributional_gaussian_nll_joint_base_no_donors_wastewaterscan_lags124_revised_visualization,2024-11-23,wk inc flu hosp,0,2024-11-23,48,quantile,0.25,222.75757506271705
distributional_gaussian_nll_joint_base_no_donors_wastewaterscan_lags124_revised_visualization,2024-11-23,wk inc flu hosp,0,2024-11-23,48,quantile,0.5,303.938660544733
distributional_gaussian_nll_joint_base_no_donors_wastewaterscan_lags124_revised_visualization,2024-11-23,wk inc flu hosp,0,2024-11-23,48,quantile,0.75,388.4503291395516
distributional_gaussian_nll_joint_base_no_donors_wastewaterscan_lags124_revised_visualization,2024-11-23,wk inc flu hosp,0,2024-11-23,48,quantile,0.95,575.7355028052391
distributional_gaussian_nll_joint_base_no_donors_wastewaterscan_lags124_revised_visualization,2024-11-23,wk inc flu hosp,1,2024-11-30,48,quantile,0.05,138.1241292378665
distributional_gaussian_nll_joint_base_no_donors_wastewaterscan_lags124_revised_visualization,2024-11-23,wk inc flu hosp,1,2024-11-30,48,quantile,0.25,241.98262983730183
distributional_gaussian_nll_joint_base_no_donors_wastewaterscan_lags124_revised_visualization,2024-11-23,wk inc flu hosp,1,2024-11-30,48,quantile,0.5,342.2761366284477
distributional_gaussian_nll_joint_base_no_donors_wastewaterscan_lags124_revised_visualization,2024-11-23,wk inc flu hosp,1,2024-11-30,48,quantile,0.75,482.3174063727264
distributional_gaussian_nll_joint_base_no_donors_wastewaterscan_lags124_revised_visualization,2024-11-23,wk inc flu hosp,1,2024-11-30,48,quantile,0.95,764.0125199517005
distributional_gaussian_nll_joint_base_no_donors_wastewaterscan_lags124_revised_visualization,2024-11-23,wk inc flu hosp,2,2024-12-07,48,quantile,0.05,159.36893339872955
distributional_gaussian_nll_joint_base_no_donors_wastewaterscan_lags124_revised_visualization,2024-11-23,wk inc flu hosp,2,2024-12-07,48,quantile,0.25,306.8348663694837
distributional_gaussian_nll_joint_base_no_donors_wastewaterscan_lags124_revised_visualization,2024-11-23,wk inc flu hosp,2,2024-12-07,48,quantile,0.5,473.1993764914248
distributional_gaussian_nll_joint_base_no_donors_wastewaterscan_lags124_revised_visualization,2024-11-23,wk inc flu hosp,2,2024-12-07,48,quantile,0.75,747.3877676165278
distributional_gaussian_nll_joint_base_no_donors_wastewaterscan_lags124_revised_visualization,2024-11-23,wk inc flu hosp,2,2024-12-07,48,quantile,0.95,1375.0290661908705
distributional_gaussian_nll_joint_base_no_donors_wastewaterscan_lags124_revised_visualization,2024-11-23,wk inc flu hosp,3,2024-12-14,48,quantile,0.05,150.36786978698814
distributional_gaussian_nll_joint_base_no_donors_wastewaterscan_lags124_revised_visualization,2024-11-23,wk inc flu hosp,3,2024-12-14,48,quantile,0.25,317.393278273614
distributional_gaussian_nll_joint_base_no_donors_wastewaterscan_lags124_revised_visualization,2024-11-23,wk inc flu hosp,3,2024-12-14,48,quantile,0.5,509.3789911191986
distributional_gaussian_nll_joint_base_no_donors_wastewaterscan_lags124_revised_visualization,2024-11-23,wk inc flu hosp,3,2024-12-14,48,quantile,0.75,851.3060594578172
distributional_gaussian_nll_joint_base_no_donors_wastewaterscan_lags124_revised_visualization,2024-11-23,wk inc flu hosp,3,2024-12-14,48,quantile,0.95,1688.355250142375
distributional_gaussian_nll_joint_base_no_donors_wastewaterscan_lags124_revised_visualization,2024-11-30,wk inc flu hosp,0,2024-11-30,48,quantile,0.05,171.08515932930925
distributional_gaussian_nll_joint_base_no_donors_wastewaterscan_lags124_revised_visualization,2024-11-30,wk inc flu hosp,0,2024-11-30,48,quantile,0.25,255.88174293328592
distributional_gaussian_nll_joint_base_no_donors_wastewaterscan_lags124_revised_visualization,2024-11-30,wk inc flu hosp,0,2024-11-30,48,quantile,0.5,346.2394897856334
distributional_gaussian_nll_joint_base_no_donors_wastewaterscan_lags124_revised_visualization,2024-11-30,wk inc flu hosp,0,2024-11-30,48,quantile,0.75,453.606254623091
distributional_gaussian_nll_joint_base_no_donors_wastewaterscan_lags124_revised_visualization,2024-11-30,wk inc flu hosp,0,2024-11-30,48,quantile,0.95,665.1463996445582
distributional_gaussian_nll_joint_base_no_donors_wastewaterscan_lags124_revised_visualization,2024-11-30,wk inc flu hosp,1,2024-12-07,48,quantile,0.05,158.99044003308433
distributional_gaussian_nll_joint_base_no_donors_wastewaterscan_lags124_revised_visualization,2024-11-30,wk inc flu hosp,1,2024-12-07,48,quantile,0.25,273.4340384372134
distributional_gaussian_nll_joint_base_no_donors_wastewaterscan_lags124_revised_visualization,2024-11-30,wk inc flu hosp,1,2024-12-07,48,quantile,0.5,396.07280508562445
distributional_gaussian_nll_joint_base_no_donors_wastewaterscan_lags124_revised_visualization,2024-11-30,wk inc flu hosp,1,2024-12-07,48,quantile,0.75,566.3344677144491
distributional_gaussian_nll_joint_base_no_donors_wastewaterscan_lags124_revised_visualization,2024-11-30,wk inc flu hosp,1,2024-12-07,48,quantile,0.95,918.9293546435656
distributional_gaussian_nll_joint_base_no_donors_wastewaterscan_lags124_revised_visualization,2024-11-30,wk inc flu hosp,2,2024-12-14,48,quantile,0.05,175.5838366809151
distributional_gaussian_nll_joint_base_no_donors_wastewaterscan_lags124_revised_visualization,2024-11-30,wk inc flu hosp,2,2024-12-14,48,quantile,0.25,322.9810877327618
distributional_gaussian_nll_joint_base_no_donors_wastewaterscan_lags124_revised_visualization,2024-11-30,wk inc flu hosp,2,2024-12-14,48,quantile,0.5,548.2215107849372
distributional_gaussian_nll_joint_base_no_donors_wastewaterscan_lags124_revised_visualization,2024-11-30,wk inc flu hosp,2,2024-12-14,48,quantile,0.75,855.0053501556722
distributional_gaussian_nll_joint_base_no_donors_wastewaterscan_lags124_revised_visualization,2024-11-30,wk inc flu hosp,2,2024-12-14,48,quantile,0.95,1622.354270478408
distributional_gaussian_nll_joint_base_no_donors_wastewaterscan_lags124_revised_visualization,2024-11-30,wk inc flu hosp,3,2024-12-21,48,quantile,0.05,157.79890044588456
distributional_gaussian_nll_joint_base_no_donors_wastewaterscan_lags124_revised_visualization,2024-11-30,wk inc flu hosp,3,2024-12-21,48,quantile,0.25,335.0293277498176
distributional_gaussian_nll_joint_base_no_donors_wastewaterscan_lags124_revised_visualization,2024-11-30,wk inc flu hosp,3,2024-12-21,48,quantile,0.5,569.1115898305657
distributional_gaussian_nll_joint_base_no_donors_wastewaterscan_lags124_revised_visualization,2024-11-30,wk inc flu hosp,3,2024-12-21,48,quantile,0.75,985.3848804698966
distributional_gaussian_nll_joint_base_no_donors_wastewaterscan_lags124_revised_visualization,2024-11-30,wk inc flu hosp,3,2024-12-21,48,quantile,0.95,2005.724653765294
distributional_gaussian_nll_joint_base_no_donors_wastewaterscan_lags124_revised_visualization,2024-12-07,wk inc flu hosp,0,2024-12-07,48,quantile,0.05,261.93527807051805
distributional_gaussian_nll_joint_base_no_donors_wastewaterscan_lags124_revised_visualization,2024-12-07,wk inc flu hosp,0,2024-12-07,48,quantile,0.25,389.318261525886
distributional_gaussian_nll_joint_base_no_donors_wastewaterscan_lags124_revised_visualization,2024-12-07,wk inc flu hosp,0,2024-12-07,48,quantile,0.5,524.0326217903041
distributional_gaussian_nll_joint_base_no_donors_wastewaterscan_lags124_revised_visualization,2024-12-07,wk inc flu hosp,0,2024-12-07,48,quantile,0.75,671.8121263654234
distributional_gaussian_nll_joint_base_no_donors_wastewaterscan_lags124_revised_visualization,2024-12-07,wk inc flu hosp,0,2024-12-07,48,quantile,0.95,951.0138199079632
distributional_gaussian_nll_joint_base_no_donors_wastewaterscan_lags124_revised_visualization,2024-12-07,wk inc flu hosp,1,2024-12-14,48,quantile,0.05,242.31662652400632
distributional_gaussian_nll_joint_base_no_donors_wastewaterscan_lags124_revised_visualization,2024-12-07,wk inc flu hosp,1,2024-12-14,48,quantile,0.25,406.460199398228
distributional_gaussian_nll_joint_base_no_donors_wastewaterscan_lags124_revised_visualization,2024-12-07,wk inc flu hosp,1,2024-12-14,48,quantile,0.5,584.3756552775419
distributional_gaussian_nll_joint_base_no_donors_wastewaterscan_lags124_revised_visualization,2024-12-07,wk inc flu hosp,1,2024-12-14,48,quantile,0.75,811.8472413321641
distributional_gaussian_nll_joint_base_no_donors_wastewaterscan_lags124_revised_visualization,2024-12-07,wk inc flu hosp,1,2024-12-14,48,quantile,0.95,1334.9072563307234
distributional_gaussian_nll_joint_base_no_donors_wastewaterscan_lags124_revised_visualization,2024-12-07,wk inc flu hosp,2,2024-12-21,48,quantile,0.05,235.3265915010928
distributional_gaussian_nll_joint_base_no_donors_wastewaterscan_lags124_revised_visualization,2024-12-07,wk inc flu hosp,2,2024-12-21,48,quantile,0.25,483.8056539046884
distributional_gaussian_nll_joint_base_no_donors_wastewaterscan_lags124_revised_visualization,2024-12-07,wk inc flu hosp,2,2024-12-21,48,quantile,0.5,814.3320956479554
distributional_gaussian_nll_joint_base_no_donors_wastewaterscan_lags124_revised_visualization,2024-12-07,wk inc flu hosp,2,2024-12-21,48,quantile,0.75,1231.4033440666644
distributional_gaussian_nll_joint_base_no_donors_wastewaterscan_lags124_revised_visualization,2024-12-07,wk inc flu hosp,2,2024-12-21,48,quantile,0.95,2295.228369243062
distributional_gaussian_nll_joint_base_no_donors_wastewaterscan_lags124_revised_visualization,2024-12-07,wk inc flu hosp,3,2024-12-28,48,quantile,0.05,228.67048082849948
distributional_gaussian_nll_joint_base_no_donors_wastewaterscan_lags124_revised_visualization,2024-12-07,wk inc flu hosp,3,2024-12-28,48,quantile,0.25,506.2789861938372
distributional_gaussian_nll_joint_base_no_donors_wastewaterscan_lags124_revised_visualization,2024-12-07,wk inc flu hosp,3,2024-12-28,48,quantile,0.5,853.6700530463547
distributional_gaussian_nll_joint_base_no_donors_wastewaterscan_lags124_revised_visualization,2024-12-07,wk inc flu hosp,3,2024-12-28,48,quantile,0.75,1399.9189872929946
distributional_gaussian_nll_joint_base_no_donors_wastewaterscan_lags124_revised_visualization,2024-12-07,wk inc flu hosp,3,2024-12-28,48,quantile,0.95,2861.739373875404
distributional_gaussian_nll_joint_base_no_donors_wastewaterscan_lags124_revised_visualization,2024-12-14,wk inc flu hosp,0,2024-12-14,48,quantile,0.05,379.2110262135923
distributional_gaussian_nll_joint_base_no_donors_wastewaterscan_lags124_revised_visualization,2024-12-14,wk inc flu hosp,0,2024-12-14,48,quantile,0.25,539.1440198159095
distributional_gaussian_nll_joint_base_no_donors_wastewaterscan_lags124_revised_visualization,2024-12-14,wk inc flu hosp,0,2024-12-14,48,quantile,0.5,687.3385303226084
distributional_gaussian_nll_joint_base_no_donors_wastewaterscan_lags124_revised_visualization,2024-12-14,wk inc flu hosp,0,2024-12-14,48,quantile,0.75,875.0204989241126
distributional_gaussian_nll_joint_base_no_donors_wastewaterscan_lags124_revised_visualization,2024-12-14,wk inc flu hosp,0,2024-12-14,48,quantile,0.95,1202.1866575774138
distributional_gaussian_nll_joint_base_no_donors_wastewaterscan_lags124_revised_visualization,2024-12-14,wk inc flu hosp,1,2024-12-21,48,quantile,0.05,356.5166088535234
distributional_gaussian_nll_joint_base_no_donors_wastewaterscan_lags124_revised_visualization,2024-12-14,wk inc flu hosp,1,2024-12-21,48,quantile,0.25,580.4586319892974
distributional_gaussian_nll_joint_base_no_donors_wastewaterscan_lags124_revised_visualization,2024-12-14,wk inc flu hosp,1,2024-12-21,48,quantile,0.5,786.6352929317943
distributional_gaussian_nll_joint_base_no_donors_wastewaterscan_lags124_revised_visualization,2024-12-14,wk inc flu hosp,1,2024-12-21,48,quantile,0.75,1065.6595844038438
distributional_gaussian_nll_joint_base_no_donors_wastewaterscan_lags124_revised_visualization,2024-12-14,wk inc flu hosp,1,2024-12-21,48,quantile,0.95,1663.9532400249036
distributional_gaussian_nll_joint_base_no_donors_wastewaterscan_lags124_revised_visualization,2024-12-14,wk inc flu hosp,2,2024-12-28,48,quantile,0.05,386.1251990829146
distributional_gaussian_nll_joint_base_no_donors_wastewaterscan_lags124_revised_visualization,2024-12-14,wk inc flu hosp,2,2024-12-28,48,quantile,0.25,726.2649942530235
distributional_gaussian_nll_joint_base_no_donors_wastewaterscan_lags124_revised_visualization,2024-12-14,wk inc flu hosp,2,2024-12-28,48,quantile,0.5,1149.8782209746769
distributional_gaussian_nll_joint_base_no_donors_wastewaterscan_lags124_revised_visualization,2024-12-14,wk inc flu hosp,2,2024-12-28,48,quantile,0.75,1692.4853167510582
distributional_gaussian_nll_joint_base_no_donors_wastewaterscan_lags124_revised_visualization,2024-12-14,wk inc flu hosp,2,2024-12-28,48,quantile,0.95,2904.9228903517505
distributional_gaussian_nll_joint_base_no_donors_wastewaterscan_lags124_revised_visualization,2024-12-14,wk inc flu hosp,3,2025-01-04,48,quantile,0.05,374.6187364318474
distributional_gaussian_nll_joint_base_no_donors_wastewaterscan_lags124_revised_visualization,2024-12-14,wk inc flu hosp,3,2025-01-04,48,quantile,0.25,762.8881089062378
distributional_gaussian_nll_joint_base_no_donors_wastewaterscan_lags124_revised_visualization,2024-12-14,wk inc flu hosp,3,2025-01-04,48,quantile,0.5,1216.9090004645225
distributional_gaussian_nll_joint_base_no_donors_wastewaterscan_lags124_revised_visualization,2024-12-14,wk inc flu hosp,3,2025-01-04,48,quantile,0.75,1850.160788062229
distributional_gaussian_nll_joint_base_no_donors_wastewaterscan_lags124_revised_visualization,2024-12-14,wk inc flu hosp,3,2025-01-04,48,quantile,0.95,3430.146764223575
distributional_gaussian_nll_joint_base_no_donors_wastewaterscan_lags124_revised_visualization,2024-12-21,wk inc flu hosp,0,2024-12-21,48,quantile,0.05,551.294423525627
distributional_gaussian_nll_joint_base_no_donors_wastewaterscan_lags124_revised_visualization,2024-12-21,wk inc flu hosp,0,2024-12-21,48,quantile,0.25,781.5428469439464
distributional_gaussian_nll_joint_base_no_donors_wastewaterscan_lags124_revised_visualization,2024-12-21,wk inc flu hosp,0,2024-12-21,48,quantile,0.5,982.151806809839
distributional_gaussian_nll_joint_base_no_donors_wastewaterscan_lags124_revised_visualization,2024-12-21,wk inc flu hosp,0,2024-12-21,48,quantile,0.75,1241.8720009264769
distributional_gaussian_nll_joint_base_no_donors_wastewaterscan_lags124_revised_visualization,2024-12-21,wk inc flu hosp,0,2024-12-21,48,quantile,0.95,1817.839903357926
distributional_gaussian_nll_joint_base_no_donors_wastewaterscan_lags124_revised_visualization,2024-12-21,wk inc flu hosp,1,2024-12-28,48,quantile,0.05,501.9105270874772
distributional_gaussian_nll_joint_base_no_donors_wastewaterscan_lags124_revised_visualization,2024-12-21,wk inc flu hosp,1,2024-12-28,48,quantile,0.25,810.2024246740166
distributional_gaussian_nll_joint_base_no_donors_wastewaterscan_lags124_revised_visualization,2024-12-21,wk inc flu hosp,1,2024-12-28,48,quantile,0.5,1122.6082472876678
distributional_gaussian_nll_joint_base_no_donors_wastewaterscan_lags124_revised_visualization,2024-12-21,wk inc flu hosp,1,2024-12-28,48,quantile,0.75,1546.4239578072822
distributional_gaussian_nll_joint_base_no_donors_wastewaterscan_lags124_revised_visualization,2024-12-21,wk inc flu hosp,1,2024-12-28,48,quantile,0.95,2543.715227379884
distributional_gaussian_nll_joint_base_no_donors_wastewaterscan_lags124_revised_visualization,2024-12-21,wk inc flu hosp,2,2025-01-04,48,quantile,0.05,545.0731960404748
distributional_gaussian_nll_joint_base_no_donors_wastewaterscan_lags124_revised_visualization,2024-12-21,wk inc flu hosp,2,2025-01-04,48,quantile,0.25,962.4993896309096
distributional_gaussian_nll_joint_base_no_donors_wastewaterscan_lags124_revised_visualization,2024-12-21,wk inc flu hosp,2,2025-01-04,48,quantile,0.5,1469.5230415938972
distributional_gaussian_nll_joint_base_no_donors_wastewaterscan_lags124_revised_visualization,2024-12-21,wk inc flu hosp,2,2025-01-04,48,quantile,0.75,2246.4745064735243
distributional_gaussian_nll_joint_base_no_donors_wastewaterscan_lags124_revised_visualization,2024-12-21,wk inc flu hosp,2,2025-01-04,48,quantile,0.95,3849.9122758996737
distributional_gaussian_nll_joint_base_no_donors_wastewaterscan_lags124_revised_visualization,2024-12-21,wk inc flu hosp,3,2025-01-11,48,quantile,0.05,481.96184318203655
distributional_gaussian_nll_joint_base_no_donors_wastewaterscan_lags124_revised_visualization,2024-12-21,wk inc flu hosp,3,2025-01-11,48,quantile,0.25,935.9601215260586
distributional_gaussian_nll_joint_base_no_donors_wastewaterscan_lags124_revised_visualization,2024-12-21,wk inc flu hosp,3,2025-01-11,48,quantile,0.5,1463.837318048094
distributional_gaussian_nll_joint_base_no_donors_wastewaterscan_lags124_revised_visualization,2024-12-21,wk inc flu hosp,3,2025-01-11,48,quantile,0.75,2340.1464683653157
distributional_gaussian_nll_joint_base_no_donors_wastewaterscan_lags124_revised_visualization,2024-12-21,wk inc flu hosp,3,2025-01-11,48,quantile,0.95,4355.327777703403
distributional_gaussian_nll_joint_base_no_donors_wastewaterscan_lags124_revised_visualization,2024-12-28,wk inc flu hosp,0,2024-12-28,48,quantile,0.05,796.0250296187746
distributional_gaussian_nll_joint_base_no_donors_wastewaterscan_lags124_revised_visualization,2024-12-28,wk inc flu hosp,0,2024-12-28,48,quantile,0.25,1161.9764105965708
distributional_gaussian_nll_joint_base_no_donors_wastewaterscan_lags124_revised_visualization,2024-12-28,wk inc flu hosp,0,2024-12-28,48,quantile,0.5,1493.4309618890554
distributional_gaussian_nll_joint_base_no_donors_wastewaterscan_lags124_revised_visualization,2024-12-28,wk inc flu hosp,0,2024-12-28,48,quantile,0.75,1943.3255394075884
distributional_gaussian_nll_joint_base_no_donors_wastewaterscan_lags124_revised_visualization,2024-12-28,wk inc flu hosp,0,2024-12-28,48,quantile,0.95,2831.0700001361924
distributional_gaussian_nll_joint_base_no_donors_wastewaterscan_lags124_revised_visualization,2024-12-28,wk inc flu hosp,1,2025-01-04,48,quantile,0.05,741.1755843009087
distributional_gaussian_nll_joint_base_no_donors_wastewaterscan_lags124_revised_visualization,2024-12-28,wk inc flu hosp,1,2025-01-04,48,quantile,0.25,1157.0573716365052
distributional_gaussian_nll_joint_base_no_donors_wastewaterscan_lags124_revised_visualization,2024-12-28,wk inc flu hosp,1,2025-01-04,48,quantile,0.5,1624.466076213158
distributional_gaussian_nll_joint_base_no_donors_wastewaterscan_lags124_revised_visualization,2024-12-28,wk inc flu hosp,1,2025-01-04,48,quantile,0.75,2253.5447077070585
distributional_gaussian_nll_joint_base_no_donors_wastewaterscan_lags124_revised_visualization,2024-12-28,wk inc flu hosp,1,2025-01-04,48,quantile,0.95,3750.084368652417
distributional_gaussian_nll_joint_base_no_donors_wastewaterscan_lags124_revised_visualization,2024-12-28,wk inc flu hosp,2,2025-01-11,48,quantile,0.05,678.0387766567812
distributional_gaussian_nll_joint_base_no_donors_wastewaterscan_lags124_revised_visualization,2024-12-28,wk inc flu hosp,2,2025-01-11,48,quantile,0.25,1230.4741741802345
distributional_gaussian_nll_joint_base_no_donors_wastewaterscan_lags124_revised_visualization,2024-12-28,wk inc flu hosp,2,2025-01-11,48,quantile,0.5,1790.748428593803
distributional_gaussian_nll_joint_base_no_donors_wastewaterscan_lags124_revised_visualization,2024-12-28,wk inc flu hosp,2,2025-01-11,48,quantile,0.75,2588.616650678241
distributional_gaussian_nll_joint_base_no_donors_wastewaterscan_lags124_revised_visualization,2024-12-28,wk inc flu hosp,2,2025-01-11,48,quantile,0.95,4562.697272658072
distributional_gaussian_nll_joint_base_no_donors_wastewaterscan_lags124_revised_visualization,2024-12-28,wk inc flu hosp,3,2025-01-18,48,quantile,0.05,620.5315587279463
distributional_gaussian_nll_joint_base_no_donors_wastewaterscan_lags124_revised_visualization,2024-12-28,wk inc flu hosp,3,2025-01-18,48,quantile,0.25,1175.2781379442388
distributional_gaussian_nll_joint_base_no_donors_wastewaterscan_lags124_revised_visualization,2024-12-28,wk inc flu hosp,3,2025-01-18,48,quantile,0.5,1792.674440807584
distributional_gaussian_nll_joint_base_no_donors_wastewaterscan_lags124_revised_visualization,2024-12-28,wk inc flu hosp,3,2025-01-18,48,quantile,0.75,2665.405870872938
distributional_gaussian_nll_joint_base_no_donors_wastewaterscan_lags124_revised_visualization,2024-12-28,wk inc flu hosp,3,2025-01-18,48,quantile,0.95,4770.36139708197
distributional_gaussian_nll_joint_base_no_donors_wastewaterscan_lags124_revised_visualization,2025-01-04,wk inc flu hosp,0,2025-01-04,48,quantile,0.05,1040.290327282309
distributional_gaussian_nll_joint_base_no_donors_wastewaterscan_lags124_revised_visualization,2025-01-04,wk inc flu hosp,0,2025-01-04,48,quantile,0.25,1353.04659046221
distributional_gaussian_nll_joint_base_no_donors_wastewaterscan_lags124_revised_visualization,2025-01-04,wk inc flu hosp,0,2025-01-04,48,quantile,0.5,1705.661950701889
distributional_gaussian_nll_joint_base_no_donors_wastewaterscan_lags124_revised_visualization,2025-01-04,wk inc flu hosp,0,2025-01-04,48,quantile,0.75,2098.3969504550973
distributional_gaussian_nll_joint_base_no_donors_wastewaterscan_lags124_revised_visualization,2025-01-04,wk inc flu hosp,0,2025-01-04,48,quantile,0.95,2813.216997641872
distributional_gaussian_nll_joint_base_no_donors_wastewaterscan_lags124_revised_visualization,2025-01-04,wk inc flu hosp,1,2025-01-11,48,quantile,0.05,853.7809589193968
distributional_gaussian_nll_joint_base_no_donors_wastewaterscan_lags124_revised_visualization,2025-01-04,wk inc flu hosp,1,2025-01-11,48,quantile,0.25,1226.0219960180843
distributional_gaussian_nll_joint_base_no_donors_wastewaterscan_lags124_revised_visualization,2025-01-04,wk inc flu hosp,1,2025-01-11,48,quantile,0.5,1625.1302367316753
distributional_gaussian_nll_joint_base_no_donors_wastewaterscan_lags124_revised_visualization,2025-01-04,wk inc flu hosp,1,2025-01-11,48,quantile,0.75,2174.255918772651
distributional_gaussian_nll_joint_base_no_donors_wastewaterscan_lags124_revised_visualization,2025-01-04,wk inc flu hosp,1,2025-01-11,48,quantile,0.95,3287.952847868247
distributional_gaussian_nll_joint_base_no_donors_wastewaterscan_lags124_revised_visualization,2025-01-04,wk inc flu hosp,2,2025-01-18,48,quantile,0.05,670.2388823602137
distributional_gaussian_nll_joint_base_no_donors_wastewaterscan_lags124_revised_visualization,2025-01-04,wk inc flu hosp,2,2025-01-18,48,quantile,0.25,1070.2745144170726
distributional_gaussian_nll_joint_base_no_donors_wastewaterscan_lags124_revised_visualization,2025-01-04,wk inc flu hosp,2,2025-01-18,48,quantile,0.5,1530.0884778624595
distributional_gaussian_nll_joint_base_no_donors_wastewaterscan_lags124_revised_visualization,2025-01-04,wk inc flu hosp,2,2025-01-18,48,quantile,0.75,2224.4924781761147
distributional_gaussian_nll_joint_base_no_donors_wastewaterscan_lags124_revised_visualization,2025-01-04,wk inc flu hosp,2,2025-01-18,48,quantile,0.95,3867.875812426344
distributional_gaussian_nll_joint_base_no_donors_wastewaterscan_lags124_revised_visualization,2025-01-04,wk inc flu hosp,3,2025-01-25,48,quantile,0.05,660.9291559716762
distributional_gaussian_nll_joint_base_no_donors_wastewaterscan_lags124_revised_visualization,2025-01-04,wk inc flu hosp,3,2025-01-25,48,quantile,0.25,1116.5507826537862
distributional_gaussian_nll_joint_base_no_donors_wastewaterscan_lags124_revised_visualization,2025-01-04,wk inc flu hosp,3,2025-01-25,48,quantile,0.5,1683.956611416275
distributional_gaussian_nll_joint_base_no_donors_wastewaterscan_lags124_revised_visualization,2025-01-04,wk inc flu hosp,3,2025-01-25,48,quantile,0.75,2587.323971684539
distributional_gaussian_nll_joint_base_no_donors_wastewaterscan_lags124_revised_visualization,2025-01-04,wk inc flu hosp,3,2025-01-25,48,quantile,0.95,4738.77668246676
distributional_gaussian_nll_joint_base_no_donors_wastewaterscan_lags124_revised_visualization,2025-01-11,wk inc flu hosp,0,2025-01-11,48,quantile,0.05,1346.5523503195873
distributional_gaussian_nll_joint_base_no_donors_wastewaterscan_lags124_revised_visualization,2025-01-11,wk inc flu hosp,0,2025-01-11,48,quantile,0.25,1779.877639331637
distributional_gaussian_nll_joint_base_no_donors_wastewaterscan_lags124_revised_visualization,2025-01-11,wk inc flu hosp,0,2025-01-11,48,quantile,0.5,2206.217710465814
distributional_gaussian_nll_joint_base_no_donors_wastewaterscan_lags124_revised_visualization,2025-01-11,wk inc flu hosp,0,2025-01-11,48,quantile,0.75,2661.9253080105827
distributional_gaussian_nll_joint_base_no_donors_wastewaterscan_lags124_revised_visualization,2025-01-11,wk inc flu hosp,0,2025-01-11,48,quantile,0.95,3507.980286102781
distributional_gaussian_nll_joint_base_no_donors_wastewaterscan_lags124_revised_visualization,2025-01-11,wk inc flu hosp,1,2025-01-18,48,quantile,0.05,1102.281348936599
distributional_gaussian_nll_joint_base_no_donors_wastewaterscan_lags124_revised_visualization,2025-01-11,wk inc flu hosp,1,2025-01-18,48,quantile,0.25,1645.503448988678
distributional_gaussian_nll_joint_base_no_donors_wastewaterscan_lags124_revised_visualization,2025-01-11,wk inc flu hosp,1,2025-01-18,48,quantile,0.5,2140.9975036624546
distributional_gaussian_nll_joint_base_no_donors_wastewaterscan_lags124_revised_visualization,2025-01-11,wk inc flu hosp,1,2025-01-18,48,quantile,0.75,2725.8835169056456
distributional_gaussian_nll_joint_base_no_donors_wastewaterscan_lags124_revised_visualization,2025-01-11,wk inc flu hosp,1,2025-01-18,48,quantile,0.95,4106.13387194582
distributional_gaussian_nll_joint_base_no_donors_wastewaterscan_lags124_revised_visualization,2025-01-11,wk inc flu hosp,2,2025-01-25,48,quantile,0.05,791.8643359129624
distributional_gaussian_nll_joint_base_no_donors_wastewaterscan_lags124_revised_visualization,2025-01-11,wk inc flu hosp,2,2025-01-25,48,quantile,0.25,1353.0521760578072
distributional_gaussian_nll_joint_base_no_donors_wastewaterscan_lags124_revised_visualization,2025-01-11,wk inc flu hosp,2,2025-01-25,48,quantile,0.5,2009.501205378524
distributional_gaussian_nll_joint_base_no_donors_wastewaterscan_lags124_revised_visualization,2025-01-11,wk inc flu hosp,2,2025-01-25,48,quantile,0.75,2777.1088672995493
distributional_gaussian_nll_joint_base_no_donors_wastewaterscan_lags124_revised_visualization,2025-01-11,wk inc flu hosp,2,2025-01-25,48,quantile,0.95,4815.487781339857
distributional_gaussian_nll_joint_base_no_donors_wastewaterscan_lags124_revised_visualization,2025-01-11,wk inc flu hosp,3,2025-02-01,48,quantile,0.05,702.0683443629894
distributional_gaussian_nll_joint_base_no_donors_wastewaterscan_lags124_revised_visualization,2025-01-11,wk inc flu hosp,3,2025-02-01,48,quantile,0.25,1296.3637366262788
distributional_gaussian_nll_joint_base_no_donors_wastewaterscan_lags124_revised_visualization,2025-01-11,wk inc flu hosp,3,2025-02-01,48,quantile,0.5,2034.5651490076764
distributional_gaussian_nll_joint_base_no_donors_wastewaterscan_lags124_revised_visualization,2025-01-11,wk inc flu hosp,3,2025-02-01,48,quantile,0.75,2931.074400323766
distributional_gaussian_nll_joint_base_no_donors_wastewaterscan_lags124_revised_visualization,2025-01-11,wk inc flu hosp,3,2025-02-01,48,quantile,0.95,5228.066799796799
distributional_gaussian_nll_joint_base_no_donors_wastewaterscan_lags124_revised_visualization,2025-01-18,wk inc flu hosp,0,2025-01-18,48,quantile,0.05,1033.667428122884
distributional_gaussian_nll_joint_base_no_donors_wastewaterscan_lags124_revised_visualization,2025-01-18,wk inc flu hosp,0,2025-01-18,48,quantile,0.25,1372.23964562835
distributional_gaussian_nll_joint_base_no_donors_wastewaterscan_lags124_revised_visualization,2025-01-18,wk inc flu hosp,0,2025-01-18,48,quantile,0.5,1721.592902987517
distributional_gaussian_nll_joint_base_no_donors_wastewaterscan_lags124_revised_visualization,2025-01-18,wk inc flu hosp,0,2025-01-18,48,quantile,0.75,2111.735974730832
distributional_gaussian_nll_joint_base_no_donors_wastewaterscan_lags124_revised_visualization,2025-01-18,wk inc flu hosp,0,2025-01-18,48,quantile,0.95,2781.3087087977547
distributional_gaussian_nll_joint_base_no_donors_wastewaterscan_lags124_revised_visualization,2025-01-18,wk inc flu hosp,1,2025-01-25,48,quantile,0.05,862.4629762433017
distributional_gaussian_nll_joint_base_no_donors_wastewaterscan_lags124_revised_visualization,2025-01-18,wk inc flu hosp,1,2025-01-25,48,quantile,0.25,1226.9720767773097
distributional_gaussian_nll_joint_base_no_donors_wastewaterscan_lags124_revised_visualization,2025-01-18,wk inc flu hosp,1,2025-01-25,48,quantile,0.5,1626.416114323784
distributional_gaussian_nll_joint_base_no_donors_wastewaterscan_lags124_revised_visualization,2025-01-18,wk inc flu hosp,1,2025-01-25,48,quantile,0.75,2198.2453692000863
distributional_gaussian_nll_joint_base_no_donors_wastewaterscan_lags124_revised_visualization,2025-01-18,wk inc flu hosp,1,2025-01-25,48,quantile,0.95,3300.09624116771
distributional_gaussian_nll_joint_base_no_donors_wastewaterscan_lags124_revised_visualization,2025-01-18,wk inc flu hosp,2,2025-02-01,48,quantile,0.05,624.8733584616829
distributional_gaussian_nll_joint_base_no_donors_wastewaterscan_lags124_revised_visualization,2025-01-18,wk inc flu hosp,2,2025-02-01,48,quantile,0.25,1029.660714743154
distributional_gaussian_nll_joint_base_no_donors_wastewaterscan_lags124_revised_visualization,2025-01-18,wk inc flu hosp,2,2025-02-01,48,quantile,0.5,1444.0065568228945
distributional_gaussian_nll_joint_base_no_donors_wastewaterscan_lags124_revised_visualization,2025-01-18,wk inc flu hosp,2,2025-02-01,48,quantile,0.75,2189.3875164635383
distributional_gaussian_nll_joint_base_no_donors_wastewaterscan_lags124_revised_visualization,2025-01-18,wk inc flu hosp,2,2025-02-01,48,quantile,0.95,3873.9278103208594
distributional_gaussian_nll_joint_base_no_donors_wastewaterscan_lags124_revised_visualization,2025-01-18,wk inc flu hosp,3,2025-02-08,48,quantile,0.05,460.186374857684
distributional_gaussian_nll_joint_base_no_donors_wastewaterscan_lags124_revised_visualization,2025-01-18,wk inc flu hosp,3,2025-02-08,48,quantile,0.25,881.4484804033956
distributional_gaussian_nll_joint_base_no_donors_wastewaterscan_lags124_revised_visualization,2025-01-18,wk inc flu hosp,3,2025-02-08,48,quantile,0.5,1317.7710798407022
distributional_gaussian_nll_joint_base_no_donors_wastewaterscan_lags124_revised_visualization,2025-01-18,wk inc flu hosp,3,2025-02-08,48,quantile,0.75,2154.000048467861
distributional_gaussian_nll_joint_base_no_donors_wastewaterscan_lags124_revised_visualization,2025-01-18,wk inc flu hosp,3,2025-02-08,48,quantile,0.95,4294.065643258611
distributional_gaussian_nll_joint_base_no_donors_wastewaterscan_lags124_revised_visualization,2025-01-25,wk inc flu hosp,0,2025-01-25,48,quantile,0.05,1279.8776292204152
distributional_gaussian_nll_joint_base_no_donors_wastewaterscan_lags124_revised_visualization,2025-01-25,wk inc flu hosp,0,2025-01-25,48,quantile,0.25,1736.302917003046
distributional_gaussian_nll_joint_base_no_donors_wastewaterscan_lags124_revised_visualization,2025-01-25,wk inc flu hosp,0,2025-01-25,48,quantile,0.5,2157.706953482789
distributional_gaussian_nll_joint_base_no_donors_wastewaterscan_lags124_revised_visualization,2025-01-25,wk inc flu hosp,0,2025-01-25,48,quantile,0.75,2674.051773112824
distributional_gaussian_nll_joint_base_no_donors_wastewaterscan_lags124_revised_visualization,2025-01-25,wk inc flu hosp,0,2025-01-25,48,quantile,0.95,3453.256269067153
distributional_gaussian_nll_joint_base_no_donors_wastewaterscan_lags124_revised_visualization,2025-01-25,wk inc flu hosp,1,2025-02-01,48,quantile,0.05,1097.2011436272833
distributional_gaussian_nll_joint_base_no_donors_wastewaterscan_lags124_revised_visualization,2025-01-25,wk inc flu hosp,1,2025-02-01,48,quantile,0.25,1555.7119222483152
distributional_gaussian_nll_joint_base_no_donors_wastewaterscan_lags124_revised_visualization,2025-01-25,wk inc flu hosp,1,2025-02-01,48,quantile,0.5,2102.014546693217
distributional_gaussian_nll_joint_base_no_donors_wastewaterscan_lags124_revised_visualization,2025-01-25,wk inc flu hosp,1,2025-02-01,48,quantile,0.75,2753.2273596748346
distributional_gaussian_nll_joint_base_no_donors_wastewaterscan_lags124_revised_visualization,2025-01-25,wk inc flu hosp,1,2025-02-01,48,quantile,0.95,3919.2194418857416
distributional_gaussian_nll_joint_base_no_donors_wastewaterscan_lags124_revised_visualization,2025-01-25,wk inc flu hosp,2,2025-02-08,48,quantile,0.05,722.6913947624057
distributional_gaussian_nll_joint_base_no_donors_wastewaterscan_lags124_revised_visualization,2025-01-25,wk inc flu hosp,2,2025-02-08,48,quantile,0.25,1255.1596686258065
distributional_gaussian_nll_joint_base_no_donors_wastewaterscan_lags124_revised_visualization,2025-01-25,wk inc flu hosp,2,2025-02-08,48,quantile,0.5,1858.771197194878
distributional_gaussian_nll_joint_base_no_donors_wastewaterscan_lags124_revised_visualization,2025-01-25,wk inc flu hosp,2,2025-02-08,48,quantile,0.75,2758.170078750508
distributional_gaussian_nll_joint_base_no_donors_wastewaterscan_lags124_revised_visualization,2025-01-25,wk inc flu hosp,2,2025-02-08,48,quantile,0.95,4511.635545120174
distributional_gaussian_nll_joint_base_no_donors_wastewaterscan_lags124_revised_visualization,2025-01-25,wk inc flu hosp,3,2025-02-15,48,quantile,0.05,521.7555035904885
distributional_gaussian_nll_joint_base_no_donors_wastewaterscan_lags124_revised_visualization,2025-01-25,wk inc flu hosp,3,2025-02-15,48,quantile,0.25,985.2880830569492
distributional_gaussian_nll_joint_base_no_donors_wastewaterscan_lags124_revised_visualization,2025-01-25,wk inc flu hosp,3,2025-02-15,48,quantile,0.5,1565.280456245454
distributional_gaussian_nll_joint_base_no_donors_wastewaterscan_lags124_revised_visualization,2025-01-25,wk inc flu hosp,3,2025-02-15,48,quantile,0.75,2603.540928047034
distributional_gaussian_nll_joint_base_no_donors_wastewaterscan_lags124_revised_visualization,2025-01-25,wk inc flu hosp,3,2025-02-15,48,quantile,0.95,4899.171570270248
distributional_gaussian_nll_joint_base_no_donors_wastewaterscan_lags124_revised_visualization,2025-02-01,wk inc flu hosp,0,2025-02-01,48,quantile,0.05,1845.4736465061112
distributional_gaussian_nll_joint_base_no_donors_wastewaterscan_lags124_revised_visualization,2025-02-01,wk inc flu hosp,0,2025-02-01,48,quantile,0.25,2363.9461969710223
distributional_gaussian_nll_joint_base_no_donors_wastewaterscan_lags124_revised_visualization,2025-02-01,wk inc flu hosp,0,2025-02-01,48,quantile,0.5,2868.4714825361903
distributional_gaussian_nll_joint_base_no_donors_wastewaterscan_lags124_revised_visualization,2025-02-01,wk inc flu hosp,0,2025-02-01,48,quantile,0.75,3581.9432376256063
distributional_gaussian_nll_joint_base_no_donors_wastewaterscan_lags124_revised_visualization,2025-02-01,wk inc flu hosp,0,2025-02-01,48,quantile,0.95,4720.310168963556
distributional_gaussian_nll_joint_base_no_donors_wastewaterscan_lags124_revised_visualization,2025-02-01,wk inc flu hosp,1,2025-02-08,48,quantile,0.05,1396.5559708415735
distributional_gaussian_nll_joint_base_no_donors_wastewaterscan_lags124_revised_visualization,2025-02-01,wk inc flu hosp,1,2025-02-08,48,quantile,0.25,2071.819481768043
distributional_gaussian_nll_joint_base_no_donors_wastewaterscan_lags124_revised_visualization,2025-02-01,wk inc flu hosp,1,2025-02-08,48,quantile,0.5,2658.322514698608
distributional_gaussian_nll_joint_base_no_donors_wastewaterscan_lags124_revised_visualization,2025-02-01,wk inc flu hosp,1,2025-02-08,48,quantile,0.75,3516.726182204514
distributional_gaussian_nll_joint_base_no_donors_wastewaterscan_lags124_revised_visualization,2025-02-01,wk inc flu hosp,1,2025-02-08,48,quantile,0.95,5302.304030279682
distributional_gaussian_nll_joint_base_no_donors_wastewaterscan_lags124_revised_visualization,2025-02-01,wk inc flu hosp,2,2025-02-15,48,quantile,0.05,978.0799804150772
distributional_gaussian_nll_joint_base_no_donors_wastewaterscan_lags124_revised_visualization,2025-02-01,wk inc flu hosp,2,2025-02-15,48,quantile,0.25,1640.5044006044643
distributional_gaussian_nll_joint_base_no_donors_wastewaterscan_lags124_revised_visualization,2025-02-01,wk inc flu hosp,2,2025-02-15,48,quantile,0.5,2358.886802734712
distributional_gaussian_nll_joint_base_no_donors_wastewaterscan_lags124_revised_visualization,2025-02-01,wk inc flu hosp,2,2025-02-15,48,quantile,0.75,3409.270498342285
distributional_gaussian_nll_joint_base_no_donors_wastewaterscan_lags124_revised_visualization,2025-02-01,wk inc flu hosp,2,2025-02-15,48,quantile,0.95,5718.320574106561
distributional_gaussian_nll_joint_base_no_donors_wastewaterscan_lags124_revised_visualization,2025-02-01,wk inc flu hosp,3,2025-02-22,48,quantile,0.05,705.0399382798388
distributional_gaussian_nll_joint_base_no_donors_wastewaterscan_lags124_revised_visualization,2025-02-01,wk inc flu hosp,3,2025-02-22,48,quantile,0.25,1333.933332875587
distributional_gaussian_nll_joint_base_no_donors_wastewaterscan_lags124_revised_visualization,2025-02-01,wk inc flu hosp,3,2025-02-22,48,quantile,0.5,2080.953274023575
distributional_gaussian_nll_joint_base_no_donors_wastewaterscan_lags124_revised_visualization,2025-02-01,wk inc flu hosp,3,2025-02-22,48,quantile,0.75,3218.2840493839312
distributional_gaussian_nll_joint_base_no_donors_wastewaterscan_lags124_revised_visualization,2025-02-01,wk inc flu hosp,3,2025-02-22,48,quantile,0.95,5995.815786530463
distributional_gaussian_nll_joint_base_no_donors_wastewaterscan_lags124_revised_visualization,2025-02-08,wk inc flu hosp,0,2025-02-08,48,quantile,0.05,2420.889625411925
distributional_gaussian_nll_joint_base_no_donors_wastewaterscan_lags124_revised_visualization,2025-02-08,wk inc flu hosp,0,2025-02-08,48,quantile,0.25,3452.551736817221
distributional_gaussian_nll_joint_base_no_donors_wastewaterscan_lags124_revised_visualization,2025-02-08,wk inc flu hosp,0,2025-02-08,48,quantile,0.5,4391.4718993666365
distributional_gaussian_nll_joint_base_no_donors_wastewaterscan_lags124_revised_visualization,2025-02-08,wk inc flu hosp,0,2025-02-08,48,quantile,0.75,5713.905529700618
distributional_gaussian_nll_joint_base_no_donors_wastewaterscan_lags124_revised_visualization,2025-02-08,wk inc flu hosp,0,2025-02-08,48,quantile,0.95,8212.727159011902
distributional_gaussian_nll_joint_base_no_donors_wastewaterscan_lags124_revised_visualization,2025-02-08,wk inc flu hosp,1,2025-02-15,48,quantile,0.05,1977.9011189710493
distributional_gaussian_nll_joint_base_no_donors_wastewaterscan_lags124_revised_visualization,2025-02-08,wk inc flu hosp,1,2025-02-15,48,quantile,0.25,3182.869434153628
distributional_gaussian_nll_joint_base_no_donors_wastewaterscan_lags124_revised_visualization,2025-02-08,wk inc flu hosp,1,2025-02-15,48,quantile,0.5,4270.19229472922
distributional_gaussian_nll_joint_base_no_donors_wastewaterscan_lags124_revised_visualization,2025-02-08,wk inc flu hosp,1,2025-02-15,48,quantile,0.75,6010.239467953459
distributional_gaussian_nll_joint_base_no_donors_wastewaterscan_lags124_revised_visualization,2025-02-08,wk inc flu hosp,1,2025-02-15,48,quantile,0.95,9854.184091308438
distributional_gaussian_nll_joint_base_no_donors_wastewaterscan_lags124_revised_visualization,2025-02-08,wk inc flu hosp,2,2025-02-22,48,quantile,0.05,1347.542308759599
distributional_gaussian_nll_joint_base_no_donors_wastewaterscan_lags124_revised_visualization,2025-02-08,wk inc flu hosp,2,2025-02-22,48,quantile,0.25,2451.81174345602
distributional_gaussian_nll_joint_base_no_donors_wastewaterscan_lags124_revised_visualization,2025-02-08,wk inc flu hosp,2,2025-02-22,48,quantile,0.5,3697.117267624527
distributional_gaussian_nll_joint_base_no_donors_wastewaterscan_lags124_revised_visualization,2025-02-08,wk inc flu hosp,2,2025-02-22,48,quantile,0.75,5526.718829567728
distributional_gaussian_nll_joint_base_no_donors_wastewaterscan_lags124_revised_visualization,2025-02-08,wk inc flu hosp,2,2025-02-22,48,quantile,0.95,10219.500555999955
distributional_gaussian_nll_joint_base_no_donors_wastewaterscan_lags124_revised_visualization,2025-02-08,wk inc flu hosp,3,2025-03-01,48,quantile,0.05,974.247903971363
distributional_gaussian_nll_joint_base_no_donors_wastewaterscan_lags124_revised_visualization,2025-02-08,wk inc flu hosp,3,2025-03-01,48,quantile,0.25,1987.4376383870165
distributional_gaussian_nll_joint_base_no_donors_wastewaterscan_lags124_revised_visualization,2025-02-08,wk inc flu hosp,3,2025-03-01,48,quantile,0.5,3130.1808517601035
distributional_gaussian_nll_joint_base_no_donors_wastewaterscan_lags124_revised_visualization,2025-02-08,wk inc flu hosp,3,2025-03-01,48,quantile,0.75,5244.056885209766
distributional_gaussian_nll_joint_base_no_donors_wastewaterscan_lags124_revised_visualization,2025-02-08,wk inc flu hosp,3,2025-03-01,48,quantile,0.95,10629.487867759844
distributional_gaussian_nll_joint_base_no_donors_wastewaterscan_lags124_revised_visualization,2025-02-15,wk inc flu hosp,0,2025-02-15,48,quantile,0.05,2142.260274777019
distributional_gaussian_nll_joint_base_no_donors_wastewaterscan_lags124_revised_visualization,2025-02-15,wk inc flu hosp,0,2025-02-15,48,quantile,0.25,2937.726231644071
distributional_gaussian_nll_joint_base_no_donors_wastewaterscan_lags124_revised_visualization,2025-02-15,wk inc flu hosp,0,2025-02-15,48,quantile,0.5,3816.4413889469206
distributional_gaussian_nll_joint_base_no_donors_wastewaterscan_lags124_revised_visualization,2025-02-15,wk inc flu hosp,0,2025-02-15,48,quantile,0.75,4988.629775151259
distributional_gaussian_nll_joint_base_no_donors_wastewaterscan_lags124_revised_visualization,2025-02-15,wk inc flu hosp,0,2025-02-15,48,quantile,0.95,7152.593986210928
distributional_gaussian_nll_joint_base_no_donors_wastewaterscan_lags124_revised_visualization,2025-02-15,wk inc flu hosp,1,2025-02-22,48,quantile,0.05,1635.1419569240688
distributional_gaussian_nll_joint_base_no_donors_wastewaterscan_lags124_revised_visualization,2025-02-15,wk inc flu hosp,1,2025-02-22,48,quantile,0.25,2658.5924237549025
distributional_gaussian_nll_joint_base_no_donors_wastewaterscan_lags124_revised_visualization,2025-02-15,wk inc flu hosp,1,2025-02-22,48,quantile,0.5,3823.618554098965
distributional_gaussian_nll_joint_base_no_donors_wastewaterscan_lags124_revised_visualization,2025-02-15,wk inc flu hosp,1,2025-02-22,48,quantile,0.75,5387.794480153778
distributional_gaussian_nll_joint_base_no_donors_wastewaterscan_lags124_revised_visualization,2025-02-15,wk inc flu hosp,1,2025-02-22,48,quantile,0.95,8526.243277540105
distributional_gaussian_nll_joint_base_no_donors_wastewaterscan_lags124_revised_visualization,2025-02-15,wk inc flu hosp,2,2025-03-01,48,quantile,0.05,1174.556797538708
distributional_gaussian_nll_joint_base_no_donors_wastewaterscan_lags124_revised_visualization,2025-02-15,wk inc flu hosp,2,2025-03-01,48,quantile,0.25,2287.691544595541
distributional_gaussian_nll_joint_base_no_donors_wastewaterscan_lags124_revised_visualization,2025-02-15,wk inc flu hosp,2,2025-03-01,48,quantile,0.5,3596.5588105605743
distributional_gaussian_nll_joint_base_no_donors_wastewaterscan_lags124_revised_visualization,2025-02-15,wk inc flu hosp,2,2025-03-01,48,quantile,0.75,5609.211819242363
distributional_gaussian_nll_joint_base_no_donors_wastewaterscan_lags124_revised_visualization,2025-02-15,wk inc flu hosp,2,2025-03-01,48,quantile,0.95,10173.903113637753
distributional_gaussian_nll_joint_base_no_donors_wastewaterscan_lags124_revised_visualization,2025-02-15,wk inc flu hosp,3,2025-03-08,48,quantile,0.05,915.4724659665964
distributional_gaussian_nll_joint_base_no_donors_wastewaterscan_lags124_revised_visualization,2025-02-15,wk inc flu hosp,3,2025-03-08,48,quantile,0.25,1900.675565146912
distributional_gaussian_nll_joint_base_no_donors_wastewaterscan_lags124_revised_visualization,2025-02-15,wk inc flu hosp,3,2025-03-08,48,quantile,0.5,3232.155060077762
distributional_gaussian_nll_joint_base_no_donors_wastewaterscan_lags124_revised_visualization,2025-02-15,wk inc flu hosp,3,2025-03-08,48,quantile,0.75,5580.88970457287
distributional_gaussian_nll_joint_base_no_donors_wastewaterscan_lags124_revised_visualization,2025-02-15,wk inc flu hosp,3,2025-03-08,48,quantile,0.95,10913.558876866286
distributional_gaussian_nll_joint_base_no_donors_wastewaterscan_lags124_revised_visualization,2025-02-22,wk inc flu hosp,0,2025-02-22,48,quantile,0.05,1151.9593125598403
distributional_gaussian_nll_joint_base_no_donors_wastewaterscan_lags124_revised_visualization,2025-02-22,wk inc flu hosp,0,2025-02-22,48,quantile,0.25,1643.899107149094
distributional_gaussian_nll_joint_base_no_donors_wastewaterscan_lags124_revised_visualization,2025-02-22,wk inc flu hosp,0,2025-02-22,48,quantile,0.5,2250.736003273415
distributional_gaussian_nll_joint_base_no_donors_wastewaterscan_lags124_revised_visualization,2025-02-22,wk inc flu hosp,0,2025-02-22,48,quantile,0.75,3016.519239412675
distributional_gaussian_nll_joint_base_no_donors_wastewaterscan_lags124_revised_visualization,2025-02-22,wk inc flu hosp,0,2025-02-22,48,quantile,0.95,4474.195317864602
distributional_gaussian_nll_joint_base_no_donors_wastewaterscan_lags124_revised_visualization,2025-02-22,wk inc flu hosp,1,2025-03-01,48,quantile,0.05,892.448259020709
distributional_gaussian_nll_joint_base_no_donors_wastewaterscan_lags124_revised_visualization,2025-02-22,wk inc flu hosp,1,2025-03-01,48,quantile,0.25,1495.252689764835
distributional_gaussian_nll_joint_base_no_donors_wastewaterscan_lags124_revised_visualization,2025-02-22,wk inc flu hosp,1,2025-03-01,48,quantile,0.5,2130.595793737538
distributional_gaussian_nll_joint_base_no_donors_wastewaterscan_lags124_revised_visualization,2025-02-22,wk inc flu hosp,1,2025-03-01,48,quantile,0.75,2998.888155942246
distributional_gaussian_nll_joint_base_no_donors_wastewaterscan_lags124_revised_visualization,2025-02-22,wk inc flu hosp,1,2025-03-01,48,quantile,0.95,4684.073546072896
distributional_gaussian_nll_joint_base_no_donors_wastewaterscan_lags124_revised_visualization,2025-02-22,wk inc flu hosp,2,2025-03-08,48,quantile,0.05,682.4407062820001
distributional_gaussian_nll_joint_base_no_donors_wastewaterscan_lags124_revised_visualization,2025-02-22,wk inc flu hosp,2,2025-03-08,48,quantile,0.25,1189.3097073573558
distributional_gaussian_nll_joint_base_no_donors_wastewaterscan_lags124_revised_visualization,2025-02-22,wk inc flu hosp,2,2025-03-08,48,quantile,0.5,1887.9438463715744
distributional_gaussian_nll_joint_base_no_donors_wastewaterscan_lags124_revised_visualization,2025-02-22,wk inc flu hosp,2,2025-03-08,48,quantile,0.75,3004.9699233554816
distributional_gaussian_nll_joint_base_no_donors_wastewaterscan_lags124_revised_visualization,2025-02-22,wk inc flu hosp,2,2025-03-08,48,quantile,0.95,5455.13716338045
distributional_gaussian_nll_joint_base_no_donors_wastewaterscan_lags124_revised_visualization,2025-02-22,wk inc flu hosp,3,2025-03-15,48,quantile,0.05,546.6995704658759
distributional_gaussian_nll_joint_base_no_donors_wastewaterscan_lags124_revised_visualization,2025-02-22,wk inc flu hosp,3,2025-03-15,48,quantile,0.25,1112.6057027240065
distributional_gaussian_nll_joint_base_no_donors_wastewaterscan_lags124_revised_visualization,2025-02-22,wk inc flu hosp,3,2025-03-15,48,quantile,0.5,1841.8640385197195
distributional_gaussian_nll_joint_base_no_donors_wastewaterscan_lags124_revised_visualization,2025-02-22,wk inc flu hosp,3,2025-03-15,48,quantile,0.75,3129.2439046983736
distributional_gaussian_nll_joint_base_no_donors_wastewaterscan_lags124_revised_visualization,2025-02-22,wk inc flu hosp,3,2025-03-15,48,quantile,0.95,6298.720916085438
distributional_gaussian_nll_joint_base_no_donors_wastewaterscan_lags124_revised_visualization,2025-03-01,wk inc flu hosp,0,2025-03-01,48,quantile,0.05,853.9978602557325
distributional_gaussian_nll_joint_base_no_donors_wastewaterscan_lags124_revised_visualization,2025-03-01,wk inc flu hosp,0,2025-03-01,48,quantile,0.25,1153.9133793035658
distributional_gaussian_nll_joint_base_no_donors_wastewaterscan_lags124_revised_visualization,2025-03-01,wk inc flu hosp,0,2025-03-01,48,quantile,0.5,1454.16830840046
distributional_gaussian_nll_joint_base_no_donors_wastewaterscan_lags124_revised_visualization,2025-03-01,wk inc flu hosp,0,2025-03-01,48,quantile,0.75,1841.015145755148
distributional_gaussian_nll_joint_base_no_donors_wastewaterscan_lags124_revised_visualization,2025-03-01,wk inc flu hosp,0,2025-03-01,48,quantile,0.95,2458.5519560041294
distributional_gaussian_nll_joint_base_no_donors_wastewaterscan_lags124_revised_visualization,2025-03-01,wk inc flu hosp,1,2025-03-08,48,quantile,0.05,747.3328056322264
distributional_gaussian_nll_joint_base_no_donors_wastewaterscan_lags124_revised_visualization,2025-03-01,wk inc flu hosp,1,2025-03-08,48,quantile,0.25,1056.9000554954814
distributional_gaussian_nll_joint_base_no_donors_wastewaterscan_lags124_revised_visualization,2025-03-01,wk inc flu hosp,1,2025-03-08,48,quantile,0.5,1379.9393318774514
distributional_gaussian_nll_joint_base_no_donors_wastewaterscan_lags124_revised_visualization,2025-03-01,wk inc flu hosp,1,2025-03-08,48,quantile,0.75,1807.6312497378465
distributional_gaussian_nll_joint_base_no_donors_wastewaterscan_lags124_revised_visualization,2025-03-01,wk inc flu hosp,1,2025-03-08,48,quantile,0.95,2511.105589829644
distributional_gaussian_nll_joint_base_no_donors_wastewaterscan_lags124_revised_visualization,2025-03-01,wk inc flu hosp,2,2025-03-15,48,quantile,0.05,603.4850871134274
distributional_gaussian_nll_joint_base_no_donors_wastewaterscan_lags124_revised_visualization,2025-03-01,wk inc flu hosp,2,2025-03-15,48,quantile,0.25,949.410088271036
distributional_gaussian_nll_joint_base_no_donors_wastewaterscan_lags124_revised_visualization,2025-03-01,wk inc flu hosp,2,2025-03-15,48,quantile,0.5,1278.7343828061275
distributional_gaussian_nll_joint_base_no_donors_wastewaterscan_lags124_revised_visualization,2025-03-01,wk inc flu hosp,2,2025-03-15,48,quantile,0.75,1779.2390048399045
distributional_gaussian_nll_joint_base_no_donors_wastewaterscan_lags124_revised_visualization,2025-03-01,wk inc flu hosp,2,2025-03-15,48,quantile,0.95,2752.252281524243
distributional_gaussian_nll_joint_base_no_donors_wastewaterscan_lags124_revised_visualization,2025-03-01,wk inc flu hosp,3,2025-03-22,48,quantile,0.05,505.4486344018623
distributional_gaussian_nll_joint_base_no_donors_wastewaterscan_lags124_revised_visualization,2025-03-01,wk inc flu hosp,3,2025-03-22,48,quantile,0.25,845.1738594166264
distributional_gaussian_nll_joint_base_no_donors_wastewaterscan_lags124_revised_visualization,2025-03-01,wk inc flu hosp,3,2025-03-22,48,quantile,0.5,1230.8065142807975
distributional_gaussian_nll_joint_base_no_donors_wastewaterscan_lags124_revised_visualization,2025-03-01,wk inc flu hosp,3,2025-03-22,48,quantile,0.75,1804.0502509437028
distributional_gaussian_nll_joint_base_no_donors_wastewaterscan_lags124_revised_visualization,2025-03-01,wk inc flu hosp,3,2025-03-22,48,quantile,0.95,2875.2573661985816
distributional_gaussian_nll_joint_base_no_donors_wastewaterscan_lags124_revised_visualization,2025-03-08,wk inc flu hosp,0,2025-03-08,48,quantile,0.05,749.8460272857383
distributional_gaussian_nll_joint_base_no_donors_wastewaterscan_lags124_revised_visualization,2025-03-08,wk inc flu hosp,0,2025-03-08,48,quantile,0.25,979.9188555028182
distributional_gaussian_nll_joint_base_no_donors_wastewaterscan_lags124_revised_visualization,2025-03-08,wk inc flu hosp,0,2025-03-08,48,quantile,0.5,1228.8552579489156
distributional_gaussian_nll_joint_base_no_donors_wastewaterscan_lags124_revised_visualization,2025-03-08,wk inc flu hosp,0,2025-03-08,48,quantile,0.75,1514.5956955662723
distributional_gaussian_nll_joint_base_no_donors_wastewaterscan_lags124_revised_visualization,2025-03-08,wk inc flu hosp,0,2025-03-08,48,quantile,0.95,2016.5724030097067
distributional_gaussian_nll_joint_base_no_donors_wastewaterscan_lags124_revised_visualization,2025-03-08,wk inc flu hosp,1,2025-03-15,48,quantile,0.05,633.396038941934
distributional_gaussian_nll_joint_base_no_donors_wastewaterscan_lags124_revised_visualization,2025-03-08,wk inc flu hosp,1,2025-03-15,48,quantile,0.25,853.8475153111444
distributional_gaussian_nll_joint_base_no_donors_wastewaterscan_lags124_revised_visualization,2025-03-08,wk inc flu hosp,1,2025-03-15,48,quantile,0.5,1063.0413446042671
distributional_gaussian_nll_joint_base_no_donors_wastewaterscan_lags124_revised_visualization,2025-03-08,wk inc flu hosp,1,2025-03-15,48,quantile,0.75,1367.8265529433163
distributional_gaussian_nll_joint_base_no_donors_wastewaterscan_lags124_revised_visualization,2025-03-08,wk inc flu hosp,1,2025-03-15,48,quantile,0.95,1903.7741295990031
distributional_gaussian_nll_joint_base_no_donors_wastewaterscan_lags124_revised_visualization,2025-03-08,wk inc flu hosp,2,2025-03-22,48,quantile,0.05,437.810483228756
distributional_gaussian_nll_joint_base_no_donors_wastewaterscan_lags124_revised_visualization,2025-03-08,wk inc flu hosp,2,2025-03-22,48,quantile,0.25,653.5034325354525
distributional_gaussian_nll_joint_base_no_donors_wastewaterscan_lags124_revised_visualization,2025-03-08,wk inc flu hosp,2,2025-03-22,48,quantile,0.5,893.8813882152699
distributional_gaussian_nll_joint_base_no_donors_wastewaterscan_lags124_revised_visualization,2025-03-08,wk inc flu hosp,2,2025-03-22,48,quantile,0.75,1224.108966159244
distributional_gaussian_nll_joint_base_no_donors_wastewaterscan_lags124_revised_visualization,2025-03-08,wk inc flu hosp,2,2025-03-22,48,quantile,0.95,1883.451638265567
distributional_gaussian_nll_joint_base_no_donors_wastewaterscan_lags124_revised_visualization,2025-03-08,wk inc flu hosp,3,2025-03-29,48,quantile,0.05,338.037694680346
distributional_gaussian_nll_joint_base_no_donors_wastewaterscan_lags124_revised_visualization,2025-03-08,wk inc flu hosp,3,2025-03-29,48,quantile,0.25,545.7746767007895
distributional_gaussian_nll_joint_base_no_donors_wastewaterscan_lags124_revised_visualization,2025-03-08,wk inc flu hosp,3,2025-03-29,48,quantile,0.5,757.503234214573
distributional_gaussian_nll_joint_base_no_donors_wastewaterscan_lags124_revised_visualization,2025-03-08,wk inc flu hosp,3,2025-03-29,48,quantile,0.75,1066.23345738717
distributional_gaussian_nll_joint_base_no_donors_wastewaterscan_lags124_revised_visualization,2025-03-08,wk inc flu hosp,3,2025-03-29,48,quantile,0.95,1794.0708113103956
distributional_gaussian_nll_joint_base_no_donors_wastewaterscan_lags124_revised_visualization,2025-03-15,wk inc flu hosp,0,2025-03-15,48,quantile,0.05,610.7824494472975
distributional_gaussian_nll_joint_base_no_donors_wastewaterscan_lags124_revised_visualization,2025-03-15,wk inc flu hosp,0,2025-03-15,48,quantile,0.25,774.9227573097851
distributional_gaussian_nll_joint_base_no_donors_wastewaterscan_lags124_revised_visualization,2025-03-15,wk inc flu hosp,0,2025-03-15,48,quantile,0.5,926.7683784651564
distributional_gaussian_nll_joint_base_no_donors_wastewaterscan_lags124_revised_visualization,2025-03-15,wk inc flu hosp,0,2025-03-15,48,quantile,0.75,1088.5716913993397
distributional_gaussian_nll_joint_base_no_donors_wastewaterscan_lags124_revised_visualization,2025-03-15,wk inc flu hosp,0,2025-03-15,48,quantile,0.95,1395.1456937699131
distributional_gaussian_nll_joint_base_no_donors_wastewaterscan_lags124_revised_visualization,2025-03-15,wk inc flu hosp,1,2025-03-22,48,quantile,0.05,466.3975118842326
distributional_gaussian_nll_joint_base_no_donors_wastewaterscan_lags124_revised_visualization,2025-03-15,wk inc flu hosp,1,2025-03-22,48,quantile,0.25,637.5335472246086
distributional_gaussian_nll_joint_base_no_donors_wastewaterscan_lags124_revised_visualization,2025-03-15,wk inc flu hosp,1,2025-03-22,48,quantile,0.5,768.1220068530648
distributional_gaussian_nll_joint_base_no_donors_wastewaterscan_lags124_revised_visualization,2025-03-15,wk inc flu hosp,1,2025-03-22,48,quantile,0.75,959.9366632435492
distributional_gaussian_nll_joint_base_no_donors_wastewaterscan_lags124_revised_visualization,2025-03-15,wk inc flu hosp,1,2025-03-22,48,quantile,0.95,1314.6397111510537
distributional_gaussian_nll_joint_base_no_donors_wastewaterscan_lags124_revised_visualization,2025-03-15,wk inc flu hosp,2,2025-03-29,48,quantile,0.05,307.6198619818555
distributional_gaussian_nll_joint_base_no_donors_wastewaterscan_lags124_revised_visualization,2025-03-15,wk inc flu hosp,2,2025-03-29,48,quantile,0.25,445.902321905062
distributional_gaussian_nll_joint_base_no_donors_wastewaterscan_lags124_revised_visualization,2025-03-15,wk inc flu hosp,2,2025-03-29,48,quantile,0.5,582.560706568833
distributional_gaussian_nll_joint_base_no_donors_wastewaterscan_lags124_revised_visualization,2025-03-15,wk inc flu hosp,2,2025-03-29,48,quantile,0.75,819.9788123526141
distributional_gaussian_nll_joint_base_no_donors_wastewaterscan_lags124_revised_visualization,2025-03-15,wk inc flu hosp,2,2025-03-29,48,quantile,0.95,1244.9281178868175
distributional_gaussian_nll_joint_base_no_donors_wastewaterscan_lags124_revised_visualization,2025-03-15,wk inc flu hosp,3,2025-04-05,48,quantile,0.05,220.5225063468932
distributional_gaussian_nll_joint_base_no_donors_wastewaterscan_lags124_revised_visualization,2025-03-15,wk inc flu hosp,3,2025-04-05,48,quantile,0.25,339.9182003886208
distributional_gaussian_nll_joint_base_no_donors_wastewaterscan_lags124_revised_visualization,2025-03-15,wk inc flu hosp,3,2025-04-05,48,quantile,0.5,482.28642438628617
distributional_gaussian_nll_joint_base_no_donors_wastewaterscan_lags124_revised_visualization,2025-03-15,wk inc flu hosp,3,2025-04-05,48,quantile,0.75,706.432410250805
distributional_gaussian_nll_joint_base_no_donors_wastewaterscan_lags124_revised_visualization,2025-03-15,wk inc flu hosp,3,2025-04-05,48,quantile,0.95,1102.9395803273787
distributional_gaussian_nll_joint_base_no_donors_wastewaterscan_lags124_revised_visualization,2025-03-22,wk inc flu hosp,0,2025-03-22,48,quantile,0.05,466.99532409429855
distributional_gaussian_nll_joint_base_no_donors_wastewaterscan_lags124_revised_visualization,2025-03-22,wk inc flu hosp,0,2025-03-22,48,quantile,0.25,586.554991991926
distributional_gaussian_nll_joint_base_no_donors_wastewaterscan_lags124_revised_visualization,2025-03-22,wk inc flu hosp,0,2025-03-22,48,quantile,0.5,697.512622560215
distributional_gaussian_nll_joint_base_no_donors_wastewaterscan_lags124_revised_visualization,2025-03-22,wk inc flu hosp,0,2025-03-22,48,quantile,0.75,815.6929970013482
distributional_gaussian_nll_joint_base_no_donors_wastewaterscan_lags124_revised_visualization,2025-03-22,wk inc flu hosp,0,2025-03-22,48,quantile,0.95,988.0542386863629
distributional_gaussian_nll_joint_base_no_donors_wastewaterscan_lags124_revised_visualization,2025-03-22,wk inc flu hosp,1,2025-03-29,48,quantile,0.05,375.87380682259055
distributional_gaussian_nll_joint_base_no_donors_wastewaterscan_lags124_revised_visualization,2025-03-22,wk inc flu hosp,1,2025-03-29,48,quantile,0.25,484.6308315618759
distributional_gaussian_nll_joint_base_no_donors_wastewaterscan_lags124_revised_visualization,2025-03-22,wk inc flu hosp,1,2025-03-29,48,quantile,0.5,594.6364624030895
distributional_gaussian_nll_joint_base_no_donors_wastewaterscan_lags124_revised_visualization,2025-03-22,wk inc flu hosp,1,2025-03-29,48,quantile,0.75,725.5045128811937
distributional_gaussian_nll_joint_base_no_donors_wastewaterscan_lags124_revised_visualization,2025-03-22,wk inc flu hosp,1,2025-03-29,48,quantile,0.95,921.7555298785004
distributional_gaussian_nll_joint_base_no_donors_wastewaterscan_lags124_revised_visualization,2025-03-22,wk inc flu hosp,2,2025-04-05,48,quantile,0.05,237.7638710577246
distributional_gaussian_nll_joint_base_no_donors_wastewaterscan_lags124_revised_visualization,2025-03-22,wk inc flu hosp,2,2025-04-05,48,quantile,0.25,356.0170607948317
distributional_gaussian_nll_joint_base_no_donors_wastewaterscan_lags124_revised_visualization,2025-03-22,wk inc flu hosp,2,2025-04-05,48,quantile,0.5,452.6769065034232
distributional_gaussian_nll_joint_base_no_donors_wastewaterscan_lags124_revised_visualization,2025-03-22,wk inc flu hosp,2,2025-04-05,48,quantile,0.75,591.4786257007977
distributional_gaussian_nll_joint_base_no_donors_wastewaterscan_lags124_revised_visualization,2025-03-22,wk inc flu hosp,2,2025-04-05,48,quantile,0.95,881.111692649731
distributional_gaussian_nll_joint_base_no_donors_wastewaterscan_lags124_revised_visualization,2025-03-22,wk inc flu hosp,3,2025-04-12,48,quantile,0.05,172.84100287478185
distributional_gaussian_nll_joint_base_no_donors_wastewaterscan_lags124_revised_visualization,2025-03-22,wk inc flu hosp,3,2025-04-12,48,quantile,0.25,270.0459069215642
distributional_gaussian_nll_joint_base_no_donors_wastewaterscan_lags124_revised_visualization,2025-03-22,wk inc flu hosp,3,2025-04-12,48,quantile,0.5,360.2817371209444
distributional_gaussian_nll_joint_base_no_donors_wastewaterscan_lags124_revised_visualization,2025-03-22,wk inc flu hosp,3,2025-04-12,48,quantile,0.75,492.5656639235285
distributional_gaussian_nll_joint_base_no_donors_wastewaterscan_lags124_revised_visualization,2025-03-22,wk inc flu hosp,3,2025-04-12,48,quantile,0.95,758.642245547726
distributional_gaussian_nll_joint_base_no_donors_wastewaterscan_lags124_revised_visualization,2025-03-29,wk inc flu hosp,0,2025-03-29,48,quantile,0.05,293.2025228208342
distributional_gaussian_nll_joint_base_no_donors_wastewaterscan_lags124_revised_visualization,2025-03-29,wk inc flu hosp,0,2025-03-29,48,quantile,0.25,375.9312893850815
distributional_gaussian_nll_joint_base_no_donors_wastewaterscan_lags124_revised_visualization,2025-03-29,wk inc flu hosp,0,2025-03-29,48,quantile,0.5,444.2796038065568
distributional_gaussian_nll_joint_base_no_donors_wastewaterscan_lags124_revised_visualization,2025-03-29,wk inc flu hosp,0,2025-03-29,48,quantile,0.75,521.137929670602
distributional_gaussian_nll_joint_base_no_donors_wastewaterscan_lags124_revised_visualization,2025-03-29,wk inc flu hosp,0,2025-03-29,48,quantile,0.95,638.8050603588318
distributional_gaussian_nll_joint_base_no_donors_wastewaterscan_lags124_revised_visualization,2025-03-29,wk inc flu hosp,1,2025-04-05,48,quantile,0.05,228.85835983746392
distributional_gaussian_nll_joint_base_no_donors_wastewaterscan_lags124_revised_visualization,2025-03-29,wk inc flu hosp,1,2025-04-05,48,quantile,0.25,306.03109170360267
distributional_gaussian_nll_joint_base_no_donors_wastewaterscan_lags124_revised_visualization,2025-03-29,wk inc flu hosp,1,2025-04-05,48,quantile,0.5,368.1294521941833
distributional_gaussian_nll_joint_base_no_donors_wastewaterscan_lags124_revised_visualization,2025-03-29,wk inc flu hosp,1,2025-04-05,48,quantile,0.75,432.416451663147
distributional_gaussian_nll_joint_base_no_donors_wastewaterscan_lags124_revised_visualization,2025-03-29,wk inc flu hosp,1,2025-04-05,48,quantile,0.95,563.2257109878012
distributional_gaussian_nll_joint_base_no_donors_wastewaterscan_lags124_revised_visualization,2025-03-29,wk inc flu hosp,2,2025-04-12,48,quantile,0.05,140.40760591705225
distributional_gaussian_nll_joint_base_no_donors_wastewaterscan_lags124_revised_visualization,2025-03-29,wk inc flu hosp,2,2025-04-12,48,quantile,0.25,219.033034748352
distributional_gaussian_nll_joint_base_no_donors_wastewaterscan_lags124_revised_visualization,2025-03-29,wk inc flu hosp,2,2025-04-12,48,quantile,0.5,289.2371617257044
distributional_gaussian_nll_joint_base_no_donors_wastewaterscan_lags124_revised_visualization,2025-03-29,wk inc flu hosp,2,2025-04-12,48,quantile,0.75,385.8994945020133
distributional_gaussian_nll_joint_base_no_donors_wastewaterscan_lags124_revised_visualization,2025-03-29,wk inc flu hosp,2,2025-04-12,48,quantile,0.95,563.9187314615152
distributional_gaussian_nll_joint_base_no_donors_wastewaterscan_lags124_revised_visualization,2025-03-29,wk inc flu hosp,3,2025-04-19,48,quantile,0.05,103.12121898318732
distributional_gaussian_nll_joint_base_no_donors_wastewaterscan_lags124_revised_visualization,2025-03-29,wk inc flu hosp,3,2025-04-19,48,quantile,0.25,169.7034795871698
distributional_gaussian_nll_joint_base_no_donors_wastewaterscan_lags124_revised_visualization,2025-03-29,wk inc flu hosp,3,2025-04-19,48,quantile,0.5,236.25067005756068
distributional_gaussian_nll_joint_base_no_donors_wastewaterscan_lags124_revised_visualization,2025-03-29,wk inc flu hosp,3,2025-04-19,48,quantile,0.75,316.8868460194674
distributional_gaussian_nll_joint_base_no_donors_wastewaterscan_lags124_revised_visualization,2025-03-29,wk inc flu hosp,3,2025-04-19,48,quantile,0.95,482.6145995298722
distributional_gaussian_nll_joint_base_no_donors_wastewaterscan_lags124_revised_visualization,2025-04-05,wk inc flu hosp,0,2025-04-05,48,quantile,0.05,212.50432832346416
distributional_gaussian_nll_joint_base_no_donors_wastewaterscan_lags124_revised_visualization,2025-04-05,wk inc flu hosp,0,2025-04-05,48,quantile,0.25,264.39488516567604
distributional_gaussian_nll_joint_base_no_donors_wastewaterscan_lags124_revised_visualization,2025-04-05,wk inc flu hosp,0,2025-04-05,48,quantile,0.5,315.1895259670488
distributional_gaussian_nll_joint_base_no_donors_wastewaterscan_lags124_revised_visualization,2025-04-05,wk inc flu hosp,0,2025-04-05,48,quantile,0.75,377.0462272366009
distributional_gaussian_nll_joint_base_no_donors_wastewaterscan_lags124_revised_visualization,2025-04-05,wk inc flu hosp,0,2025-04-05,48,quantile,0.95,487.0075087862431
distributional_gaussian_nll_joint_base_no_donors_wastewaterscan_lags124_revised_visualization,2025-04-05,wk inc flu hosp,1,2025-04-12,48,quantile,0.05,152.95188170211287
distributional_gaussian_nll_joint_base_no_donors_wastewaterscan_lags124_revised_visualization,2025-04-05,wk inc flu hosp,1,2025-04-12,48,quantile,0.25,208.56156833298056
distributional_gaussian_nll_joint_base_no_donors_wastewaterscan_lags124_revised_visualization,2025-04-05,wk inc flu hosp,1,2025-04-12,48,quantile,0.5,256.0944755788344
distributional_gaussian_nll_joint_base_no_donors_wastewaterscan_lags124_revised_visualization,2025-04-05,wk inc flu hosp,1,2025-04-12,48,quantile,0.75,319.42117003294925
distributional_gaussian_nll_joint_base_no_donors_wastewaterscan_lags124_revised_visualization,2025-04-05,wk inc flu hosp,1,2025-04-12,48,quantile,0.95,428.4880492953772
distributional_gaussian_nll_joint_base_no_donors_wastewaterscan_lags124_revised_visualization,2025-04-05,wk inc flu hosp,2,2025-04-19,48,quantile,0.05,93.88826146479173
distributional_gaussian_nll_joint_base_no_donors_wastewaterscan_lags124_revised_visualization,2025-04-05,wk inc flu hosp,2,2025-04-19,48,quantile,0.25,145.326308487774
distributional_gaussian_nll_joint_base_no_donors_wastewaterscan_lags124_revised_visualization,2025-04-05,wk inc flu hosp,2,2025-04-19,48,quantile,0.5,192.59156562174653
distributional_gaussian_nll_joint_base_no_donors_wastewaterscan_lags124_revised_visualization,2025-04-05,wk inc flu hosp,2,2025-04-19,48,quantile,0.75,260.4316556933575
distributional_gaussian_nll_joint_base_no_donors_wastewaterscan_lags124_revised_visualization,2025-04-05,wk inc flu hosp,2,2025-04-19,48,quantile,0.95,409.9952775185467
distributional_gaussian_nll_joint_base_no_donors_wastewaterscan_lags124_revised_visualization,2025-04-05,wk inc flu hosp,3,2025-04-26,48,quantile,0.05,67.94210987257279
distributional_gaussian_nll_joint_base_no_donors_wastewaterscan_lags124_revised_visualization,2025-04-05,wk inc flu hosp,3,2025-04-26,48,quantile,0.25,109.60440731683332
distributional_gaussian_nll_joint_base_no_donors_wastewaterscan_lags124_revised_visualization,2025-04-05,wk inc flu hosp,3,2025-04-26,48,quantile,0.5,157.10505621070635
distributional_gaussian_nll_joint_base_no_donors_wastewaterscan_lags124_revised_visualization,2025-04-05,wk inc flu hosp,3,2025-04-26,48,quantile,0.75,222.4858214692983
distributional_gaussian_nll_joint_base_no_donors_wastewaterscan_lags124_revised_visualization,2025-04-05,wk inc flu hosp,3,2025-04-26,48,quantile,0.95,372.5312658698865
distributional_gaussian_nll_joint_base_no_donors_wastewaterscan_lags124_revised_visualization,2025-04-12,wk inc flu hosp,0,2025-04-12,48,quantile,0.05,120.32346691847248
distributional_gaussian_nll_joint_base_no_donors_wastewaterscan_lags124_revised_visualization,2025-04-12,wk inc flu hosp,0,2025-04-12,48,quantile,0.25,187.86785381318032
distributional_gaussian_nll_joint_base_no_donors_wastewaterscan_lags124_revised_visualization,2025-04-12,wk inc flu hosp,0,2025-04-12,48,quantile,0.5,247.0609823875385
distributional_gaussian_nll_joint_base_no_donors_wastewaterscan_lags124_revised_visualization,2025-04-12,wk inc flu hosp,0,2025-04-12,48,quantile,0.75,332.77935938583386
distributional_gaussian_nll_joint_base_no_donors_wastewaterscan_lags124_revised_visualization,2025-04-12,wk inc flu hosp,0,2025-04-12,48,quantile,0.95,487.4080047078984
distributional_gaussian_nll_joint_base_no_donors_wastewaterscan_lags124_revised_visualization,2025-04-12,wk inc flu hosp,1,2025-04-19,48,quantile,0.05,82.19017526277636
distributional_gaussian_nll_joint_base_no_donors_wastewaterscan_lags124_revised_visualization,2025-04-12,wk inc flu hosp,1,2025-04-19,48,quantile,0.25,135.16731505572116
distributional_gaussian_nll_joint_base_no_donors_wastewaterscan_lags124_revised_visualization,2025-04-12,wk inc flu hosp,1,2025-04-19,48,quantile,0.5,194.97316560023316
distributional_gaussian_nll_joint_base_no_donors_wastewaterscan_lags124_revised_visualization,2025-04-12,wk inc flu hosp,1,2025-04-19,48,quantile,0.75,269.30246141742344
distributional_gaussian_nll_joint_base_no_donors_wastewaterscan_lags124_revised_visualization,2025-04-12,wk inc flu hosp,1,2025-04-19,48,quantile,0.95,436.068013783994
distributional_gaussian_nll_joint_base_no_donors_wastewaterscan_lags124_revised_visualization,2025-04-12,wk inc flu hosp,2,2025-04-26,48,quantile,0.05,51.7256043542594
distributional_gaussian_nll_joint_base_no_donors_wastewaterscan_lags124_revised_visualization,2025-04-12,wk inc flu hosp,2,2025-04-26,48,quantile,0.25,98.2742584895974
distributional_gaussian_nll_joint_base_no_donors_wastewaterscan_lags124_revised_visualization,2025-04-12,wk inc flu hosp,2,2025-04-26,48,quantile,0.5,147.12822548391114
distributional_gaussian_nll_joint_base_no_donors_wastewaterscan_lags124_revised_visualization,2025-04-12,wk inc flu hosp,2,2025-04-26,48,quantile,0.75,220.32680982453329
distributional_gaussian_nll_joint_base_no_donors_wastewaterscan_lags124_revised_visualization,2025-04-12,wk inc flu hosp,2,2025-04-26,48,quantile,0.95,397.2236540396968
distributional_gaussian_nll_joint_base_no_donors_wastewaterscan_lags124_revised_visualization,2025-04-12,wk inc flu hosp,3,2025-05-03,48,quantile,0.05,36.90830200713767
distributional_gaussian_nll_joint_base_no_donors_wastewaterscan_lags124_revised_visualization,2025-04-12,wk inc flu hosp,3,2025-05-03,48,quantile,0.25,75.41730737593328
distributional_gaussian_nll_joint_base_no_donors_wastewaterscan_lags124_revised_visualization,2025-04-12,wk inc flu hosp,3,2025-05-03,48,quantile,0.5,120.48730431440076
distributional_gaussian_nll_joint_base_no_donors_wastewaterscan_lags124_revised_visualization,2025-04-12,wk inc flu hosp,3,2025-05-03,48,quantile,0.75,192.94872791309075
distributional_gaussian_nll_joint_base_no_donors_wastewaterscan_lags124_revised_visualization,2025-04-12,wk inc flu hosp,3,2025-05-03,48,quantile,0.95,358.61788593865367
distributional_gaussian_nll_joint_base_no_donors_wastewaterscan_lags124_revised_visualization,2025-04-19,wk inc flu hosp,0,2025-04-19,48,quantile,0.05,103.95736004017368
distributional_gaussian_nll_joint_base_no_donors_wastewaterscan_lags124_revised_visualization,2025-04-19,wk inc flu hosp,0,2025-04-19,48,quantile,0.25,162.02846944233897
distributional_gaussian_nll_joint_base_no_donors_wastewaterscan_lags124_revised_visualization,2025-04-19,wk inc flu hosp,0,2025-04-19,48,quantile,0.5,223.8442812627873
distributional_gaussian_nll_joint_base_no_donors_wastewaterscan_lags124_revised_visualization,2025-04-19,wk inc flu hosp,0,2025-04-19,48,quantile,0.75,296.8818127208556
distributional_gaussian_nll_joint_base_no_donors_wastewaterscan_lags124_revised_visualization,2025-04-19,wk inc flu hosp,0,2025-04-19,48,quantile,0.95,459.8754949775737
distributional_gaussian_nll_joint_base_no_donors_wastewaterscan_lags124_revised_visualization,2025-04-19,wk inc flu hosp,1,2025-04-26,48,quantile,0.05,71.07025216663871
distributional_gaussian_nll_joint_base_no_donors_wastewaterscan_lags124_revised_visualization,2025-04-19,wk inc flu hosp,1,2025-04-26,48,quantile,0.25,121.63173729856383
distributional_gaussian_nll_joint_base_no_donors_wastewaterscan_lags124_revised_visualization,2025-04-19,wk inc flu hosp,1,2025-04-26,48,quantile,0.5,179.5663818271047
distributional_gaussian_nll_joint_base_no_donors_wastewaterscan_lags124_revised_visualization,2025-04-19,wk inc flu hosp,1,2025-04-26,48,quantile,0.75,242.87704989334617
distributional_gaussian_nll_joint_base_no_donors_wastewaterscan_lags124_revised_visualization,2025-04-19,wk inc flu hosp,1,2025-04-26,48,quantile,0.95,416.86135628351497
distributional_gaussian_nll_joint_base_no_donors_wastewaterscan_lags124_revised_visualization,2025-04-19,wk inc flu hosp,2,2025-05-03,48,quantile,0.05,46.77324788024834
distributional_gaussian_nll_joint_base_no_donors_wastewaterscan_lags124_revised_visualization,2025-04-19,wk inc flu hosp,2,2025-05-03,48,quantile,0.25,87.9665408950973
distributional_gaussian_nll_joint_base_no_donors_wastewaterscan_lags124_revised_visualization,2025-04-19,wk inc flu hosp,2,2025-05-03,48,quantile,0.5,140.69159529742743
distributional_gaussian_nll_joint_base_no_donors_wastewaterscan_lags124_revised_visualization,2025-04-19,wk inc flu hosp,2,2025-05-03,48,quantile,0.75,206.1046247646313
distributional_gaussian_nll_joint_base_no_donors_wastewaterscan_lags124_revised_visualization,2025-04-19,wk inc flu hosp,2,2025-05-03,48,quantile,0.95,374.0072161643424
distributional_gaussian_nll_joint_base_no_donors_wastewaterscan_lags124_revised_visualization,2025-04-19,wk inc flu hosp,3,2025-05-10,48,quantile,0.05,31.74390318055155
distributional_gaussian_nll_joint_base_no_donors_wastewaterscan_lags124_revised_visualization,2025-04-19,wk inc flu hosp,3,2025-05-10,48,quantile,0.25,67.73136642687508
distributional_gaussian_nll_joint_base_no_donors_wastewaterscan_lags124_revised_visualization,2025-04-19,wk inc flu hosp,3,2025-05-10,48,quantile,0.5,114.21325610885162
distributional_gaussian_nll_joint_base_no_donors_wastewaterscan_lags124_revised_visualization,2025-04-19,wk inc flu hosp,3,2025-05-10,48,quantile,0.75,182.84319477063684
distributional_gaussian_nll_joint_base_no_donors_wastewaterscan_lags124_revised_visualization,2025-04-19,wk inc flu hosp,3,2025-05-10,48,quantile,0.95,362.5059538422191
distributional_gaussian_nll_joint_base_no_donors_wastewaterscan_lags124_revised_visualization,2025-04-26,wk inc flu hosp,0,2025-04-26,48,quantile,0.05,87.83288416242583
distributional_gaussian_nll_joint_base_no_donors_wastewaterscan_lags124_revised_visualization,2025-04-26,wk inc flu hosp,0,2025-04-26,48,quantile,0.25,141.93294262861895
distributional_gaussian_nll_joint_base_no_donors_wastewaterscan_lags124_revised_visualization,2025-04-26,wk inc flu hosp,0,2025-04-26,48,quantile,0.5,206.6662315681048
distributional_gaussian_nll_joint_base_no_donors_wastewaterscan_lags124_revised_visualization,2025-04-26,wk inc flu hosp,0,2025-04-26,48,quantile,0.75,298.5632470968818
distributional_gaussian_nll_joint_base_no_donors_wastewaterscan_lags124_revised_visualization,2025-04-26,wk inc flu hosp,0,2025-04-26,48,quantile,0.95,501.26721346541217
distributional_gaussian_nll_joint_base_no_donors_wastewaterscan_lags124_revised_visualization,2025-04-26,wk inc flu hosp,1,2025-05-03,48,quantile,0.05,59.239842047901845
distributional_gaussian_nll_joint_base_no_donors_wastewaterscan_lags124_revised_visualization,2025-04-26,wk inc flu hosp,1,2025-05-03,48,quantile,0.25,108.60788073164775
distributional_gaussian_nll_joint_base_no_donors_wastewaterscan_lags124_revised_visualization,2025-04-26,wk inc flu hosp,1,2025-05-03,48,quantile,0.5,166.39941378365577
distributional_gaussian_nll_joint_base_no_donors_wastewaterscan_lags124_revised_visualization,2025-04-26,wk inc flu hosp,1,2025-05-03,48,quantile,0.75,262.0429080430199
distributional_gaussian_nll_joint_base_no_donors_wastewaterscan_lags124_revised_visualization,2025-04-26,wk inc flu hosp,1,2025-05-03,48,quantile,0.95,496.31027079427815
distributional_gaussian_nll_joint_base_no_donors_wastewaterscan_lags124_revised_visualization,2025-04-26,wk inc flu hosp,2,2025-05-10,48,quantile,0.05,36.07314616979856
distributional_gaussian_nll_joint_base_no_donors_wastewaterscan_lags124_revised_visualization,2025-04-26,wk inc flu hosp,2,2025-05-10,48,quantile,0.25,76.89817764596557
distributional_gaussian_nll_joint_base_no_donors_wastewaterscan_lags124_revised_visualization,2025-04-26,wk inc flu hosp,2,2025-05-10,48,quantile,0.5,131.73034886990746
distributional_gaussian_nll_joint_base_no_donors_wastewaterscan_lags124_revised_visualization,2025-04-26,wk inc flu hosp,2,2025-05-10,48,quantile,0.75,217.57587954935053
distributional_gaussian_nll_joint_base_no_donors_wastewaterscan_lags124_revised_visualization,2025-04-26,wk inc flu hosp,2,2025-05-10,48,quantile,0.95,462.4516348393779
distributional_gaussian_nll_joint_base_no_donors_wastewaterscan_lags124_revised_visualization,2025-04-26,wk inc flu hosp,3,2025-05-17,48,quantile,0.05,24.034628965071438
distributional_gaussian_nll_joint_base_no_donors_wastewaterscan_lags124_revised_visualization,2025-04-26,wk inc flu hosp,3,2025-05-17,48,quantile,0.25,58.42740754977872
distributional_gaussian_nll_joint_base_no_donors_wastewaterscan_lags124_revised_visualization,2025-04-26,wk inc flu hosp,3,2025-05-17,48,quantile,0.5,108.8654546235546
distributional_gaussian_nll_joint_base_no_donors_wastewaterscan_lags124_revised_visualization,2025-04-26,wk inc flu hosp,3,2025-05-17,48,quantile,0.75,188.63275364497
distributional_gaussian_nll_joint_base_no_donors_wastewaterscan_lags124_revised_visualization,2025-04-26,wk inc flu hosp,3,2025-05-17,48,quantile,0.95,449.6782020506672
distributional_gaussian_nll_joint_base_no_donors_wastewaterscan_lags124_revised_visualization,2025-05-03,wk inc flu hosp,0,2025-05-03,48,quantile,0.05,70.8303501702832
distributional_gaussian_nll_joint_base_no_donors_wastewaterscan_lags124_revised_visualization,2025-05-03,wk inc flu hosp,0,2025-05-03,48,quantile,0.25,115.3806917842146
distributional_gaussian_nll_joint_base_no_donors_wastewaterscan_lags124_revised_visualization,2025-05-03,wk inc flu hosp,0,2025-05-03,48,quantile,0.5,176.95032278490262
distributional_gaussian_nll_joint_base_no_donors_wastewaterscan_lags124_revised_visualization,2025-05-03,wk inc flu hosp,0,2025-05-03,48,quantile,0.75,246.19613748076085
distributional_gaussian_nll_joint_base_no_donors_wastewaterscan_lags124_revised_visualization,2025-05-03,wk inc flu hosp,0,2025-05-03,48,quantile,0.95,418.5077687701384
distributional_gaussian_nll_joint_base_no_donors_wastewaterscan_lags124_revised_visualization,2025-05-03,wk inc flu hosp,1,2025-05-10,48,quantile,0.05,42.85209151127474
distributional_gaussian_nll_joint_base_no_donors_wastewaterscan_lags124_revised_visualization,2025-05-03,wk inc flu hosp,1,2025-05-10,48,quantile,0.25,84.93654924822567
distributional_gaussian_nll_joint_base_no_donors_wastewaterscan_lags124_revised_visualization,2025-05-03,wk inc flu hosp,1,2025-05-10,48,quantile,0.5,139.81738332439426
distributional_gaussian_nll_joint_base_no_donors_wastewaterscan_lags124_revised_visualization,2025-05-03,wk inc flu hosp,1,2025-05-10,48,quantile,0.75,215.6485964962376
distributional_gaussian_nll_joint_base_no_donors_wastewaterscan_lags124_revised_visualization,2025-05-03,wk inc flu hosp,1,2025-05-10,48,quantile,0.95,420.3661410802549
distributional_gaussian_nll_joint_base_no_donors_wastewaterscan_lags124_revised_visualization,2025-05-03,wk inc flu hosp,2,2025-05-17,48,quantile,0.05,24.15554722609334
distributional_gaussian_nll_joint_base_no_donors_wastewaterscan_lags124_revised_visualization,2025-05-03,wk inc flu hosp,2,2025-05-17,48,quantile,0.25,56.06609611468819
distributional_gaussian_nll_joint_base_no_donors_wastewaterscan_lags124_revised_visualization,2025-05-03,wk inc flu hosp,2,2025-05-17,48,quantile,0.5,100.73613129646634
distributional_gaussian_nll_joint_base_no_donors_wastewaterscan_lags124_revised_visualization,2025-05-03,wk inc flu hosp,2,2025-05-17,48,quantile,0.75,178.47443443703992
distributional_gaussian_nll_joint_base_no_donors_wastewaterscan_lags124_revised_visualization,2025-05-03,wk inc flu hosp,2,2025-05-17,48,quantile,0.95,412.6492815423301
distributional_gaussian_nll_joint_base_no_donors_wastewaterscan_lags124_revised_visualization,2025-05-03,wk inc flu hosp,3,2025-05-24,48,quantile,0.05,15.164483321787433
distributional_gaussian_nll_joint_base_no_donors_wastewaterscan_lags124_revised_visualization,2025-05-03,wk inc flu hosp,3,2025-05-24,48,quantile,0.25,39.998273428029975
distributional_gaussian_nll_joint_base_no_donors_wastewaterscan_lags124_revised_visualization,2025-05-03,wk inc flu hosp,3,2025-05-24,48,quantile,0.5,79.03778427091063
distributional_gaussian_nll_joint_base_no_donors_wastewaterscan_lags124_revised_visualization,2025-05-03,wk inc flu hosp,3,2025-05-24,48,quantile,0.75,157.0085946093891
distributional_gaussian_nll_joint_base_no_donors_wastewaterscan_lags124_revised_visualization,2025-05-03,wk inc flu hosp,3,2025-05-24,48,quantile,0.95,394.04071255261545
distributional_gaussian_nll_joint_base_no_donors_wastewaterscan_lags124_revised_visualization,2025-05-10,wk inc flu hosp,0,2025-05-10,48,quantile,0.05,59.42207760903659
distributional_gaussian_nll_joint_base_no_donors_wastewaterscan_lags124_revised_visualization,2025-05-10,wk inc flu hosp,0,2025-05-10,48,quantile,0.25,99.48003046755316
distributional_gaussian_nll_joint_base_no_donors_wastewaterscan_lags124_revised_visualization,2025-05-10,wk inc flu hosp,0,2025-05-10,48,quantile,0.5,141.67155690381733
distributional_gaussian_nll_joint_base_no_donors_wastewaterscan_lags124_revised_visualization,2025-05-10,wk inc flu hosp,0,2025-05-10,48,quantile,0.75,202.38794172926103
distributional_gaussian_nll_joint_base_no_donors_wastewaterscan_lags124_revised_visualization,2025-05-10,wk inc flu hosp,0,2025-05-10,48,quantile,0.95,336.1257610261912
distributional_gaussian_nll_joint_base_no_donors_wastewaterscan_lags124_revised_visualization,2025-05-10,wk inc flu hosp,1,2025-05-17,48,quantile,0.05,40.73065594171703
distributional_gaussian_nll_joint_base_no_donors_wastewaterscan_lags124_revised_visualization,2025-05-10,wk inc flu hosp,1,2025-05-17,48,quantile,0.25,75.03374437188992
distributional_gaussian_nll_joint_base_no_donors_wastewaterscan_lags124_revised_visualization,2025-05-10,wk inc flu hosp,1,2025-05-17,48,quantile,0.5,114.38909174411046
distributional_gaussian_nll_joint_base_no_donors_wastewaterscan_lags124_revised_visualization,2025-05-10,wk inc flu hosp,1,2025-05-17,48,quantile,0.75,182.72143594048
distributional_gaussian_nll_joint_base_no_donors_wastewaterscan_lags124_revised_visualization,2025-05-10,wk inc flu hosp,1,2025-05-17,48,quantile,0.95,341.04736868588446
distributional_gaussian_nll_joint_base_no_donors_wastewaterscan_lags124_revised_visualization,2025-05-10,wk inc flu hosp,2,2025-05-24,48,quantile,0.05,24.030088263442707
distributional_gaussian_nll_joint_base_no_donors_wastewaterscan_lags124_revised_visualization,2025-05-10,wk inc flu hosp,2,2025-05-24,48,quantile,0.25,52.92712403337283
distributional_gaussian_nll_joint_base_no_donors_wastewaterscan_lags124_revised_visualization,2025-05-10,wk inc flu hosp,2,2025-05-24,48,quantile,0.5,88.72692656261107
distributional_gaussian_nll_joint_base_no_donors_wastewaterscan_lags124_revised_visualization,2025-05-10,wk inc flu hosp,2,2025-05-24,48,quantile,0.75,157.88739691430055
distributional_gaussian_nll_joint_base_no_donors_wastewaterscan_lags124_revised_visualization,2025-05-10,wk inc flu hosp,2,2025-05-24,48,quantile,0.95,343.93975311974856
distributional_gaussian_nll_joint_base_no_donors_wastewaterscan_lags124_revised_visualization,2025-05-10,wk inc flu hosp,3,2025-05-31,48,quantile,0.05,17.036788073445173
distributional_gaussian_nll_joint_base_no_donors_wastewaterscan_lags124_revised_visualization,2025-05-10,wk inc flu hosp,3,2025-05-31,48,quantile,0.25,40.64557087045832
distributional_gaussian_nll_joint_base_no_donors_wastewaterscan_lags124_revised_visualization,2025-05-10,wk inc flu hosp,3,2025-05-31,48,quantile,0.5,73.27497090251237
distributional_gaussian_nll_joint_base_no_donors_wastewaterscan_lags124_revised_visualization,2025-05-10,wk inc flu hosp,3,2025-05-31,48,quantile,0.75,134.58298633974016
distributional_gaussian_nll_joint_base_no_donors_wastewaterscan_lags124_revised_visualization,2025-05-10,wk inc flu hosp,3,2025-05-31,48,quantile,0.95,319.0212381922653
distributional_gaussian_nll_joint_base_no_donors_wastewaterscan_lags124_revised_visualization,2025-05-17,wk inc flu hosp,0,2025-05-17,48,quantile,0.05,56.271095485067306
distributional_gaussian_nll_joint_base_no_donors_wastewaterscan_lags124_revised_visualization,2025-05-17,wk inc flu hosp,0,2025-05-17,48,quantile,0.25,94.2345899765664
distributional_gaussian_nll_joint_base_no_donors_wastewaterscan_lags124_revised_visualization,2025-05-17,wk inc flu hosp,0,2025-05-17,48,quantile,0.5,129.7089036087698
distributional_gaussian_nll_joint_base_no_donors_wastewaterscan_lags124_revised_visualization,2025-05-17,wk inc flu hosp,0,2025-05-17,48,quantile,0.75,185.75887412611547
distributional_gaussian_nll_joint_base_no_donors_wastewaterscan_lags124_revised_visualization,2025-05-17,wk inc flu hosp,0,2025-05-17,48,quantile,0.95,300.9060456531004
distributional_gaussian_nll_joint_base_no_donors_wastewaterscan_lags124_revised_visualization,2025-05-17,wk inc flu hosp,1,2025-05-24,48,quantile,0.05,36.030266307994765
distributional_gaussian_nll_joint_base_no_donors_wastewaterscan_lags124_revised_visualization,2025-05-17,wk inc flu hosp,1,2025-05-24,48,quantile,0.25,67.97029474498035
distributional_gaussian_nll_joint_base_no_donors_wastewaterscan_lags124_revised_visualization,2025-05-17,wk inc flu hosp,1,2025-05-24,48,quantile,0.5,102.5410007054834
distributional_gaussian_nll_joint_base_no_donors_wastewaterscan_lags124_revised_visualization,2025-05-17,wk inc flu hosp,1,2025-05-24,48,quantile,0.75,160.67719164925467
distributional_gaussian_nll_joint_base_no_donors_wastewaterscan_lags124_revised_visualization,2025-05-17,wk inc flu hosp,1,2025-05-24,48,quantile,0.95,290.5529609978459
distributional_gaussian_nll_joint_base_no_donors_wastewaterscan_lags124_revised_visualization,2025-05-17,wk inc flu hosp,2,2025-05-31,48,quantile,0.05,20.753275710461047
distributional_gaussian_nll_joint_base_no_donors_wastewaterscan_lags124_revised_visualization,2025-05-17,wk inc flu hosp,2,2025-05-31,48,quantile,0.25,46.630925249397606
distributional_gaussian_nll_joint_base_no_donors_wastewaterscan_lags124_revised_visualization,2025-05-17,wk inc flu hosp,2,2025-05-31,48,quantile,0.5,80.09192881329594
distributional_gaussian_nll_joint_base_no_donors_wastewaterscan_lags124_revised_visualization,2025-05-17,wk inc flu hosp,2,2025-05-31,48,quantile,0.75,137.44504283097876
distributional_gaussian_nll_joint_base_no_donors_wastewaterscan_lags124_revised_visualization,2025-05-17,wk inc flu hosp,2,2025-05-31,48,quantile,0.95,312.90394202360665
distributional_gaussian_nll_joint_base_no_donors_wastewaterscan_lags124_revised_visualization,2025-05-17,wk inc flu hosp,3,2025-06-07,48,quantile,0.05,14.003661322156276
distributional_gaussian_nll_joint_base_no_donors_wastewaterscan_lags124_revised_visualization,2025-05-17,wk inc flu hosp,3,2025-06-07,48,quantile,0.25,35.215465070781825
distributional_gaussian_nll_joint_base_no_donors_wastewaterscan_lags124_revised_visualization,2025-05-17,wk inc flu hosp,3,2025-06-07,48,quantile,0.5,65.57168799660468
distributional_gaussian_nll_joint_base_no_donors_wastewaterscan_lags124_revised_visualization,2025-05-17,wk inc flu hosp,3,2025-06-07,48,quantile,0.75,123.67926994123664
distributional_gaussian_nll_joint_base_no_donors_wastewaterscan_lags124_revised_visualization,2025-05-17,wk inc flu hosp,3,2025-06-07,48,quantile,0.95,314.9109244647221
distributional_gaussian_nll_joint_base_no_donors_wastewaterscan_lags124_revised_visualization,2025-05-24,wk inc flu hosp,0,2025-05-24,48,quantile,0.05,48.41570539925254
distributional_gaussian_nll_joint_base_no_donors_wastewaterscan_lags124_revised_visualization,2025-05-24,wk inc flu hosp,0,2025-05-24,48,quantile,0.25,90.3273098428831
distributional_gaussian_nll_joint_base_no_donors_wastewaterscan_lags124_revised_visualization,2025-05-24,wk inc flu hosp,0,2025-05-24,48,quantile,0.5,138.210028988013
distributional_gaussian_nll_joint_base_no_donors_wastewaterscan_lags124_revised_visualization,2025-05-24,wk inc flu hosp,0,2025-05-24,48,quantile,0.75,211.84751755014463
distributional_gaussian_nll_joint_base_no_donors_wastewaterscan_lags124_revised_visualization,2025-05-24,wk inc flu hosp,0,2025-05-24,48,quantile,0.95,381.3056249724386
distributional_gaussian_nll_joint_base_no_donors_wastewaterscan_lags124_revised_visualization,2025-05-24,wk inc flu hosp,1,2025-05-31,48,quantile,0.05,30.051216150170426
distributional_gaussian_nll_joint_base_no_donors_wastewaterscan_lags124_revised_visualization,2025-05-24,wk inc flu hosp,1,2025-05-31,48,quantile,0.25,64.70856698346975
distributional_gaussian_nll_joint_base_no_donors_wastewaterscan_lags124_revised_visualization,2025-05-24,wk inc flu hosp,1,2025-05-31,48,quantile,0.5,111.85150451308706
distributional_gaussian_nll_joint_base_no_donors_wastewaterscan_lags124_revised_visualization,2025-05-24,wk inc flu hosp,1,2025-05-31,48,quantile,0.75,185.46990432764972
distributional_gaussian_nll_joint_base_no_donors_wastewaterscan_lags124_revised_visualization,2025-05-24,wk inc flu hosp,1,2025-05-31,48,quantile,0.95,401.84230523983945
distributional_gaussian_nll_joint_base_no_donors_wastewaterscan_lags124_revised_visualization,2025-05-24,wk inc flu hosp,2,2025-06-07,48,quantile,0.05,17.483734450161812
distributional_gaussian_nll_joint_base_no_donors_wastewaterscan_lags124_revised_visualization,2025-05-24,wk inc flu hosp,2,2025-06-07,48,quantile,0.25,43.31784541079715
distributional_gaussian_nll_joint_base_no_donors_wastewaterscan_lags124_revised_visualization,2025-05-24,wk inc flu hosp,2,2025-06-07,48,quantile,0.5,83.85556782742233
distributional_gaussian_nll_joint_base_no_donors_wastewaterscan_lags124_revised_visualization,2025-05-24,wk inc flu hosp,2,2025-06-07,48,quantile,0.75,152.1380448929753
distributional_gaussian_nll_joint_base_no_donors_wastewaterscan_lags124_revised_visualization,2025-05-24,wk inc flu hosp,2,2025-06-07,48,quantile,0.95,390.7776710146077
distributional_gaussian_nll_joint_base_no_donors_wastewaterscan_lags124_revised_visualization,2025-05-24,wk inc flu hosp,3,2025-06-14,48,quantile,0.05,11.973225727119068
distributional_gaussian_nll_joint_base_no_donors_wastewaterscan_lags124_revised_visualization,2025-05-24,wk inc flu hosp,3,2025-06-14,48,quantile,0.25,33.32267007164931
distributional_gaussian_nll_joint_base_no_donors_wastewaterscan_lags124_revised_visualization,2025-05-24,wk inc flu hosp,3,2025-06-14,48,quantile,0.5,68.9185255123146
distributional_gaussian_nll_joint_base_no_donors_wastewaterscan_lags124_revised_visualization,2025-05-24,wk inc flu hosp,3,2025-06-14,48,quantile,0.75,135.72038715239108
distributional_gaussian_nll_joint_base_no_donors_wastewaterscan_lags124_revised_visualization,2025-05-24,wk inc flu hosp,3,2025-06-14,48,quantile,0.95,393.2028233080196
distributional_gaussian_nll_joint_base_no_donors_wastewaterscan_lags124_revised_visualization,2025-05-31,wk inc flu hosp,0,2025-05-31,48,quantile,0.05,34.1915538050327
distributional_gaussian_nll_joint_base_no_donors_wastewaterscan_lags124_revised_visualization,2025-05-31,wk inc flu hosp,0,2025-05-31,48,quantile,0.25,66.13088670168608
distributional_gaussian_nll_joint_base_no_donors_wastewaterscan_lags124_revised_visualization,2025-05-31,wk inc flu hosp,0,2025-05-31,48,quantile,0.5,104.37440311983356
distributional_gaussian_nll_joint_base_no_donors_wastewaterscan_lags124_revised_visualization,2025-05-31,wk inc flu hosp,0,2025-05-31,48,quantile,0.75,161.4441615887334
distributional_gaussian_nll_joint_base_no_donors_wastewaterscan_lags124_revised_visualization,2025-05-31,wk inc flu hosp,0,2025-05-31,48,quantile,0.95,319.6976128825461
distributional_gaussian_nll_joint_base_no_donors_wastewaterscan_lags124_revised_visualization,2025-05-31,wk inc flu hosp,1,2025-06-07,48,quantile,0.05,21.391295445089728
distributional_gaussian_nll_joint_base_no_donors_wastewaterscan_lags124_revised_visualization,2025-05-31,wk inc flu hosp,1,2025-06-07,48,quantile,0.25,46.69057794836065
distributional_gaussian_nll_joint_base_no_donors_wastewaterscan_lags124_revised_visualization,2025-05-31,wk inc flu hosp,1,2025-06-07,48,quantile,0.5,80.31140090039005
distributional_gaussian_nll_joint_base_no_donors_wastewaterscan_lags124_revised_visualization,2025-05-31,wk inc flu hosp,1,2025-06-07,48,quantile,0.75,134.2785364213247
distributional_gaussian_nll_joint_base_no_donors_wastewaterscan_lags124_revised_visualization,2025-05-31,wk inc flu hosp,1,2025-06-07,48,quantile,0.95,296.9253497139923
distributional_gaussian_nll_joint_base_no_donors_wastewaterscan_lags124_revised_visualization,2025-05-31,wk inc flu hosp,2,2025-06-14,48,quantile,0.05,11.667854031779957
distributional_gaussian_nll_joint_base_no_donors_wastewaterscan_lags124_revised_visualization,2025-05-31,wk inc flu hosp,2,2025-06-14,48,quantile,0.25,31.285044613910845
distributional_gaussian_nll_joint_base_no_donors_wastewaterscan_lags124_revised_visualization,2025-05-31,wk inc flu hosp,2,2025-06-14,48,quantile,0.5,61.859036437244505
distributional_gaussian_nll_joint_base_no_donors_wastewaterscan_lags124_revised_visualization,2025-05-31,wk inc flu hosp,2,2025-06-14,48,quantile,0.75,116.91363197648246
distributional_gaussian_nll_joint_base_no_donors_wastewaterscan_lags124_revised_visualization,2025-05-31,wk inc flu hosp,2,2025-06-14,48,quantile,0.95,294.0713382584956
distributional_gaussian_nll_joint_base_no_donors_wastewaterscan_lags124_revised_visualization,2025-05-31,wk inc flu hosp,3,2025-06-21,48,quantile,0.05,8.082117299732602
distributional_gaussian_nll_joint_base_no_donors_wastewaterscan_lags124_revised_visualization,2025-05-31,wk inc flu hosp,3,2025-06-21,48,quantile,0.25,23.690996301738224
distributional_gaussian_nll_joint_base_no_donors_wastewaterscan_lags124_revised_visualization,2025-05-31,wk inc flu hosp,3,2025-06-21,48,quantile,0.5,51.01383448564077
distributional_gaussian_nll_joint_base_no_donors_wastewaterscan_lags124_revised_visualization,2025-05-31,wk inc flu hosp,3,2025-06-21,48,quantile,0.75,104.24893135701316
distributional_gaussian_nll_joint_base_no_donors_wastewaterscan_lags124_revised_visualization,2025-05-31,wk inc flu hosp,3,2025-06-21,48,quantile,0.95,296.84154047037805
distributional_gaussian_nll_joint_base_no_donors_wastewaterscan_lags124_revised_visualization,2025-06-07,wk inc flu hosp,0,2025-06-07,48,quantile,0.05,31.045261458863777
distributional_gaussian_nll_joint_base_no_donors_wastewaterscan_lags124_revised_visualization,2025-06-07,wk inc flu hosp,0,2025-06-07,48,quantile,0.25,60.893741037461815
distributional_gaussian_nll_joint_base_no_donors_wastewaterscan_lags124_revised_visualization,2025-06-07,wk inc flu hosp,0,2025-06-07,48,quantile,0.5,96.80617866173252
distributional_gaussian_nll_joint_base_no_donors_wastewaterscan_lags124_revised_visualization,2025-06-07,wk inc flu hosp,0,2025-06-07,48,quantile,0.75,152.54802646120052
distributional_gaussian_nll_joint_base_no_donors_wastewaterscan_lags124_revised_visualization,2025-06-07,wk inc flu hosp,0,2025-06-07,48,quantile,0.95,297.53470503919334
distributional_gaussian_nll_joint_base_no_donors_wastewaterscan_lags124_revised_visualization,2025-06-07,wk inc flu hosp,1,2025-06-14,48,quantile,0.05,20.33651771392349
distributional_gaussian_nll_joint_base_no_donors_wastewaterscan_lags124_revised_visualization,2025-06-07,wk inc flu hosp,1,2025-06-14,48,quantile,0.25,47.7125698845733
distributional_gaussian_nll_joint_base_no_donors_wastewaterscan_lags124_revised_visualization,2025-06-07,wk inc flu hosp,1,2025-06-14,48,quantile,0.5,84.10171372434684
distributional_gaussian_nll_joint_base_no_donors_wastewaterscan_lags124_revised_visualization,2025-06-07,wk inc flu hosp,1,2025-06-14,48,quantile,0.75,139.2093302982007
distributional_gaussian_nll_joint_base_no_donors_wastewaterscan_lags124_revised_visualization,2025-06-07,wk inc flu hosp,1,2025-06-14,48,quantile,0.95,310.1426483023315
distributional_gaussian_nll_joint_base_no_donors_wastewaterscan_lags124_revised_visualization,2025-06-07,wk inc flu hosp,2,2025-06-21,48,quantile,0.05,12.446216260464958
distributional_gaussian_nll_joint_base_no_donors_wastewaterscan_lags124_revised_visualization,2025-06-07,wk inc flu hosp,2,2025-06-21,48,quantile,0.25,34.20436302449529
distributional_gaussian_nll_joint_base_no_donors_wastewaterscan_lags124_revised_visualization,2025-06-07,wk inc flu hosp,2,2025-06-21,48,quantile,0.5,65.19629896917924
distributional_gaussian_nll_joint_base_no_donors_wastewaterscan_lags124_revised_visualization,2025-06-07,wk inc flu hosp,2,2025-06-21,48,quantile,0.75,127.21171994438942
distributional_gaussian_nll_joint_base_no_donors_wastewaterscan_lags124_revised_visualization,2025-06-07,wk inc flu hosp,2,2025-06-21,48,quantile,0.95,339.394749763916
distributional_gaussian_nll_joint_base_no_donors_wastewaterscan_lags124_revised_visualization,2025-06-07,wk inc flu hosp,3,2025-06-28,48,quantile,0.05,9.19350686702204
distributional_gaussian_nll_joint_base_no_donors_wastewaterscan_lags124_revised_visualization,2025-06-07,wk inc flu hosp,3,2025-06-28,48,quantile,0.25,27.586101715989606
distributional_gaussian_nll_joint_base_no_donors_wastewaterscan_lags124_revised_visualization,2025-06-07,wk inc flu hosp,3,2025-06-28,48,quantile,0.5,55.66730073792475
distributional_gaussian_nll_joint_base_no_donors_wastewaterscan_lags124_revised_visualization,2025-06-07,wk inc flu hosp,3,2025-06-28,48,quantile,0.75,116.05112048771764
distributional_gaussian_nll_joint_base_no_donors_wastewaterscan_lags124_revised_visualization,2025-06-07,wk inc flu hosp,3,2025-06-28,48,quantile,0.95,319.27848109015224
distributional_gaussian_nll_joint_base_no_donors_wastewaterscan_lags124_revised_visualization,2025-06-14,wk inc flu hosp,0,2025-06-14,48,quantile,0.05,21.58343221303492
distributional_gaussian_nll_joint_base_no_donors_wastewaterscan_lags124_revised_visualization,2025-06-14,wk inc flu hosp,0,2025-06-14,48,quantile,0.25,49.2910592399252
distributional_gaussian_nll_joint_base_no_donors_wastewaterscan_lags124_revised_visualization,2025-06-14,wk inc flu hosp,0,2025-06-14,48,quantile,0.5,87.62617335251565
distributional_gaussian_nll_joint_base_no_donors_wastewaterscan_lags124_revised_visualization,2025-06-14,wk inc flu hosp,0,2025-06-14,48,quantile,0.75,157.32445751882443
distributional_gaussian_nll_joint_base_no_donors_wastewaterscan_lags124_revised_visualization,2025-06-14,wk inc flu hosp,0,2025-06-14,48,quantile,0.95,370.2835300330741
distributional_gaussian_nll_joint_base_no_donors_wastewaterscan_lags124_revised_visualization,2025-06-14,wk inc flu hosp,1,2025-06-21,48,quantile,0.05,15.069087114186942
distributional_gaussian_nll_joint_base_no_donors_wastewaterscan_lags124_revised_visualization,2025-06-14,wk inc flu hosp,1,2025-06-21,48,quantile,0.25,39.42539345205469
distributional_gaussian_nll_joint_base_no_donors_wastewaterscan_lags124_revised_visualization,2025-06-14,wk inc flu hosp,1,2025-06-21,48,quantile,0.5,75.86557438458291
distributional_gaussian_nll_joint_base_no_donors_wastewaterscan_lags124_revised_visualization,2025-06-14,wk inc flu hosp,1,2025-06-21,48,quantile,0.75,143.45556501777048
distributional_gaussian_nll_joint_base_no_donors_wastewaterscan_lags124_revised_visualization,2025-06-14,wk inc flu hosp,1,2025-06-21,48,quantile,0.95,389.86113427397015
distributional_gaussian_nll_joint_base_no_donors_wastewaterscan_lags124_revised_visualization,2025-06-14,wk inc flu hosp,2,2025-06-28,48,quantile,0.05,9.776045347093412
distributional_gaussian_nll_joint_base_no_donors_wastewaterscan_lags124_revised_visualization,2025-06-14,wk inc flu hosp,2,2025-06-28,48,quantile,0.25,30.22620146221049
distributional_gaussian_nll_joint_base_no_donors_wastewaterscan_lags124_revised_visualization,2025-06-14,wk inc flu hosp,2,2025-06-28,48,quantile,0.5,63.88676526644152
distributional_gaussian_nll_joint_base_no_donors_wastewaterscan_lags124_revised_visualization,2025-06-14,wk inc flu hosp,2,2025-06-28,48,quantile,0.75,135.1121640394085
distributional_gaussian_nll_joint_base_no_donors_wastewaterscan_lags124_revised_visualization,2025-06-14,wk inc flu hosp,2,2025-06-28,48,quantile,0.95,402.05135067198296
distributional_gaussian_nll_joint_base_no_donors_wastewaterscan_lags124_revised_visualization,2025-06-14,wk inc flu hosp,3,2025-07-05,48,quantile,0.05,7.545331834032327
distributional_gaussian_nll_joint_base_no_donors_wastewaterscan_lags124_revised_visualization,2025-06-14,wk inc flu hosp,3,2025-07-05,48,quantile,0.25,25.61848981349372
distributional_gaussian_nll_joint_base_no_donors_wastewaterscan_lags124_revised_visualization,2025-06-14,wk inc flu hosp,3,2025-07-05,48,quantile,0.5,57.63841658343304
distributional_gaussian_nll_joint_base_no_donors_wastewaterscan_lags124_revised_visualization,2025-06-14,wk inc flu hosp,3,2025-07-05,48,quantile,0.75,123.73315045534692
distributional_gaussian_nll_joint_base_no_donors_wastewaterscan_lags124_revised_visualization,2025-06-14,wk inc flu hosp,3,2025-07-05,48,quantile,0.95,399.2752560136504
distributional_gaussian_nll_joint_base_no_donors_wastewaterscan_lags124_revised_visualization,2025-06-21,wk inc flu hosp,0,2025-06-21,48,quantile,0.05,20.38303778424639
distributional_gaussian_nll_joint_base_no_donors_wastewaterscan_lags124_revised_visualization,2025-06-21,wk inc flu hosp,0,2025-06-21,48,quantile,0.25,47.35714941368229
distributional_gaussian_nll_joint_base_no_donors_wastewaterscan_lags124_revised_visualization,2025-06-21,wk inc flu hosp,0,2025-06-21,48,quantile,0.5,82.21132074506565
distributional_gaussian_nll_joint_base_no_donors_wastewaterscan_lags124_revised_visualization,2025-06-21,wk inc flu hosp,0,2025-06-21,48,quantile,0.75,142.591278144939
distributional_gaussian_nll_joint_base_no_donors_wastewaterscan_lags124_revised_visualization,2025-06-21,wk inc flu hosp,0,2025-06-21,48,quantile,0.95,306.2023976799376
distributional_gaussian_nll_joint_base_no_donors_wastewaterscan_lags124_revised_visualization,2025-06-21,wk inc flu hosp,1,2025-06-28,48,quantile,0.05,12.997340368649583
distributional_gaussian_nll_joint_base_no_donors_wastewaterscan_lags124_revised_visualization,2025-06-21,wk inc flu hosp,1,2025-06-28,48,quantile,0.25,34.289810146280004
distributional_gaussian_nll_joint_base_no_donors_wastewaterscan_lags124_revised_visualization,2025-06-21,wk inc flu hosp,1,2025-06-28,48,quantile,0.5,66.95785458366437
distributional_gaussian_nll_joint_base_no_donors_wastewaterscan_lags124_revised_visualization,2025-06-21,wk inc flu hosp,1,2025-06-28,48,quantile,0.75,125.32294111287976
distributional_gaussian_nll_joint_base_no_donors_wastewaterscan_lags124_revised_visualization,2025-06-21,wk inc flu hosp,1,2025-06-28,48,quantile,0.95,323.0682814388374
distributional_gaussian_nll_joint_base_no_donors_wastewaterscan_lags124_revised_visualization,2025-06-21,wk inc flu hosp,2,2025-07-05,48,quantile,0.05,8.721057858956543
distributional_gaussian_nll_joint_base_no_donors_wastewaterscan_lags124_revised_visualization,2025-06-21,wk inc flu hosp,2,2025-07-05,48,quantile,0.25,26.21094324514354
distributional_gaussian_nll_joint_base_no_donors_wastewaterscan_lags124_revised_visualization,2025-06-21,wk inc flu hosp,2,2025-07-05,48,quantile,0.5,55.32101372739144
distributional_gaussian_nll_joint_base_no_donors_wastewaterscan_lags124_revised_visualization,2025-06-21,wk inc flu hosp,2,2025-07-05,48,quantile,0.75,118.9857885725479
distributional_gaussian_nll_joint_base_no_donors_wastewaterscan_lags124_revised_visualization,2025-06-21,wk inc flu hosp,2,2025-07-05,48,quantile,0.95,368.8306770357162
distributional_gaussian_nll_joint_base_no_donors_wastewaterscan_lags124_revised_visualization,2025-06-21,wk inc flu hosp,3,2025-07-12,48,quantile,0.05,6.78669741617419
distributional_gaussian_nll_joint_base_no_donors_wastewaterscan_lags124_revised_visualization,2025-06-21,wk inc flu hosp,3,2025-07-12,48,quantile,0.25,22.87931338634284
distributional_gaussian_nll_joint_base_no_donors_wastewaterscan_lags124_revised_visualization,2025-06-21,wk inc flu hosp,3,2025-07-12,48,quantile,0.5,51.06023821025356
distributional_gaussian_nll_joint_base_no_donors_wastewaterscan_lags124_revised_visualization,2025-06-21,wk inc flu hosp,3,2025-07-12,48,quantile,0.75,110.24721818258786
distributional_gaussian_nll_joint_base_no_donors_wastewaterscan_lags124_revised_visualization,2025-06-21,wk inc flu hosp,3,2025-07-12,48,quantile,0.95,351.78025901487945
distributional_gaussian_nll_joint_base_no_donors_wastewaterscan_lags124_revised_visualization,2025-06-28,wk inc flu hosp,0,2025-06-28,48,quantile,0.05,22.6455231735018
distributional_gaussian_nll_joint_base_no_donors_wastewaterscan_lags124_revised_visualization,2025-06-28,wk inc flu hosp,0,2025-06-28,48,quantile,0.25,49.48729048077721
distributional_gaussian_nll_joint_base_no_donors_wastewaterscan_lags124_revised_visualization,2025-06-28,wk inc flu hosp,0,2025-06-28,48,quantile,0.5,81.3151125785291
distributional_gaussian_nll_joint_base_no_donors_wastewaterscan_lags124_revised_visualization,2025-06-28,wk inc flu hosp,0,2025-06-28,48,quantile,0.75,133.19328190982077
distributional_gaussian_nll_joint_base_no_donors_wastewaterscan_lags124_revised_visualization,2025-06-28,wk inc flu hosp,0,2025-06-28,48,quantile,0.95,290.37160903622896
distributional_gaussian_nll_joint_base_no_donors_wastewaterscan_lags124_revised_visualization,2025-06-28,wk inc flu hosp,1,2025-07-05,48,quantile,0.05,15.98202609655639
distributional_gaussian_nll_joint_base_no_donors_wastewaterscan_lags124_revised_visualization,2025-06-28,wk inc flu hosp,1,2025-07-05,48,quantile,0.25,39.08627650785941
distributional_gaussian_nll_joint_base_no_donors_wastewaterscan_lags124_revised_visualization,2025-06-28,wk inc flu hosp,1,2025-07-05,48,quantile,0.5,71.7243393860721
distributional_gaussian_nll_joint_base_no_donors_wastewaterscan_lags124_revised_visualization,2025-06-28,wk inc flu hosp,1,2025-07-05,48,quantile,0.75,123.73605643505752
distributional_gaussian_nll_joint_base_no_donors_wastewaterscan_lags124_revised_visualization,2025-06-28,wk inc flu hosp,1,2025-07-05,48,quantile,0.95,289.6449516069225
distributional_gaussian_nll_joint_base_no_donors_wastewaterscan_lags124_revised_visualization,2025-06-28,wk inc flu hosp,2,2025-07-12,48,quantile,0.05,11.124124544805902
distributional_gaussian_nll_joint_base_no_donors_wastewaterscan_lags124_revised_visualization,2025-06-28,wk inc flu hosp,2,2025-07-12,48,quantile,0.25,30.52801970192846
distributional_gaussian_nll_joint_base_no_donors_wastewaterscan_lags124_revised_visualization,2025-06-28,wk inc flu hosp,2,2025-07-12,48,quantile,0.5,59.28972782426485
distributional_gaussian_nll_joint_base_no_donors_wastewaterscan_lags124_revised_visualization,2025-06-28,wk inc flu hosp,2,2025-07-12,48,quantile,0.75,112.03863921513668
distributional_gaussian_nll_joint_base_no_donors_wastewaterscan_lags124_revised_visualization,2025-06-28,wk inc flu hosp,2,2025-07-12,48,quantile,0.95,302.9678021518256
distributional_gaussian_nll_joint_base_no_donors_wastewaterscan_lags124_revised_visualization,2025-06-28,wk inc flu hosp,3,2025-07-19,48,quantile,0.05,8.463121945588798
distributional_gaussian_nll_joint_base_no_donors_wastewaterscan_lags124_revised_visualization,2025-06-28,wk inc flu hosp,3,2025-07-19,48,quantile,0.25,25.967969877125697
distributional_gaussian_nll_joint_base_no_donors_wastewaterscan_lags124_revised_visualization,2025-06-28,wk inc flu hosp,3,2025-07-19,48,quantile,0.5,52.59666954265785
distributional_gaussian_nll_joint_base_no_donors_wastewaterscan_lags124_revised_visualization,2025-06-28,wk inc flu hosp,3,2025-07-19,48,quantile,0.75,106.34838856054267
distributional_gaussian_nll_joint_base_no_donors_wastewaterscan_lags124_revised_visualization,2025-06-28,wk inc flu hosp,3,2025-07-19,48,quantile,0.95,300.22118801557133
distributional_gaussian_nll_joint_base_no_donors_wastewaterscan_lags124_revised_visualization,2025-07-05,wk inc flu hosp,0,2025-07-05,48,quantile,0.05,16.810671375680972
distributional_gaussian_nll_joint_base_no_donors_wastewaterscan_lags124_revised_visualization,2025-07-05,wk inc flu hosp,0,2025-07-05,48,quantile,0.25,39.844789532244754
distributional_gaussian_nll_joint_base_no_donors_wastewaterscan_lags124_revised_visualization,2025-07-05,wk inc flu hosp,0,2025-07-05,48,quantile,0.5,69.57949867758015
distributional_gaussian_nll_joint_base_no_donors_wastewaterscan_lags124_revised_visualization,2025-07-05,wk inc flu hosp,0,2025-07-05,48,quantile,0.75,118.58386190855296
distributional_gaussian_nll_joint_base_no_donors_wastewaterscan_lags124_revised_visualization,2025-07-05,wk inc flu hosp,0,2025-07-05,48,quantile,0.95,258.34205453480354
distributional_gaussian_nll_joint_base_no_donors_wastewaterscan_lags124_revised_visualization,2025-07-05,wk inc flu hosp,1,2025-07-12,48,quantile,0.05,12.618845137113771
distributional_gaussian_nll_joint_base_no_donors_wastewaterscan_lags124_revised_visualization,2025-07-05,wk inc flu hosp,1,2025-07-12,48,quantile,0.25,33.12802651236272
distributional_gaussian_nll_joint_base_no_donors_wastewaterscan_lags124_revised_visualization,2025-07-05,wk inc flu hosp,1,2025-07-12,48,quantile,0.5,61.24941134443508
distributional_gaussian_nll_joint_base_no_donors_wastewaterscan_lags124_revised_visualization,2025-07-05,wk inc flu hosp,1,2025-07-12,48,quantile,0.75,113.83027884040578
distributional_gaussian_nll_joint_base_no_donors_wastewaterscan_lags124_revised_visualization,2025-07-05,wk inc flu hosp,1,2025-07-12,48,quantile,0.95,264.5682200356466
distributional_gaussian_nll_joint_base_no_donors_wastewaterscan_lags124_revised_visualization,2025-07-05,wk inc flu hosp,2,2025-07-19,48,quantile,0.05,8.379256378868476
distributional_gaussian_nll_joint_base_no_donors_wastewaterscan_lags124_revised_visualization,2025-07-05,wk inc flu hosp,2,2025-07-19,48,quantile,0.25,25.679279570283025
distributional_gaussian_nll_joint_base_no_donors_wastewaterscan_lags124_revised_visualization,2025-07-05,wk inc flu hosp,2,2025-07-19,48,quantile,0.5,53.6223602750501
distributional_gaussian_nll_joint_base_no_donors_wastewaterscan_lags124_revised_visualization,2025-07-05,wk inc flu hosp,2,2025-07-19,48,quantile,0.75,110.8829093207168
distributional_gaussian_nll_joint_base_no_donors_wastewaterscan_lags124_revised_visualization,2025-07-05,wk inc flu hosp,2,2025-07-19,48,quantile,0.95,294.3735431658922
distributional_gaussian_nll_joint_base_no_donors_wastewaterscan_lags124_revised_visualization,2025-07-05,wk inc flu hosp,3,2025-07-26,48,quantile,0.05,6.688541800058401
distributional_gaussian_nll_joint_base_no_donors_wastewaterscan_lags124_revised_visualization,2025-07-05,wk inc flu hosp,3,2025-07-26,48,quantile,0.25,22.31294539955589
distributional_gaussian_nll_joint_base_no_donors_wastewaterscan_lags124_revised_visualization,2025-07-05,wk inc flu hosp,3,2025-07-26,48,quantile,0.5,48.045618603548895
distributional_gaussian_nll_joint_base_no_donors_wastewaterscan_lags124_revised_visualization,2025-07-05,wk inc flu hosp,3,2025-07-26,48,quantile,0.75,102.331634521718
distributional_gaussian_nll_joint_base_no_donors_wastewaterscan_lags124_revised_visualization,2025-07-05,wk inc flu hosp,3,2025-07-26,48,quantile,0.95,302.46544653434376
distributional_gaussian_nll_joint_base_no_donors_wastewaterscan_lags124_revised_visualization,2025-07-12,wk inc flu hosp,0,2025-07-12,48,quantile,0.05,14.251936478305344
distributional_gaussian_nll_joint_base_no_donors_wastewaterscan_lags124_revised_visualization,2025-07-12,wk inc flu hosp,0,2025-07-12,48,quantile,0.25,30.820098634564637
distributional_gaussian_nll_joint_base_no_donors_wastewaterscan_lags124_revised_visualization,2025-07-12,wk inc flu hosp,0,2025-07-12,48,quantile,0.5,54.35215142720808
distributional_gaussian_nll_joint_base_no_donors_wastewaterscan_lags124_revised_visualization,2025-07-12,wk inc flu hosp,0,2025-07-12,48,quantile,0.75,91.8943827635862
distributional_gaussian_nll_joint_base_no_donors_wastewaterscan_lags124_revised_visualization,2025-07-12,wk inc flu hosp,0,2025-07-12,48,quantile,0.95,191.55193258285877
distributional_gaussian_nll_joint_base_no_donors_wastewaterscan_lags124_revised_visualization,2025-07-12,wk inc flu hosp,1,2025-07-19,48,quantile,0.05,10.733520216106037
distributional_gaussian_nll_joint_base_no_donors_wastewaterscan_lags124_revised_visualization,2025-07-12,wk inc flu hosp,1,2025-07-19,48,quantile,0.25,26.667149080960986
distributional_gaussian_nll_joint_base_no_donors_wastewaterscan_lags124_revised_visualization,2025-07-12,wk inc flu hosp,1,2025-07-19,48,quantile,0.5,49.74143844228662
distributional_gaussian_nll_joint_base_no_donors_wastewaterscan_lags124_revised_visualization,2025-07-12,wk inc flu hosp,1,2025-07-19,48,quantile,0.75,90.0642407865887
distributional_gaussian_nll_joint_base_no_donors_wastewaterscan_lags124_revised_visualization,2025-07-12,wk inc flu hosp,1,2025-07-19,48,quantile,0.95,207.67877402051252
distributional_gaussian_nll_joint_base_no_donors_wastewaterscan_lags124_revised_visualization,2025-07-12,wk inc flu hosp,2,2025-07-26,48,quantile,0.05,8.137780612369646
distributional_gaussian_nll_joint_base_no_donors_wastewaterscan_lags124_revised_visualization,2025-07-12,wk inc flu hosp,2,2025-07-26,48,quantile,0.25,23.02694457689481
distributional_gaussian_nll_joint_base_no_donors_wastewaterscan_lags124_revised_visualization,2025-07-12,wk inc flu hosp,2,2025-07-26,48,quantile,0.5,44.86498590980661
distributional_gaussian_nll_joint_base_no_donors_wastewaterscan_lags124_revised_visualization,2025-07-12,wk inc flu hosp,2,2025-07-26,48,quantile,0.75,93.32928757975424
distributional_gaussian_nll_joint_base_no_donors_wastewaterscan_lags124_revised_visualization,2025-07-12,wk inc flu hosp,2,2025-07-26,48,quantile,0.95,242.71804977671505
distributional_gaussian_nll_joint_base_no_donors_wastewaterscan_lags124_revised_visualization,2025-07-12,wk inc flu hosp,3,2025-08-02,48,quantile,0.05,6.462394809754811
distributional_gaussian_nll_joint_base_no_donors_wastewaterscan_lags124_revised_visualization,2025-07-12,wk inc flu hosp,3,2025-08-02,48,quantile,0.25,19.68850345271464
distributional_gaussian_nll_joint_base_no_donors_wastewaterscan_lags124_revised_visualization,2025-07-12,wk inc flu hosp,3,2025-08-02,48,quantile,0.5,41.71623849635152
distributional_gaussian_nll_joint_base_no_donors_wastewaterscan_lags124_revised_visualization,2025-07-12,wk inc flu hosp,3,2025-08-02,48,quantile,0.75,86.52329451728482
distributional_gaussian_nll_joint_base_no_donors_wastewaterscan_lags124_revised_visualization,2025-07-12,wk inc flu hosp,3,2025-08-02,48,quantile,0.95,239.1314196109712
distributional_gaussian_nll_joint_base_no_donors_wastewaterscan_lags124_revised_visualization,2025-07-19,wk inc flu hosp,0,2025-07-19,48,quantile,0.05,16.006024313421378
distributional_gaussian_nll_joint_base_no_donors_wastewaterscan_lags124_revised_visualization,2025-07-19,wk inc flu hosp,0,2025-07-19,48,quantile,0.25,33.738040060567926
distributional_gaussian_nll_joint_base_no_donors_wastewaterscan_lags124_revised_visualization,2025-07-19,wk inc flu hosp,0,2025-07-19,48,quantile,0.5,59.48752445819676
distributional_gaussian_nll_joint_base_no_donors_wastewaterscan_lags124_revised_visualization,2025-07-19,wk inc flu hosp,0,2025-07-19,48,quantile,0.75,100.35628281165847
distributional_gaussian_nll_joint_base_no_donors_wastewaterscan_lags124_revised_visualization,2025-07-19,wk inc flu hosp,0,2025-07-19,48,quantile,0.95,205.345364283716
distributional_gaussian_nll_joint_base_no_donors_wastewaterscan_lags124_revised_visualization,2025-07-19,wk inc flu hosp,1,2025-07-26,48,quantile,0.05,12.010816790173967
distributional_gaussian_nll_joint_base_no_donors_wastewaterscan_lags124_revised_visualization,2025-07-19,wk inc flu hosp,1,2025-07-26,48,quantile,0.25,29.276494986600184
distributional_gaussian_nll_joint_base_no_donors_wastewaterscan_lags124_revised_visualization,2025-07-19,wk inc flu hosp,1,2025-07-26,48,quantile,0.5,54.55245964770756
distributional_gaussian_nll_joint_base_no_donors_wastewaterscan_lags124_revised_visualization,2025-07-19,wk inc flu hosp,1,2025-07-26,48,quantile,0.75,100.69486552289057
distributional_gaussian_nll_joint_base_no_donors_wastewaterscan_lags124_revised_visualization,2025-07-19,wk inc flu hosp,1,2025-07-26,48,quantile,0.95,237.88827521163432
distributional_gaussian_nll_joint_base_no_donors_wastewaterscan_lags124_revised_visualization,2025-07-19,wk inc flu hosp,2,2025-08-02,48,quantile,0.05,9.004940851139242
distributional_gaussian_nll_joint_base_no_donors_wastewaterscan_lags124_revised_visualization,2025-07-19,wk inc flu hosp,2,2025-08-02,48,quantile,0.25,25.59231290768043
distributional_gaussian_nll_joint_base_no_donors_wastewaterscan_lags124_revised_visualization,2025-07-19,wk inc flu hosp,2,2025-08-02,48,quantile,0.5,52.869146144114815
distributional_gaussian_nll_joint_base_no_donors_wastewaterscan_lags124_revised_visualization,2025-07-19,wk inc flu hosp,2,2025-08-02,48,quantile,0.75,107.13134776533778
distributional_gaussian_nll_joint_base_no_donors_wastewaterscan_lags124_revised_visualization,2025-07-19,wk inc flu hosp,2,2025-08-02,48,quantile,0.95,290.9125780249759
distributional_gaussian_nll_joint_base_no_donors_wastewaterscan_lags124_revised_visualization,2025-07-19,wk inc flu hosp,3,2025-08-09,48,quantile,0.05,7.52888044544164
distributional_gaussian_nll_joint_base_no_donors_wastewaterscan_lags124_revised_visualization,2025-07-19,wk inc flu hosp,3,2025-08-09,48,quantile,0.25,23.127620786831127
distributional_gaussian_nll_joint_base_no_donors_wastewaterscan_lags124_revised_visualization,2025-07-19,wk inc flu hosp,3,2025-08-09,48,quantile,0.5,49.295151700446254
distributional_gaussian_nll_joint_base_no_donors_wastewaterscan_lags124_revised_visualization,2025-07-19,wk inc flu hosp,3,2025-08-09,48,quantile,0.75,105.5617384206846
distributional_gaussian_nll_joint_base_no_donors_wastewaterscan_lags124_revised_visualization,2025-07-19,wk inc flu hosp,3,2025-08-09,48,quantile,0.95,297.83915822746434
distributional_gaussian_nll_joint_base_no_donors_wastewaterscan_lags124_revised_visualization,2025-07-26,wk inc flu hosp,0,2025-07-26,48,quantile,0.05,24.678488359490693
distributional_gaussian_nll_joint_base_no_donors_wastewaterscan_lags124_revised_visualization,2025-07-26,wk inc flu hosp,0,2025-07-26,48,quantile,0.25,51.04215051878936
distributional_gaussian_nll_joint_base_no_donors_wastewaterscan_lags124_revised_visualization,2025-07-26,wk inc flu hosp,0,2025-07-26,48,quantile,0.5,83.78726531322368
distributional_gaussian_nll_joint_base_no_donors_wastewaterscan_lags124_revised_visualization,2025-07-26,wk inc flu hosp,0,2025-07-26,48,quantile,0.75,134.33121371696683
distributional_gaussian_nll_joint_base_no_donors_wastewaterscan_lags124_revised_visualization,2025-07-26,wk inc flu hosp,0,2025-07-26,48,quantile,0.95,266.68349571167545
distributional_gaussian_nll_joint_base_no_donors_wastewaterscan_lags124_revised_visualization,2025-07-26,wk inc flu hosp,1,2025-08-02,48,quantile,0.05,20.27063599681009
distributional_gaussian_nll_joint_base_no_donors_wastewaterscan_lags124_revised_visualization,2025-07-26,wk inc flu hosp,1,2025-08-02,48,quantile,0.25,46.38888805630212
distributional_gaussian_nll_joint_base_no_donors_wastewaterscan_lags124_revised_visualization,2025-07-26,wk inc flu hosp,1,2025-08-02,48,quantile,0.5,83.08882024822597
distributional_gaussian_nll_joint_base_no_donors_wastewaterscan_lags124_revised_visualization,2025-07-26,wk inc flu hosp,1,2025-08-02,48,quantile,0.75,139.50265655755155
distributional_gaussian_nll_joint_base_no_donors_wastewaterscan_lags124_revised_visualization,2025-07-26,wk inc flu hosp,1,2025-08-02,48,quantile,0.95,320.24859130272336
distributional_gaussian_nll_joint_base_no_donors_wastewaterscan_lags124_revised_visualization,2025-07-26,wk inc flu hosp,2,2025-08-09,48,quantile,0.05,16.024906952010454
distributional_gaussian_nll_joint_base_no_donors_wastewaterscan_lags124_revised_visualization,2025-07-26,wk inc flu hosp,2,2025-08-09,48,quantile,0.25,42.18000246242163
distributional_gaussian_nll_joint_base_no_donors_wastewaterscan_lags124_revised_visualization,2025-07-26,wk inc flu hosp,2,2025-08-09,48,quantile,0.5,79.73609395532783
distributional_gaussian_nll_joint_base_no_donors_wastewaterscan_lags124_revised_visualization,2025-07-26,wk inc flu hosp,2,2025-08-09,48,quantile,0.75,149.26734734547645
distributional_gaussian_nll_joint_base_no_donors_wastewaterscan_lags124_revised_visualization,2025-07-26,wk inc flu hosp,2,2025-08-09,48,quantile,0.95,373.4731333456115
distributional_gaussian_nll_joint_base_no_donors_wastewaterscan_lags124_revised_visualization,2025-07-26,wk inc flu hosp,3,2025-08-16,48,quantile,0.05,13.770349033874542
distributional_gaussian_nll_joint_base_no_donors_wastewaterscan_lags124_revised_visualization,2025-07-26,wk inc flu hosp,3,2025-08-16,48,quantile,0.25,39.45339363518559
distributional_gaussian_nll_joint_base_no_donors_wastewaterscan_lags124_revised_visualization,2025-07-26,wk inc flu hosp,3,2025-08-16,48,quantile,0.5,76.88277951471494
distributional_gaussian_nll_joint_base_no_donors_wastewaterscan_lags124_revised_visualization,2025-07-26,wk inc flu hosp,3,2025-08-16,48,quantile,0.75,150.62470264639325
distributional_gaussian_nll_joint_base_no_donors_wastewaterscan_lags124_revised_visualization,2025-07-26,wk inc flu hosp,3,2025-08-16,48,quantile,0.95,396.4213924298091
distributional_gaussian_nll_joint_base_no_donors_wastewaterscan_lags124_revised_visualization,2025-08-02,wk inc flu hosp,0,2025-08-02,48,quantile,0.05,21.968897412513197
distributional_gaussian_nll_joint_base_no_donors_wastewaterscan_lags124_revised_visualization,2025-08-02,wk inc flu hosp,0,2025-08-02,48,quantile,0.25,44.17892814127509
distributional_gaussian_nll_joint_base_no_donors_wastewaterscan_lags124_revised_visualization,2025-08-02,wk inc flu hosp,0,2025-08-02,48,quantile,0.5,69.37539265043623
distributional_gaussian_nll_joint_base_no_donors_wastewaterscan_lags124_revised_visualization,2025-08-02,wk inc flu hosp,0,2025-08-02,48,quantile,0.75,110.98321446155056
distributional_gaussian_nll_joint_base_no_donors_wastewaterscan_lags124_revised_visualization,2025-08-02,wk inc flu hosp,0,2025-08-02,48,quantile,0.95,218.06398175489025
distributional_gaussian_nll_joint_base_no_donors_wastewaterscan_lags124_revised_visualization,2025-08-02,wk inc flu hosp,1,2025-08-09,48,quantile,0.05,18.302148055542588
distributional_gaussian_nll_joint_base_no_donors_wastewaterscan_lags124_revised_visualization,2025-08-02,wk inc flu hosp,1,2025-08-09,48,quantile,0.25,40.72012593418374
distributional_gaussian_nll_joint_base_no_donors_wastewaterscan_lags124_revised_visualization,2025-08-02,wk inc flu hosp,1,2025-08-09,48,quantile,0.5,69.63171853097538
distributional_gaussian_nll_joint_base_no_donors_wastewaterscan_lags124_revised_visualization,2025-08-02,wk inc flu hosp,1,2025-08-09,48,quantile,0.75,120.09416840143548
distributional_gaussian_nll_joint_base_no_donors_wastewaterscan_lags124_revised_visualization,2025-08-02,wk inc flu hosp,1,2025-08-09,48,quantile,0.95,263.9040648881244
distributional_gaussian_nll_joint_base_no_donors_wastewaterscan_lags124_revised_visualization,2025-08-02,wk inc flu hosp,2,2025-08-16,48,quantile,0.05,14.675875949574268
distributional_gaussian_nll_joint_base_no_donors_wastewaterscan_lags124_revised_visualization,2025-08-02,wk inc flu hosp,2,2025-08-16,48,quantile,0.25,37.23406162401355
distributional_gaussian_nll_joint_base_no_donors_wastewaterscan_lags124_revised_visualization,2025-08-02,wk inc flu hosp,2,2025-08-16,48,quantile,0.5,71.4022881628137
distributional_gaussian_nll_joint_base_no_donors_wastewaterscan_lags124_revised_visualization,2025-08-02,wk inc flu hosp,2,2025-08-16,48,quantile,0.75,130.80040711847158
distributional_gaussian_nll_joint_base_no_donors_wastewaterscan_lags124_revised_visualization,2025-08-02,wk inc flu hosp,2,2025-08-16,48,quantile,0.95,332.76681607192324
distributional_gaussian_nll_joint_base_no_donors_wastewaterscan_lags124_revised_visualization,2025-08-02,wk inc flu hosp,3,2025-08-23,48,quantile,0.05,14.851292746511463
distributional_gaussian_nll_joint_base_no_donors_wastewaterscan_lags124_revised_visualization,2025-08-02,wk inc flu hosp,3,2025-08-23,48,quantile,0.25,38.33142151539268
distributional_gaussian_nll_joint_base_no_donors_wastewaterscan_lags124_revised_visualization,2025-08-02,wk inc flu hosp,3,2025-08-23,48,quantile,0.5,76.48682957538678
distributional_gaussian_nll_joint_base_no_donors_wastewaterscan_lags124_revised_visualization,2025-08-02,wk inc flu hosp,3,2025-08-23,48,quantile,0.75,148.91299745422197
distributional_gaussian_nll_joint_base_no_donors_wastewaterscan_lags124_revised_visualization,2025-08-02,wk inc flu hosp,3,2025-08-23,48,quantile,0.95,390.4674916645604
distributional_gaussian_nll_joint_base_no_donors_wastewaterscan_lags124_revised_visualization,2025-08-09,wk inc flu hosp,0,2025-08-09,48,quantile,0.05,26.65095124908548
distributional_gaussian_nll_joint_base_no_donors_wastewaterscan_lags124_revised_visualization,2025-08-09,wk inc flu hosp,0,2025-08-09,48,quantile,0.25,51.42863070125264
distributional_gaussian_nll_joint_base_no_donors_wastewaterscan_lags124_revised_visualization,2025-08-09,wk inc flu hosp,0,2025-08-09,48,quantile,0.5,82.56797868169392
distributional_gaussian_nll_joint_base_no_donors_wastewaterscan_lags124_revised_visualization,2025-08-09,wk inc flu hosp,0,2025-08-09,48,quantile,0.75,127.34588779387428
distributional_gaussian_nll_joint_base_no_donors_wastewaterscan_lags124_revised_visualization,2025-08-09,wk inc flu hosp,0,2025-08-09,48,quantile,0.95,245.04947814867532
distributional_gaussian_nll_joint_base_no_donors_wastewaterscan_lags124_revised_visualization,2025-08-09,wk inc flu hosp,1,2025-08-16,48,quantile,0.05,20.65078607981676
distributional_gaussian_nll_joint_base_no_donors_wastewaterscan_lags124_revised_visualization,2025-08-09,wk inc flu hosp,1,2025-08-16,48,quantile,0.25,47.8522434343523
distributional_gaussian_nll_joint_base_no_donors_wastewaterscan_lags124_revised_visualization,2025-08-09,wk inc flu hosp,1,2025-08-16,48,quantile,0.5,82.67171026691481
distributional_gaussian_nll_joint_base_no_donors_wastewaterscan_lags124_revised_visualization,2025-08-09,wk inc flu hosp,1,2025-08-16,48,quantile,0.75,139.81177885264125
distributional_gaussian_nll_joint_base_no_donors_wastewaterscan_lags124_revised_visualization,2025-08-09,wk inc flu hosp,1,2025-08-16,48,quantile,0.95,299.1190806078332
distributional_gaussian_nll_joint_base_no_donors_wastewaterscan_lags124_revised_visualization,2025-08-09,wk inc flu hosp,2,2025-08-23,48,quantile,0.05,17.352813961107728
distributional_gaussian_nll_joint_base_no_donors_wastewaterscan_lags124_revised_visualization,2025-08-09,wk inc flu hosp,2,2025-08-23,48,quantile,0.25,45.46924318846459
distributional_gaussian_nll_joint_base_no_donors_wastewaterscan_lags124_revised_visualization,2025-08-09,wk inc flu hosp,2,2025-08-23,48,quantile,0.5,82.16571299744979
distributional_gaussian_nll_joint_base_no_donors_wastewaterscan_lags124_revised_visualization,2025-08-09,wk inc flu hosp,2,2025-08-23,48,quantile,0.75,150.55963542946705
distributional_gaussian_nll_joint_base_no_donors_wastewaterscan_lags124_revised_visualization,2025-08-09,wk inc flu hosp,2,2025-08-23,48,quantile,0.95,345.8922349055796
distributional_gaussian_nll_joint_base_no_donors_wastewaterscan_lags124_revised_visualization,2025-08-09,wk inc flu hosp,3,2025-08-30,48,quantile,0.05,17.63155456269471
distributional_gaussian_nll_joint_base_no_donors_wastewaterscan_lags124_revised_visualization,2025-08-09,wk inc flu hosp,3,2025-08-30,48,quantile,0.25,48.24705683293004
distributional_gaussian_nll_joint_base_no_donors_wastewaterscan_lags124_revised_visualization,2025-08-09,wk inc flu hosp,3,2025-08-30,48,quantile,0.5,91.37015178538483
distributional_gaussian_nll_joint_base_no_donors_wastewaterscan_lags124_revised_visualization,2025-08-09,wk inc flu hosp,3,2025-08-30,48,quantile,0.75,182.60558144549265
distributional_gaussian_nll_joint_base_no_donors_wastewaterscan_lags124_revised_visualization,2025-08-09,wk inc flu hosp,3,2025-08-30,48,quantile,0.95,433.62215446406975
distributional_gaussian_nll_joint_base_no_donors_wastewaterscan_lags124_revised_visualization,2025-08-16,wk inc flu hosp,0,2025-08-16,48,quantile,0.05,28.62507073715152
distributional_gaussian_nll_joint_base_no_donors_wastewaterscan_lags124_revised_visualization,2025-08-16,wk inc flu hosp,0,2025-08-16,48,quantile,0.25,53.85599839153655
distributional_gaussian_nll_joint_base_no_donors_wastewaterscan_lags124_revised_visualization,2025-08-16,wk inc flu hosp,0,2025-08-16,48,quantile,0.5,83.38979916614703
distributional_gaussian_nll_joint_base_no_donors_wastewaterscan_lags124_revised_visualization,2025-08-16,wk inc flu hosp,0,2025-08-16,48,quantile,0.75,129.37521971245565
distributional_gaussian_nll_joint_base_no_donors_wastewaterscan_lags124_revised_visualization,2025-08-16,wk inc flu hosp,0,2025-08-16,48,quantile,0.95,235.99561453012896
distributional_gaussian_nll_joint_base_no_donors_wastewaterscan_lags124_revised_visualization,2025-08-16,wk inc flu hosp,1,2025-08-23,48,quantile,0.05,26.090877922112533
distributional_gaussian_nll_joint_base_no_donors_wastewaterscan_lags124_revised_visualization,2025-08-16,wk inc flu hosp,1,2025-08-23,48,quantile,0.25,53.91908806196244
distributional_gaussian_nll_joint_base_no_donors_wastewaterscan_lags124_revised_visualization,2025-08-16,wk inc flu hosp,1,2025-08-23,48,quantile,0.5,88.74162244524217
distributional_gaussian_nll_joint_base_no_donors_wastewaterscan_lags124_revised_visualization,2025-08-16,wk inc flu hosp,1,2025-08-23,48,quantile,0.75,145.82700844539028
distributional_gaussian_nll_joint_base_no_donors_wastewaterscan_lags124_revised_visualization,2025-08-16,wk inc flu hosp,1,2025-08-23,48,quantile,0.95,294.0865650448273
distributional_gaussian_nll_joint_base_no_donors_wastewaterscan_lags124_revised_visualization,2025-08-16,wk inc flu hosp,2,2025-08-30,48,quantile,0.05,23.23421333706904
distributional_gaussian_nll_joint_base_no_donors_wastewaterscan_lags124_revised_visualization,2025-08-16,wk inc flu hosp,2,2025-08-30,48,quantile,0.25,53.67757919287472
distributional_gaussian_nll_joint_base_no_donors_wastewaterscan_lags124_revised_visualization,2025-08-16,wk inc flu hosp,2,2025-08-30,48,quantile,0.5,93.550308892378
distributional_gaussian_nll_joint_base_no_donors_wastewaterscan_lags124_revised_visualization,2025-08-16,wk inc flu hosp,2,2025-08-30,48,quantile,0.75,165.89927021813918
distributional_gaussian_nll_joint_base_no_donors_wastewaterscan_lags124_revised_visualization,2025-08-16,wk inc flu hosp,2,2025-08-30,48,quantile,0.95,368.41764669110137
distributional_gaussian_nll_joint_base_no_donors_wastewaterscan_lags124_revised_visualization,2025-08-16,wk inc flu hosp,3,2025-09-06,48,quantile,0.05,22.2064307868889
distributional_gaussian_nll_joint_base_no_donors_wastewaterscan_lags124_revised_visualization,2025-08-16,wk inc flu hosp,3,2025-09-06,48,quantile,0.25,56.25649015709477
distributional_gaussian_nll_joint_base_no_donors_wastewaterscan_lags124_revised_visualization,2025-08-16,wk inc flu hosp,3,2025-09-06,48,quantile,0.5,100.55254285277258
distributional_gaussian_nll_joint_base_no_donors_wastewaterscan_lags124_revised_visualization,2025-08-16,wk inc flu hosp,3,2025-09-06,48,quantile,0.75,184.46001652659012
distributional_gaussian_nll_joint_base_no_donors_wastewaterscan_lags124_revised_visualization,2025-08-16,wk inc flu hosp,3,2025-09-06,48,quantile,0.95,458.99452221547546
distributional_gaussian_nll_joint_base_no_donors_wastewaterscan_lags124_revised_visualization,2025-08-23,wk inc flu hosp,0,2025-08-23,48,quantile,0.05,27.941527285695585
distributional_gaussian_nll_joint_base_no_donors_wastewaterscan_lags124_revised_visualization,2025-08-23,wk inc flu hosp,0,2025-08-23,48,quantile,0.25,49.65336260699736
distributional_gaussian_nll_joint_base_no_donors_wastewaterscan_lags124_revised_visualization,2025-08-23,wk inc flu hosp,0,2025-08-23,48,quantile,0.5,73.8977520442107
distributional_gaussian_nll_joint_base_no_donors_wastewaterscan_lags124_revised_visualization,2025-08-23,wk inc flu hosp,0,2025-08-23,48,quantile,0.75,110.58062559945644
distributional_gaussian_nll_joint_base_no_donors_wastewaterscan_lags124_revised_visualization,2025-08-23,wk inc flu hosp,0,2025-08-23,48,quantile,0.95,199.35901330622505
distributional_gaussian_nll_joint_base_no_donors_wastewaterscan_lags124_revised_visualization,2025-08-23,wk inc flu hosp,1,2025-08-30,48,quantile,0.05,23.5494929590068
distributional_gaussian_nll_joint_base_no_donors_wastewaterscan_lags124_revised_visualization,2025-08-23,wk inc flu hosp,1,2025-08-30,48,quantile,0.25,45.97546298212227
distributional_gaussian_nll_joint_base_no_donors_wastewaterscan_lags124_revised_visualization,2025-08-23,wk inc flu hosp,1,2025-08-30,48,quantile,0.5,72.95767715212622
distributional_gaussian_nll_joint_base_no_donors_wastewaterscan_lags124_revised_visualization,2025-08-23,wk inc flu hosp,1,2025-08-30,48,quantile,0.75,118.52001383422372
distributional_gaussian_nll_joint_base_no_donors_wastewaterscan_lags124_revised_visualization,2025-08-23,wk inc flu hosp,1,2025-08-30,48,quantile,0.95,236.49239798493065
distributional_gaussian_nll_joint_base_no_donors_wastewaterscan_lags124_revised_visualization,2025-08-23,wk inc flu hosp,2,2025-09-06,48,quantile,0.05,18.878675895413277
distributional_gaussian_nll_joint_base_no_donors_wastewaterscan_lags124_revised_visualization,2025-08-23,wk inc flu hosp,2,2025-09-06,48,quantile,0.25,40.56465013177318
distributional_gaussian_nll_joint_base_no_donors_wastewaterscan_lags124_revised_visualization,2025-08-23,wk inc flu hosp,2,2025-09-06,48,quantile,0.5,70.78199103525893
distributional_gaussian_nll_joint_base_no_donors_wastewaterscan_lags124_revised_visualization,2025-08-23,wk inc flu hosp,2,2025-09-06,48,quantile,0.75,125.5478622296485
distributional_gaussian_nll_joint_base_no_donors_wastewaterscan_lags124_revised_visualization,2025-08-23,wk inc flu hosp,2,2025-09-06,48,quantile,0.95,290.60260176266365
distributional_gaussian_nll_joint_base_no_donors_wastewaterscan_lags124_revised_visualization,2025-08-23,wk inc flu hosp,3,2025-09-13,48,quantile,0.05,17.945724176086884
distributional_gaussian_nll_joint_base_no_donors_wastewaterscan_lags124_revised_visualization,2025-08-23,wk inc flu hosp,3,2025-09-13,48,quantile,0.25,42.51662098199221
distributional_gaussian_nll_joint_base_no_donors_wastewaterscan_lags124_revised_visualization,2025-08-23,wk inc flu hosp,3,2025-09-13,48,quantile,0.5,76.95292926946925
distributional_gaussian_nll_joint_base_no_donors_wastewaterscan_lags124_revised_visualization,2025-08-23,wk inc flu hosp,3,2025-09-13,48,quantile,0.75,141.06657560907428
distributional_gaussian_nll_joint_base_no_donors_wastewaterscan_lags124_revised_visualization,2025-08-23,wk inc flu hosp,3,2025-09-13,48,quantile,0.95,338.01587143718865
distributional_gaussian_nll_joint_base_no_donors_wastewaterscan_lags124_revised_visualization,2025-08-30,wk inc flu hosp,0,2025-08-30,48,quantile,0.05,27.868548457825355
distributional_gaussian_nll_joint_base_no_donors_wastewaterscan_lags124_revised_visualization,2025-08-30,wk inc flu hosp,0,2025-08-30,48,quantile,0.25,51.89479154364388
distributional_gaussian_nll_joint_base_no_donors_wastewaterscan_lags124_revised_visualization,2025-08-30,wk inc flu hosp,0,2025-08-30,48,quantile,0.5,78.48767149436651
distributional_gaussian_nll_joint_base_no_donors_wastewaterscan_lags124_revised_visualization,2025-08-30,wk inc flu hosp,0,2025-08-30,48,quantile,0.75,116.42313125508772
distributional_gaussian_nll_joint_base_no_donors_wastewaterscan_lags124_revised_visualization,2025-08-30,wk inc flu hosp,0,2025-08-30,48,quantile,0.95,209.7837514058208
distributional_gaussian_nll_joint_base_no_donors_wastewaterscan_lags124_revised_visualization,2025-08-30,wk inc flu hosp,1,2025-09-06,48,quantile,0.05,23.800292728194957
distributional_gaussian_nll_joint_base_no_donors_wastewaterscan_lags124_revised_visualization,2025-08-30,wk inc flu hosp,1,2025-09-06,48,quantile,0.25,49.37137585835589
distributional_gaussian_nll_joint_base_no_donors_wastewaterscan_lags124_revised_visualization,2025-08-30,wk inc flu hosp,1,2025-09-06,48,quantile,0.5,79.20334540609483
distributional_gaussian_nll_joint_base_no_donors_wastewaterscan_lags124_revised_visualization,2025-08-30,wk inc flu hosp,1,2025-09-06,48,quantile,0.75,126.10639324344024
distributional_gaussian_nll_joint_base_no_donors_wastewaterscan_lags124_revised_visualization,2025-08-30,wk inc flu hosp,1,2025-09-06,48,quantile,0.95,246.07246349128047
distributional_gaussian_nll_joint_base_no_donors_wastewaterscan_lags124_revised_visualization,2025-08-30,wk inc flu hosp,2,2025-09-13,48,quantile,0.05,19.70419595359836
distributional_gaussian_nll_joint_base_no_donors_wastewaterscan_lags124_revised_visualization,2025-08-30,wk inc flu hosp,2,2025-09-13,48,quantile,0.25,45.52292833296242
distributional_gaussian_nll_joint_base_no_donors_wastewaterscan_lags124_revised_visualization,2025-08-30,wk inc flu hosp,2,2025-09-13,48,quantile,0.5,78.85256034564689
distributional_gaussian_nll_joint_base_no_donors_wastewaterscan_lags124_revised_visualization,2025-08-30,wk inc flu hosp,2,2025-09-13,48,quantile,0.75,136.68605983984008
distributional_gaussian_nll_joint_base_no_donors_wastewaterscan_lags124_revised_visualization,2025-08-30,wk inc flu hosp,2,2025-09-13,48,quantile,0.95,299.2585493753691
distributional_gaussian_nll_joint_base_no_donors_wastewaterscan_lags124_revised_visualization,2025-08-30,wk inc flu hosp,3,2025-09-20,48,quantile,0.05,19.733152646132687
distributional_gaussian_nll_joint_base_no_donors_wastewaterscan_lags124_revised_visualization,2025-08-30,wk inc flu hosp,3,2025-09-20,48,quantile,0.25,47.20350177963847
distributional_gaussian_nll_joint_base_no_donors_wastewaterscan_lags124_revised_visualization,2025-08-30,wk inc flu hosp,3,2025-09-20,48,quantile,0.5,85.70161792403275
distributional_gaussian_nll_joint_base_no_donors_wastewaterscan_lags124_revised_visualization,2025-08-30,wk inc flu hosp,3,2025-09-20,48,quantile,0.75,154.52738631883594
distributional_gaussian_nll_joint_base_no_donors_wastewaterscan_lags124_revised_visualization,2025-08-30,wk inc flu hosp,3,2025-09-20,48,quantile,0.95,349.868270060047
distributional_gaussian_nll_joint_base_no_donors_wastewaterscan_lags124_revised_visualization,2025-09-06,wk inc flu hosp,0,2025-09-06,48,quantile,0.05,33.12714498822285
distributional_gaussian_nll_joint_base_no_donors_wastewaterscan_lags124_revised_visualization,2025-09-06,wk inc flu hosp,0,2025-09-06,48,quantile,0.25,58.365244844829874
distributional_gaussian_nll_joint_base_no_donors_wastewaterscan_lags124_revised_visualization,2025-09-06,wk inc flu hosp,0,2025-09-06,48,quantile,0.5,86.60602442099778
distributional_gaussian_nll_joint_base_no_donors_wastewaterscan_lags124_revised_visualization,2025-09-06,wk inc flu hosp,0,2025-09-06,48,quantile,0.75,127.86603876414836
distributional_gaussian_nll_joint_base_no_donors_wastewaterscan_lags124_revised_visualization,2025-09-06,wk inc flu hosp,0,2025-09-06,48,quantile,0.95,232.07276660924924
distributional_gaussian_nll_joint_base_no_donors_wastewaterscan_lags124_revised_visualization,2025-09-06,wk inc flu hosp,1,2025-09-13,48,quantile,0.05,27.934166011610223
distributional_gaussian_nll_joint_base_no_donors_wastewaterscan_lags124_revised_visualization,2025-09-06,wk inc flu hosp,1,2025-09-13,48,quantile,0.25,55.87313031605444
distributional_gaussian_nll_joint_base_no_donors_wastewaterscan_lags124_revised_visualization,2025-09-06,wk inc flu hosp,1,2025-09-13,48,quantile,0.5,86.4914210426287
distributional_gaussian_nll_joint_base_no_donors_wastewaterscan_lags124_revised_visualization,2025-09-06,wk inc flu hosp,1,2025-09-13,48,quantile,0.75,133.7706013411683
distributional_gaussian_nll_joint_base_no_donors_wastewaterscan_lags124_revised_visualization,2025-09-06,wk inc flu hosp,1,2025-09-13,48,quantile,0.95,261.57291210154017
distributional_gaussian_nll_joint_base_no_donors_wastewaterscan_lags124_revised_visualization,2025-09-06,wk inc flu hosp,2,2025-09-20,48,quantile,0.05,23.936135151399565
distributional_gaussian_nll_joint_base_no_donors_wastewaterscan_lags124_revised_visualization,2025-09-06,wk inc flu hosp,2,2025-09-20,48,quantile,0.25,51.37055270542064
distributional_gaussian_nll_joint_base_no_donors_wastewaterscan_lags124_revised_visualization,2025-09-06,wk inc flu hosp,2,2025-09-20,48,quantile,0.5,85.97157347842125
distributional_gaussian_nll_joint_base_no_donors_wastewaterscan_lags124_revised_visualization,2025-09-06,wk inc flu hosp,2,2025-09-20,48,quantile,0.75,138.9177545890563
distributional_gaussian_nll_joint_base_no_donors_wastewaterscan_lags124_revised_visualization,2025-09-06,wk inc flu hosp,2,2025-09-20,48,quantile,0.95,309.1350534092387
distributional_gaussian_nll_joint_base_no_donors_wastewaterscan_lags124_revised_visualization,2025-09-06,wk inc flu hosp,3,2025-09-27,48,quantile,0.05,22.53383871652613
distributional_gaussian_nll_joint_base_no_donors_wastewaterscan_lags124_revised_visualization,2025-09-06,wk inc flu hosp,3,2025-09-27,48,quantile,0.25,51.688905142270144
distributional_gaussian_nll_joint_base_no_donors_wastewaterscan_lags124_revised_visualization,2025-09-06,wk inc flu hosp,3,2025-09-27,48,quantile,0.5,92.65264097766764
distributional_gaussian_nll_joint_base_no_donors_wastewaterscan_lags124_revised_visualization,2025-09-06,wk inc flu hosp,3,2025-09-27,48,quantile,0.75,156.6041242750573
distributional_gaussian_nll_joint_base_no_donors_wastewaterscan_lags124_revised_visualization,2025-09-06,wk inc flu hosp,3,2025-09-27,48,quantile,0.95,369.8144580880684
distributional_gaussian_nll_joint_base_no_donors_wastewaterscan_lags124_revised_visualization,2025-09-13,wk inc flu hosp,0,2025-09-13,48,quantile,0.05,35.86335162786255
distributional_gaussian_nll_joint_base_no_donors_wastewaterscan_lags124_revised_visualization,2025-09-13,wk inc flu hosp,0,2025-09-13,48,quantile,0.25,65.02893973216473
distributional_gaussian_nll_joint_base_no_donors_wastewaterscan_lags124_revised_visualization,2025-09-13,wk inc flu hosp,0,2025-09-13,48,quantile,0.5,98.1348009919204
distributional_gaussian_nll_joint_base_no_donors_wastewaterscan_lags124_revised_visualization,2025-09-13,wk inc flu hosp,0,2025-09-13,48,quantile,0.75,146.2336793015359
distributional_gaussian_nll_joint_base_no_donors_wastewaterscan_lags124_revised_visualization,2025-09-13,wk inc flu hosp,0,2025-09-13,48,quantile,0.95,263.5024349621564
distributional_gaussian_nll_joint_base_no_donors_wastewaterscan_lags124_revised_visualization,2025-09-13,wk inc flu hosp,1,2025-09-20,48,quantile,0.05,29.40028132908168
distributional_gaussian_nll_joint_base_no_donors_wastewaterscan_lags124_revised_visualization,2025-09-13,wk inc flu hosp,1,2025-09-20,48,quantile,0.25,60.00544807493316
distributional_gaussian_nll_joint_base_no_donors_wastewaterscan_lags124_revised_visualization,2025-09-13,wk inc flu hosp,1,2025-09-20,48,quantile,0.5,96.55260549075616
distributional_gaussian_nll_joint_base_no_donors_wastewaterscan_lags124_revised_visualization,2025-09-13,wk inc flu hosp,1,2025-09-20,48,quantile,0.75,156.41265516999636
distributional_gaussian_nll_joint_base_no_donors_wastewaterscan_lags124_revised_visualization,2025-09-13,wk inc flu hosp,1,2025-09-20,48,quantile,0.95,305.13037968631966
distributional_gaussian_nll_joint_base_no_donors_wastewaterscan_lags124_revised_visualization,2025-09-13,wk inc flu hosp,2,2025-09-27,48,quantile,0.05,26.56808519992006
distributional_gaussian_nll_joint_base_no_donors_wastewaterscan_lags124_revised_visualization,2025-09-13,wk inc flu hosp,2,2025-09-27,48,quantile,0.25,59.33784301930379
distributional_gaussian_nll_joint_base_no_donors_wastewaterscan_lags124_revised_visualization,2025-09-13,wk inc flu hosp,2,2025-09-27,48,quantile,0.5,99.16954386507498
distributional_gaussian_nll_joint_base_no_donors_wastewaterscan_lags124_revised_visualization,2025-09-13,wk inc flu hosp,2,2025-09-27,48,quantile,0.75,162.46985275858248
distributional_gaussian_nll_joint_base_no_donors_wastewaterscan_lags124_revised_visualization,2025-09-13,wk inc flu hosp,2,2025-09-27,48,quantile,0.95,364.3786079149322
distributional_gaussian_nll_joint_base_no_donors_wastewaterscan_lags124_revised_visualization,2025-09-13,wk inc flu hosp,3,2025-10-04,48,quantile,0.05,25.872555219573776
distributional_gaussian_nll_joint_base_no_donors_wastewaterscan_lags124_revised_visualization,2025-09-13,wk inc flu hosp,3,2025-10-04,48,quantile,0.25,60.24164109815597
distributional_gaussian_nll_joint_base_no_donors_wastewaterscan_lags124_revised_visualization,2025-09-13,wk inc flu hosp,3,2025-10-04,48,quantile,0.5,105.91800052985516
distributional_gaussian_nll_joint_base_no_donors_wastewaterscan_lags124_revised_visualization,2025-09-13,wk inc flu hosp,3,2025-10-04,48,quantile,0.75,186.70402905851736
distributional_gaussian_nll_joint_base_no_donors_wastewaterscan_lags124_revised_visualization,2025-09-13,wk inc flu hosp,3,2025-10-04,48,quantile,0.95,441.71525318642506
distributional_gaussian_nll_joint_base_no_donors_wastewaterscan_lags124_revised_visualization,2025-09-20,wk inc flu hosp,0,2025-09-20,48,quantile,0.05,41.97429933321543
distributional_gaussian_nll_joint_base_no_donors_wastewaterscan_lags124_revised_visualization,2025-09-20,wk inc flu hosp,0,2025-09-20,48,quantile,0.25,75.50938434319384
distributional_gaussian_nll_joint_base_no_donors_wastewaterscan_lags124_revised_visualization,2025-09-20,wk inc flu hosp,0,2025-09-20,48,quantile,0.5,113.24546997273583
distributional_gaussian_nll_joint_base_no_donors_wastewaterscan_lags124_revised_visualization,2025-09-20,wk inc flu hosp,0,2025-09-20,48,quantile,0.75,168.74899167800152
distributional_gaussian_nll_joint_base_no_donors_wastewaterscan_lags124_revised_visualization,2025-09-20,wk inc flu hosp,0,2025-09-20,48,quantile,0.95,307.55813236868
distributional_gaussian_nll_joint_base_no_donors_wastewaterscan_lags124_revised_visualization,2025-09-20,wk inc flu hosp,1,2025-09-27,48,quantile,0.05,36.04237855208656
distributional_gaussian_nll_joint_base_no_donors_wastewaterscan_lags124_revised_visualization,2025-09-20,wk inc flu hosp,1,2025-09-27,48,quantile,0.25,70.96577230035925
distributional_gaussian_nll_joint_base_no_donors_wastewaterscan_lags124_revised_visualization,2025-09-20,wk inc flu hosp,1,2025-09-27,48,quantile,0.5,113.87962201856826
distributional_gaussian_nll_joint_base_no_donors_wastewaterscan_lags124_revised_visualization,2025-09-20,wk inc flu hosp,1,2025-09-27,48,quantile,0.75,180.4930550341187
distributional_gaussian_nll_joint_base_no_donors_wastewaterscan_lags124_revised_visualization,2025-09-20,wk inc flu hosp,1,2025-09-27,48,quantile,0.95,361.897038973912
distributional_gaussian_nll_joint_base_no_donors_wastewaterscan_lags124_revised_visualization,2025-09-20,wk inc flu hosp,2,2025-10-04,48,quantile,0.05,29.753662088365363
distributional_gaussian_nll_joint_base_no_donors_wastewaterscan_lags124_revised_visualization,2025-09-20,wk inc flu hosp,2,2025-10-04,48,quantile,0.25,65.10886677108776
distributional_gaussian_nll_joint_base_no_donors_wastewaterscan_lags124_revised_visualization,2025-09-20,wk inc flu hosp,2,2025-10-04,48,quantile,0.5,110.67645749200848
distributional_gaussian_nll_joint_base_no_donors_wastewaterscan_lags124_revised_visualization,2025-09-20,wk inc flu hosp,2,2025-10-04,48,quantile,0.75,185.9565338869578
distributional_gaussian_nll_joint_base_no_donors_wastewaterscan_lags124_revised_visualization,2025-09-20,wk inc flu hosp,2,2025-10-04,48,quantile,0.95,415.35693321947264
distributional_gaussian_nll_joint_base_no_donors_wastewaterscan_lags124_revised_visualization,2025-09-20,wk inc flu hosp,3,2025-10-11,48,quantile,0.05,25.945539810787416
distributional_gaussian_nll_joint_base_no_donors_wastewaterscan_lags124_revised_visualization,2025-09-20,wk inc flu hosp,3,2025-10-11,48,quantile,0.25,63.63026557575641
distributional_gaussian_nll_joint_base_no_donors_wastewaterscan_lags124_revised_visualization,2025-09-20,wk inc flu hosp,3,2025-10-11,48,quantile,0.5,115.78018752112574
distributional_gaussian_nll_joint_base_no_donors_wastewaterscan_lags124_revised_visualization,2025-09-20,wk inc flu hosp,3,2025-10-11,48,quantile,0.75,200.89945927391875
distributional_gaussian_nll_joint_base_no_donors_wastewaterscan_lags124_revised_visualization,2025-09-20,wk inc flu hosp,3,2025-10-11,48,quantile,0.95,482.9907684815017
distributional_gaussian_nll_joint_base_no_donors_wastewaterscan_lags124_revised_visualization,2025-09-27,wk inc flu hosp,0,2025-09-27,48,quantile,0.05,33.41293182384206
distributional_gaussian_nll_joint_base_no_donors_wastewaterscan_lags124_revised_visualization,2025-09-27,wk inc flu hosp,0,2025-09-27,48,quantile,0.25,64.18968518793051
distributional_gaussian_nll_joint_base_no_donors_wastewaterscan_lags124_revised_visualization,2025-09-27,wk inc flu hosp,0,2025-09-27,48,quantile,0.5,99.8522688891093
distributional_gaussian_nll_joint_base_no_donors_wastewaterscan_lags124_revised_visualization,2025-09-27,wk inc flu hosp,0,2025-09-27,48,quantile,0.75,159.29733971375055
distributional_gaussian_nll_joint_base_no_donors_wastewaterscan_lags124_revised_visualization,2025-09-27,wk inc flu hosp,0,2025-09-27,48,quantile,0.95,302.89320001535543
distributional_gaussian_nll_joint_base_no_donors_wastewaterscan_lags124_revised_visualization,2025-09-27,wk inc flu hosp,1,2025-10-04,48,quantile,0.05,28.252186518393863
distributional_gaussian_nll_joint_base_no_donors_wastewaterscan_lags124_revised_visualization,2025-09-27,wk inc flu hosp,1,2025-10-04,48,quantile,0.25,60.10249913735288
distributional_gaussian_nll_joint_base_no_donors_wastewaterscan_lags124_revised_visualization,2025-09-27,wk inc flu hosp,1,2025-10-04,48,quantile,0.5,101.9560405282342
distributional_gaussian_nll_joint_base_no_donors_wastewaterscan_lags124_revised_visualization,2025-09-27,wk inc flu hosp,1,2025-10-04,48,quantile,0.75,178.2469365859662
distributional_gaussian_nll_joint_base_no_donors_wastewaterscan_lags124_revised_visualization,2025-09-27,wk inc flu hosp,1,2025-10-04,48,quantile,0.95,389.2356168132704
distributional_gaussian_nll_joint_base_no_donors_wastewaterscan_lags124_revised_visualization,2025-09-27,wk inc flu hosp,2,2025-10-11,48,quantile,0.05,24.80314097591633
distributional_gaussian_nll_joint_base_no_donors_wastewaterscan_lags124_revised_visualization,2025-09-27,wk inc flu hosp,2,2025-10-11,48,quantile,0.25,57.808508965188366
distributional_gaussian_nll_joint_base_no_donors_wastewaterscan_lags124_revised_visualization,2025-09-27,wk inc flu hosp,2,2025-10-11,48,quantile,0.5,105.11598494909566
distributional_gaussian_nll_joint_base_no_donors_wastewaterscan_lags124_revised_visualization,2025-09-27,wk inc flu hosp,2,2025-10-11,48,quantile,0.75,193.84170949625732
distributional_gaussian_nll_joint_base_no_donors_wastewaterscan_lags124_revised_visualization,2025-09-27,wk inc flu hosp,2,2025-10-11,48,quantile,0.95,481.656563558364
distributional_gaussian_nll_joint_base_no_donors_wastewaterscan_lags124_revised_visualization,2025-09-27,wk inc flu hosp,3,2025-10-18,48,quantile,0.05,22.955842355473425
distributional_gaussian_nll_joint_base_no_donors_wastewaterscan_lags124_revised_visualization,2025-09-27,wk inc flu hosp,3,2025-10-18,48,quantile,0.25,58.52546458236761
distributional_gaussian_nll_joint_base_no_donors_wastewaterscan_lags124_revised_visualization,2025-09-27,wk inc flu hosp,3,2025-10-18,48,quantile,0.5,112.02203769267145
distributional_gaussian_nll_joint_base_no_donors_wastewaterscan_lags124_revised_visualization,2025-09-27,wk inc flu hosp,3,2025-10-18,48,quantile,0.75,206.53635224701955
distributional_gaussian_nll_joint_base_no_donors_wastewaterscan_lags124_revised_visualization,2025-09-27,wk inc flu hosp,3,2025-10-18,48,quantile,0.95,591.8223196538793
distributional_gaussian_nll_joint_base_no_donors_wastewaterscan_lags124_revised_visualization,2025-10-04,wk inc flu hosp,0,2025-10-04,48,quantile,0.05,34.46982059966621
distributional_gaussian_nll_joint_base_no_donors_wastewaterscan_lags124_revised_visualization,2025-10-04,wk inc flu hosp,0,2025-10-04,48,quantile,0.25,67.28892015303607
distributional_gaussian_nll_joint_base_no_donors_wastewaterscan_lags124_revised_visualization,2025-10-04,wk inc flu hosp,0,2025-10-04,48,quantile,0.5,110.23201769052022
distributional_gaussian_nll_joint_base_no_donors_wastewaterscan_lags124_revised_visualization,2025-10-04,wk inc flu hosp,0,2025-10-04,48,quantile,0.75,171.14128066066124
distributional_gaussian_nll_joint_base_no_donors_wastewaterscan_lags124_revised_visualization,2025-10-04,wk inc flu hosp,0,2025-10-04,48,quantile,0.95,331.9058807105657
distributional_gaussian_nll_joint_base_no_donors_wastewaterscan_lags124_revised_visualization,2025-10-04,wk inc flu hosp,1,2025-10-11,48,quantile,0.05,31.564893626353506
distributional_gaussian_nll_joint_base_no_donors_wastewaterscan_lags124_revised_visualization,2025-10-04,wk inc flu hosp,1,2025-10-11,48,quantile,0.25,67.1756778680394
distributional_gaussian_nll_joint_base_no_donors_wastewaterscan_lags124_revised_visualization,2025-10-04,wk inc flu hosp,1,2025-10-11,48,quantile,0.5,108.43868893600704
distributional_gaussian_nll_joint_base_no_donors_wastewaterscan_lags124_revised_visualization,2025-10-04,wk inc flu hosp,1,2025-10-11,48,quantile,0.75,182.34081315050463
distributional_gaussian_nll_joint_base_no_donors_wastewaterscan_lags124_revised_visualization,2025-10-04,wk inc flu hosp,1,2025-10-11,48,quantile,0.95,375.82679024889546
distributional_gaussian_nll_joint_base_no_donors_wastewaterscan_lags124_revised_visualization,2025-10-04,wk inc flu hosp,2,2025-10-18,48,quantile,0.05,29.289893413042076
distributional_gaussian_nll_joint_base_no_donors_wastewaterscan_lags124_revised_visualization,2025-10-04,wk inc flu hosp,2,2025-10-18,48,quantile,0.25,68.37651466633326
distributional_gaussian_nll_joint_base_no_donors_wastewaterscan_lags124_revised_visualization,2025-10-04,wk inc flu hosp,2,2025-10-18,48,quantile,0.5,118.27477315342782
distributional_gaussian_nll_joint_base_no_donors_wastewaterscan_lags124_revised_visualization,2025-10-04,wk inc flu hosp,2,2025-10-18,48,quantile,0.75,204.8430846061232
distributional_gaussian_nll_joint_base_no_donors_wastewaterscan_lags124_revised_visualization,2025-10-04,wk inc flu hosp,2,2025-10-18,48,quantile,0.95,455.58687453116255
distributional_gaussian_nll_joint_base_no_donors_wastewaterscan_lags124_revised_visualization,2025-10-04,wk inc flu hosp,3,2025-10-25,48,quantile,0.05,30.526105827202706
distributional_gaussian_nll_joint_base_no_donors_wastewaterscan_lags124_revised_visualization,2025-10-04,wk inc flu hosp,3,2025-10-25,48,quantile,0.25,70.15065482819983
distributional_gaussian_nll_joint_base_no_donors_wastewaterscan_lags124_revised_visualization,2025-10-04,wk inc flu hosp,3,2025-10-25,48,quantile,0.5,126.56458507377047
distributional_gaussian_nll_joint_base_no_donors_wastewaterscan_lags124_revised_visualization,2025-10-04,wk inc flu hosp,3,2025-10-25,48,quantile,0.75,229.32033458298287
distributional_gaussian_nll_joint_base_no_donors_wastewaterscan_lags124_revised_visualization,2025-10-04,wk inc flu hosp,3,2025-10-25,48,quantile,0.95,511.183344199388
distributional_gaussian_nll_joint_base_no_donors_wastewaterscan_lags124_revised_visualization,2025-10-11,wk inc flu hosp,0,2025-10-11,48,quantile,0.05,45.784992042325946
distributional_gaussian_nll_joint_base_no_donors_wastewaterscan_lags124_revised_visualization,2025-10-11,wk inc flu hosp,0,2025-10-11,48,quantile,0.25,88.94290514178483
distributional_gaussian_nll_joint_base_no_donors_wastewaterscan_lags124_revised_visualization,2025-10-11,wk inc flu hosp,0,2025-10-11,48,quantile,0.5,134.20347484532888
distributional_gaussian_nll_joint_base_no_donors_wastewaterscan_lags124_revised_visualization,2025-10-11,wk inc flu hosp,0,2025-10-11,48,quantile,0.75,215.1922340504081
distributional_gaussian_nll_joint_base_no_donors_wastewaterscan_lags124_revised_visualization,2025-10-11,wk inc flu hosp,0,2025-10-11,48,quantile,0.95,403.6309226921683
distributional_gaussian_nll_joint_base_no_donors_wastewaterscan_lags124_revised_visualization,2025-10-11,wk inc flu hosp,1,2025-10-18,48,quantile,0.05,47.80053073018023
distributional_gaussian_nll_joint_base_no_donors_wastewaterscan_lags124_revised_visualization,2025-10-11,wk inc flu hosp,1,2025-10-18,48,quantile,0.25,97.75927128575708
distributional_gaussian_nll_joint_base_no_donors_wastewaterscan_lags124_revised_visualization,2025-10-11,wk inc flu hosp,1,2025-10-18,48,quantile,0.5,157.5560045295517
distributional_gaussian_nll_joint_base_no_donors_wastewaterscan_lags124_revised_visualization,2025-10-11,wk inc flu hosp,1,2025-10-18,48,quantile,0.75,261.73488169371467
distributional_gaussian_nll_joint_base_no_donors_wastewaterscan_lags124_revised_visualization,2025-10-11,wk inc flu hosp,1,2025-10-18,48,quantile,0.95,505.0333119591917
distributional_gaussian_nll_joint_base_no_donors_wastewaterscan_lags124_revised_visualization,2025-10-11,wk inc flu hosp,2,2025-10-25,48,quantile,0.05,51.56773173755271
distributional_gaussian_nll_joint_base_no_donors_wastewaterscan_lags124_revised_visualization,2025-10-11,wk inc flu hosp,2,2025-10-25,48,quantile,0.25,113.38454860915492
distributional_gaussian_nll_joint_base_no_donors_wastewaterscan_lags124_revised_visualization,2025-10-11,wk inc flu hosp,2,2025-10-25,48,quantile,0.5,194.8887697090448
distributional_gaussian_nll_joint_base_no_donors_wastewaterscan_lags124_revised_visualization,2025-10-11,wk inc flu hosp,2,2025-10-25,48,quantile,0.75,332.94114138886016
distributional_gaussian_nll_joint_base_no_donors_wastewaterscan_lags124_revised_visualization,2025-10-11,wk inc flu hosp,2,2025-10-25,48,quantile,0.95,683.8932546977512
distributional_gaussian_nll_joint_base_no_donors_wastewaterscan_lags124_revised_visualization,2025-10-11,wk inc flu hosp,3,2025-11-01,48,quantile,0.05,54.44244697237876
distributional_gaussian_nll_joint_base_no_donors_wastewaterscan_lags124_revised_visualization,2025-10-11,wk inc flu hosp,3,2025-11-01,48,quantile,0.25,125.72443424235377
distributional_gaussian_nll_joint_base_no_donors_wastewaterscan_lags124_revised_visualization,2025-10-11,wk inc flu hosp,3,2025-11-01,48,quantile,0.5,223.4034235122199
distributional_gaussian_nll_joint_base_no_donors_wastewaterscan_lags124_revised_visualization,2025-10-11,wk inc flu hosp,3,2025-11-01,48,quantile,0.75,399.8831086476164
distributional_gaussian_nll_joint_base_no_donors_wastewaterscan_lags124_revised_visualization,2025-10-11,wk inc flu hosp,3,2025-11-01,48,quantile,0.95,883.1828874763709
distributional_gaussian_nll_joint_base_no_donors_wastewaterscan_lags124_revised_visualization,2025-10-18,wk inc flu hosp,0,2025-10-18,48,quantile,0.05,73.73396742662308
distributional_gaussian_nll_joint_base_no_donors_wastewaterscan_lags124_revised_visualization,2025-10-18,wk inc flu hosp,0,2025-10-18,48,quantile,0.25,120.31919441587434
distributional_gaussian_nll_joint_base_no_donors_wastewaterscan_lags124_revised_visualization,2025-10-18,wk inc flu hosp,0,2025-10-18,48,quantile,0.5,168.64041426125203
distributional_gaussian_nll_joint_base_no_donors_wastewaterscan_lags124_revised_visualization,2025-10-18,wk inc flu hosp,0,2025-10-18,48,quantile,0.75,238.57604212613936
distributional_gaussian_nll_joint_base_no_donors_wastewaterscan_lags124_revised_visualization,2025-10-18,wk inc flu hosp,0,2025-10-18,48,quantile,0.95,390.5517618965952
distributional_gaussian_nll_joint_base_no_donors_wastewaterscan_lags124_revised_visualization,2025-10-18,wk inc flu hosp,1,2025-10-25,48,quantile,0.05,76.62944277903003
distributional_gaussian_nll_joint_base_no_donors_wastewaterscan_lags124_revised_visualization,2025-10-18,wk inc flu hosp,1,2025-10-25,48,quantile,0.25,131.74005805892415
distributional_gaussian_nll_joint_base_no_donors_wastewaterscan_lags124_revised_visualization,2025-10-18,wk inc flu hosp,1,2025-10-25,48,quantile,0.5,201.70070513702325
distributional_gaussian_nll_joint_base_no_donors_wastewaterscan_lags124_revised_visualization,2025-10-18,wk inc flu hosp,1,2025-10-25,48,quantile,0.75,302.07297887936767
distributional_gaussian_nll_joint_base_no_donors_wastewaterscan_lags124_revised_visualization,2025-10-18,wk inc flu hosp,1,2025-10-25,48,quantile,0.95,530.4046405095155
distributional_gaussian_nll_joint_base_no_donors_wastewaterscan_lags124_revised_visualization,2025-10-18,wk inc flu hosp,2,2025-11-01,48,quantile,0.05,92.9337675356737
distributional_gaussian_nll_joint_base_no_donors_wastewaterscan_lags124_revised_visualization,2025-10-18,wk inc flu hosp,2,2025-11-01,48,quantile,0.25,175.0154499364629
distributional_gaussian_nll_joint_base_no_donors_wastewaterscan_lags124_revised_visualization,2025-10-18,wk inc flu hosp,2,2025-11-01,48,quantile,0.5,298.2197701793941
distributional_gaussian_nll_joint_base_no_donors_wastewaterscan_lags124_revised_visualization,2025-10-18,wk inc flu hosp,2,2025-11-01,48,quantile,0.75,474.5111369488026
distributional_gaussian_nll_joint_base_no_donors_wastewaterscan_lags124_revised_visualization,2025-10-18,wk inc flu hosp,2,2025-11-01,48,quantile,0.95,893.2404996614732
distributional_gaussian_nll_joint_base_no_donors_wastewaterscan_lags124_revised_visualization,2025-10-18,wk inc flu hosp,3,2025-11-08,48,quantile,0.05,88.65752291251289
distributional_gaussian_nll_joint_base_no_donors_wastewaterscan_lags124_revised_visualization,2025-10-18,wk inc flu hosp,3,2025-11-08,48,quantile,0.25,196.26813427907183
distributional_gaussian_nll_joint_base_no_donors_wastewaterscan_lags124_revised_visualization,2025-10-18,wk inc flu hosp,3,2025-11-08,48,quantile,0.5,350.16646803767367
distributional_gaussian_nll_joint_base_no_donors_wastewaterscan_lags124_revised_visualization,2025-10-18,wk inc flu hosp,3,2025-11-08,48,quantile,0.75,568.9868825806986
distributional_gaussian_nll_joint_base_no_donors_wastewaterscan_lags124_revised_visualization,2025-10-18,wk inc flu hosp,3,2025-11-08,48,quantile,0.95,1143.6730703249748
distributional_gaussian_nll_joint_base_no_donors_wastewaterscan_lags124_revised_visualization,2025-10-25,wk inc flu hosp,0,2025-10-25,48,quantile,0.05,85.77711908335257
distributional_gaussian_nll_joint_base_no_donors_wastewaterscan_lags124_revised_visualization,2025-10-25,wk inc flu hosp,0,2025-10-25,48,quantile,0.25,131.77914577797924
distributional_gaussian_nll_joint_base_no_donors_wastewaterscan_lags124_revised_visualization,2025-10-25,wk inc flu hosp,0,2025-10-25,48,quantile,0.5,183.49324737894491
distributional_gaussian_nll_joint_base_no_donors_wastewaterscan_lags124_revised_visualization,2025-10-25,wk inc flu hosp,0,2025-10-25,48,quantile,0.75,260.4768829464974
distributional_gaussian_nll_joint_base_no_donors_wastewaterscan_lags124_revised_visualization,2025-10-25,wk inc flu hosp,0,2025-10-25,48,quantile,0.95,406.9069951661586
distributional_gaussian_nll_joint_base_no_donors_wastewaterscan_lags124_revised_visualization,2025-10-25,wk inc flu hosp,1,2025-11-01,48,quantile,0.05,84.3439467318256
distributional_gaussian_nll_joint_base_no_donors_wastewaterscan_lags124_revised_visualization,2025-10-25,wk inc flu hosp,1,2025-11-01,48,quantile,0.25,138.8262263424843
distributional_gaussian_nll_joint_base_no_donors_wastewaterscan_lags124_revised_visualization,2025-10-25,wk inc flu hosp,1,2025-11-01,48,quantile,0.5,209.97054781687967
distributional_gaussian_nll_joint_base_no_donors_wastewaterscan_lags124_revised_visualization,2025-10-25,wk inc flu hosp,1,2025-11-01,48,quantile,0.75,313.4103579182349
distributional_gaussian_nll_joint_base_no_donors_wastewaterscan_lags124_revised_visualization,2025-10-25,wk inc flu hosp,1,2025-11-01,48,quantile,0.95,558.7791779011832
distributional_gaussian_nll_joint_base_no_donors_wastewaterscan_lags124_revised_visualization,2025-10-25,wk inc flu hosp,2,2025-11-08,48,quantile,0.05,95.7191883939694
distributional_gaussian_nll_joint_base_no_donors_wastewaterscan_lags124_revised_visualization,2025-10-25,wk inc flu hosp,2,2025-11-08,48,quantile,0.25,175.82570751482697
distributional_gaussian_nll_joint_base_no_donors_wastewaterscan_lags124_revised_visualization,2025-10-25,wk inc flu hosp,2,2025-11-08,48,quantile,0.5,276.70658919075174
distributional_gaussian_nll_joint_base_no_donors_wastewaterscan_lags124_revised_visualization,2025-10-25,wk inc flu hosp,2,2025-11-08,48,quantile,0.75,441.57125088811927
distributional_gaussian_nll_joint_base_no_donors_wastewaterscan_lags124_revised_visualization,2025-10-25,wk inc flu hosp,2,2025-11-08,48,quantile,0.95,854.6209609688667
distributional_gaussian_nll_joint_base_no_donors_wastewaterscan_lags124_revised_visualization,2025-10-25,wk inc flu hosp,3,2025-11-15,48,quantile,0.05,93.94486784180432
distributional_gaussian_nll_joint_base_no_donors_wastewaterscan_lags124_revised_visualization,2025-10-25,wk inc flu hosp,3,2025-11-15,48,quantile,0.25,179.22764093934902
distributional_gaussian_nll_joint_base_no_donors_wastewaterscan_lags124_revised_visualization,2025-10-25,wk inc flu hosp,3,2025-11-15,48,quantile,0.5,310.20485685465405
distributional_gaussian_nll_joint_base_no_donors_wastewaterscan_lags124_revised_visualization,2025-10-25,wk inc flu hosp,3,2025-11-15,48,quantile,0.75,539.0061996383083
distributional_gaussian_nll_joint_base_no_donors_wastewaterscan_lags124_revised_visualization,2025-10-25,wk inc flu hosp,3,2025-11-15,48,quantile,0.95,1097.4454253588033
distributional_gaussian_nll_joint_base_no_donors_wastewaterscan_lags124_revised_visualization,2025-11-01,wk inc flu hosp,0,2025-11-01,48,quantile,0.05,86.7059168959756
distributional_gaussian_nll_joint_base_no_donors_wastewaterscan_lags124_revised_visualization,2025-11-01,wk inc flu hosp,0,2025-11-01,48,quantile,0.25,142.63802389986594
distributional_gaussian_nll_joint_base_no_donors_wastewaterscan_lags124_revised_visualization,2025-11-01,wk inc flu hosp,0,2025-11-01,48,quantile,0.5,204.42019806233344
distributional_gaussian_nll_joint_base_no_donors_wastewaterscan_lags124_revised_visualization,2025-11-01,wk inc flu hosp,0,2025-11-01,48,quantile,0.75,296.098026561808
distributional_gaussian_nll_joint_base_no_donors_wastewaterscan_lags124_revised_visualization,2025-11-01,wk inc flu hosp,0,2025-11-01,48,quantile,0.95,488.5165661340921
distributional_gaussian_nll_joint_base_no_donors_wastewaterscan_lags124_revised_visualization,2025-11-01,wk inc flu hosp,1,2025-11-08,48,quantile,0.05,85.82296110838553
distributional_gaussian_nll_joint_base_no_donors_wastewaterscan_lags124_revised_visualization,2025-11-01,wk inc flu hosp,1,2025-11-08,48,quantile,0.25,155.7631195145555
distributional_gaussian_nll_joint_base_no_donors_wastewaterscan_lags124_revised_visualization,2025-11-01,wk inc flu hosp,1,2025-11-08,48,quantile,0.5,239.62440363147977
distributional_gaussian_nll_joint_base_no_donors_wastewaterscan_lags124_revised_visualization,2025-11-01,wk inc flu hosp,1,2025-11-08,48,quantile,0.75,353.77757289223246
distributional_gaussian_nll_joint_base_no_donors_wastewaterscan_lags124_revised_visualization,2025-11-01,wk inc flu hosp,1,2025-11-08,48,quantile,0.95,630.539513814158
distributional_gaussian_nll_joint_base_no_donors_wastewaterscan_lags124_revised_visualization,2025-11-01,wk inc flu hosp,2,2025-11-15,48,quantile,0.05,97.70140132705458
distributional_gaussian_nll_joint_base_no_donors_wastewaterscan_lags124_revised_visualization,2025-11-01,wk inc flu hosp,2,2025-11-15,48,quantile,0.25,212.2581825244084
distributional_gaussian_nll_joint_base_no_donors_wastewaterscan_lags124_revised_visualization,2025-11-01,wk inc flu hosp,2,2025-11-15,48,quantile,0.5,355.62478515573093
distributional_gaussian_nll_joint_base_no_donors_wastewaterscan_lags124_revised_visualization,2025-11-01,wk inc flu hosp,2,2025-11-15,48,quantile,0.75,577.4491493260722
distributional_gaussian_nll_joint_base_no_donors_wastewaterscan_lags124_revised_visualization,2025-11-01,wk inc flu hosp,2,2025-11-15,48,quantile,0.95,1143.6714428310809
distributional_gaussian_nll_joint_base_no_donors_wastewaterscan_lags124_revised_visualization,2025-11-01,wk inc flu hosp,3,2025-11-22,48,quantile,0.05,101.23519101021272
distributional_gaussian_nll_joint_base_no_donors_wastewaterscan_lags124_revised_visualization,2025-11-01,wk inc flu hosp,3,2025-11-22,48,quantile,0.25,228.0866955450052
distributional_gaussian_nll_joint_base_no_donors_wastewaterscan_lags124_revised_visualization,2025-11-01,wk inc flu hosp,3,2025-11-22,48,quantile,0.5,405.5836206855365
distributional_gaussian_nll_joint_base_no_donors_wastewaterscan_lags124_revised_visualization,2025-11-01,wk inc flu hosp,3,2025-11-22,48,quantile,0.75,691.9452824449595
distributional_gaussian_nll_joint_base_no_donors_wastewaterscan_lags124_revised_visualization,2025-11-01,wk inc flu hosp,3,2025-11-22,48,quantile,0.95,1506.4404526345525
distributional_gaussian_nll_joint_base_no_donors_wastewaterscan_lags124_revised_visualization,2025-11-08,wk inc flu hosp,0,2025-11-08,48,quantile,0.05,96.2157917855598
distributional_gaussian_nll_joint_base_no_donors_wastewaterscan_lags124_revised_visualization,2025-11-08,wk inc flu hosp,0,2025-11-08,48,quantile,0.25,157.65229573105083
distributional_gaussian_nll_joint_base_no_donors_wastewaterscan_lags124_revised_visualization,2025-11-08,wk inc flu hosp,0,2025-11-08,48,quantile,0.5,223.20942063026143
distributional_gaussian_nll_joint_base_no_donors_wastewaterscan_lags124_revised_visualization,2025-11-08,wk inc flu hosp,0,2025-11-08,48,quantile,0.75,322.65831645594403
distributional_gaussian_nll_joint_base_no_donors_wastewaterscan_lags124_revised_visualization,2025-11-08,wk inc flu hosp,0,2025-11-08,48,quantile,0.95,547.0206524853363
distributional_gaussian_nll_joint_base_no_donors_wastewaterscan_lags124_revised_visualization,2025-11-08,wk inc flu hosp,1,2025-11-15,48,quantile,0.05,93.35791826769542
distributional_gaussian_nll_joint_base_no_donors_wastewaterscan_lags124_revised_visualization,2025-11-08,wk inc flu hosp,1,2025-11-15,48,quantile,0.25,169.04860080734852
distributional_gaussian_nll_joint_base_no_donors_wastewaterscan_lags124_revised_visualization,2025-11-08,wk inc flu hosp,1,2025-11-15,48,quantile,0.5,255.496028713309
distributional_gaussian_nll_joint_base_no_donors_wastewaterscan_lags124_revised_visualization,2025-11-08,wk inc flu hosp,1,2025-11-15,48,quantile,0.75,393.2120130682836
distributional_gaussian_nll_joint_base_no_donors_wastewaterscan_lags124_revised_visualization,2025-11-08,wk inc flu hosp,1,2025-11-15,48,quantile,0.95,741.1585000064014
distributional_gaussian_nll_joint_base_no_donors_wastewaterscan_lags124_revised_visualization,2025-11-08,wk inc flu hosp,2,2025-11-22,48,quantile,0.05,107.52751503149868
distributional_gaussian_nll_joint_base_no_donors_wastewaterscan_lags124_revised_visualization,2025-11-08,wk inc flu hosp,2,2025-11-22,48,quantile,0.25,216.32715117407943
distributional_gaussian_nll_joint_base_no_donors_wastewaterscan_lags124_revised_visualization,2025-11-08,wk inc flu hosp,2,2025-11-22,48,quantile,0.5,354.0188111771278
distributional_gaussian_nll_joint_base_no_donors_wastewaterscan_lags124_revised_visualization,2025-11-08,wk inc flu hosp,2,2025-11-22,48,quantile,0.75,596.3727035431824
distributional_gaussian_nll_joint_base_no_donors_wastewaterscan_lags124_revised_visualization,2025-11-08,wk inc flu hosp,2,2025-11-22,48,quantile,0.95,1181.248046358682
distributional_gaussian_nll_joint_base_no_donors_wastewaterscan_lags124_revised_visualization,2025-11-08,wk inc flu hosp,3,2025-11-29,48,quantile,0.05,108.12567426097364
distributional_gaussian_nll_joint_base_no_donors_wastewaterscan_lags124_revised_visualization,2025-11-08,wk inc flu hosp,3,2025-11-29,48,quantile,0.25,230.30090118201437
distributional_gaussian_nll_joint_base_no_donors_wastewaterscan_lags124_revised_visualization,2025-11-08,wk inc flu hosp,3,2025-11-29,48,quantile,0.5,418.0108588823031
distributional_gaussian_nll_joint_base_no_donors_wastewaterscan_lags124_revised_visualization,2025-11-08,wk inc flu hosp,3,2025-11-29,48,quantile,0.75,737.3459506457154
distributional_gaussian_nll_joint_base_no_donors_wastewaterscan_lags124_revised_visualization,2025-11-08,wk inc flu hosp,3,2025-11-29,48,quantile,0.95,1596.4744290307526
distributional_gaussian_nll_joint_base_no_donors_wastewaterscan_lags124_revised_visualization,2025-11-15,wk inc flu hosp,0,2025-11-15,48,quantile,0.05,153.14667998320652
distributional_gaussian_nll_joint_base_no_donors_wastewaterscan_lags124_revised_visualization,2025-11-15,wk inc flu hosp,0,2025-11-15,48,quantile,0.25,235.12526653668385
distributional_gaussian_nll_joint_base_no_donors_wastewaterscan_lags124_revised_visualization,2025-11-15,wk inc flu hosp,0,2025-11-15,48,quantile,0.5,312.7439509667603
distributional_gaussian_nll_joint_base_no_donors_wastewaterscan_lags124_revised_visualization,2025-11-15,wk inc flu hosp,0,2025-11-15,48,quantile,0.75,414.0258958635694
distributional_gaussian_nll_joint_base_no_donors_wastewaterscan_lags124_revised_visualization,2025-11-15,wk inc flu hosp,0,2025-11-15,48,quantile,0.95,647.7830295902444
distributional_gaussian_nll_joint_base_no_donors_wastewaterscan_lags124_revised_visualization,2025-11-15,wk inc flu hosp,1,2025-11-22,48,quantile,0.05,159.49876440322635
distributional_gaussian_nll_joint_base_no_donors_wastewaterscan_lags124_revised_visualization,2025-11-15,wk inc flu hosp,1,2025-11-22,48,quantile,0.25,262.57465140470254
distributional_gaussian_nll_joint_base_no_donors_wastewaterscan_lags124_revised_visualization,2025-11-15,wk inc flu hosp,1,2025-11-22,48,quantile,0.5,375.769506995422
distributional_gaussian_nll_joint_base_no_donors_wastewaterscan_lags124_revised_visualization,2025-11-15,wk inc flu hosp,1,2025-11-22,48,quantile,0.75,534.2885086829084
distributional_gaussian_nll_joint_base_no_donors_wastewaterscan_lags124_revised_visualization,2025-11-15,wk inc flu hosp,1,2025-11-22,48,quantile,0.95,889.3961036356634
distributional_gaussian_nll_joint_base_no_donors_wastewaterscan_lags124_revised_visualization,2025-11-15,wk inc flu hosp,2,2025-11-29,48,quantile,0.05,177.84889347603942
distributional_gaussian_nll_joint_base_no_donors_wastewaterscan_lags124_revised_visualization,2025-11-15,wk inc flu hosp,2,2025-11-29,48,quantile,0.25,362.9213509454783
distributional_gaussian_nll_joint_base_no_donors_wastewaterscan_lags124_revised_visualization,2025-11-15,wk inc flu hosp,2,2025-11-29,48,quantile,0.5,586.1355334683155
distributional_gaussian_nll_joint_base_no_donors_wastewaterscan_lags124_revised_visualization,2025-11-15,wk inc flu hosp,2,2025-11-29,48,quantile,0.75,864.2090713461957
distributional_gaussian_nll_joint_base_no_donors_wastewaterscan_lags124_revised_visualization,2025-11-15,wk inc flu hosp,2,2025-11-29,48,quantile,0.95,1631.2491758787994
distributional_gaussian_nll_joint_base_no_donors_wastewaterscan_lags124_revised_visualization,2025-11-15,wk inc flu hosp,3,2025-12-06,48,quantile,0.05,168.86892977735346
distributional_gaussian_nll_joint_base_no_donors_wastewaterscan_lags124_revised_visualization,2025-11-15,wk inc flu hosp,3,2025-12-06,48,quantile,0.25,367.5485068085967
distributional_gaussian_nll_joint_base_no_donors_wastewaterscan_lags124_revised_visualization,2025-11-15,wk inc flu hosp,3,2025-12-06,48,quantile,0.5,634.1703710016006
distributional_gaussian_nll_joint_base_no_donors_wastewaterscan_lags124_revised_visualization,2025-11-15,wk inc flu hosp,3,2025-12-06,48,quantile,0.75,1037.2371139272077
distributional_gaussian_nll_joint_base_no_donors_wastewaterscan_lags124_revised_visualization,2025-11-15,wk inc flu hosp,3,2025-12-06,48,quantile,0.95,2104.8940873288684
distributional_gaussian_nll_joint_base_no_donors_wastewaterscan_lags124_revised_visualization,2025-11-22,wk inc flu hosp,0,2025-11-22,48,quantile,0.05,194.16854791604845
distributional_gaussian_nll_joint_base_no_donors_wastewaterscan_lags124_revised_visualization,2025-11-22,wk inc flu hosp,0,2025-11-22,48,quantile,0.25,299.526160041792
distributional_gaussian_nll_joint_base_no_donors_wastewaterscan_lags124_revised_visualization,2025-11-22,wk inc flu hosp,0,2025-11-22,48,quantile,0.5,395.8731147553988
distributional_gaussian_nll_joint_base_no_donors_wastewaterscan_lags124_revised_visualization,2025-11-22,wk inc flu hosp,0,2025-11-22,48,quantile,0.75,528.7933700312474
distributional_gaussian_nll_joint_base_no_donors_wastewaterscan_lags124_revised_visualization,2025-11-22,wk inc flu hosp,0,2025-11-22,48,quantile,0.95,813.1921969028942
distributional_gaussian_nll_joint_base_no_donors_wastewaterscan_lags124_revised_visualization,2025-11-22,wk inc flu hosp,1,2025-11-29,48,quantile,0.05,196.3622190409092
distributional_gaussian_nll_joint_base_no_donors_wastewaterscan_lags124_revised_visualization,2025-11-22,wk inc flu hosp,1,2025-11-29,48,quantile,0.25,323.7267220224466
distributional_gaussian_nll_joint_base_no_donors_wastewaterscan_lags124_revised_visualization,2025-11-22,wk inc flu hosp,1,2025-11-29,48,quantile,0.5,464.9286906561669
distributional_gaussian_nll_joint_base_no_donors_wastewaterscan_lags124_revised_visualization,2025-11-22,wk inc flu hosp,1,2025-11-29,48,quantile,0.75,656.6104549566764
distributional_gaussian_nll_joint_base_no_donors_wastewaterscan_lags124_revised_visualization,2025-11-22,wk inc flu hosp,1,2025-11-29,48,quantile,0.95,1084.9428206611965
distributional_gaussian_nll_joint_base_no_donors_wastewaterscan_lags124_revised_visualization,2025-11-22,wk inc flu hosp,2,2025-12-06,48,quantile,0.05,204.2947267953517
distributional_gaussian_nll_joint_base_no_donors_wastewaterscan_lags124_revised_visualization,2025-11-22,wk inc flu hosp,2,2025-12-06,48,quantile,0.25,405.7513455860122
distributional_gaussian_nll_joint_base_no_donors_wastewaterscan_lags124_revised_visualization,2025-11-22,wk inc flu hosp,2,2025-12-06,48,quantile,0.5,654.2136077776097
distributional_gaussian_nll_joint_base_no_donors_wastewaterscan_lags124_revised_visualization,2025-11-22,wk inc flu hosp,2,2025-12-06,48,quantile,0.75,1016.2419954809856
distributional_gaussian_nll_joint_base_no_donors_wastewaterscan_lags124_revised_visualization,2025-11-22,wk inc flu hosp,2,2025-12-06,48,quantile,0.95,1820.269691275441
distributional_gaussian_nll_joint_base_no_donors_wastewaterscan_lags124_revised_visualization,2025-11-22,wk inc flu hosp,3,2025-12-13,48,quantile,0.05,204.529927861927
distributional_gaussian_nll_joint_base_no_donors_wastewaterscan_lags124_revised_visualization,2025-11-22,wk inc flu hosp,3,2025-12-13,48,quantile,0.25,424.009888106026
distributional_gaussian_nll_joint_base_no_donors_wastewaterscan_lags124_revised_visualization,2025-11-22,wk inc flu hosp,3,2025-12-13,48,quantile,0.5,734.4369250646969
distributional_gaussian_nll_joint_base_no_donors_wastewaterscan_lags124_revised_visualization,2025-11-22,wk inc flu hosp,3,2025-12-13,48,quantile,0.75,1205.7151443260773
distributional_gaussian_nll_joint_base_no_donors_wastewaterscan_lags124_revised_visualization,2025-11-22,wk inc flu hosp,3,2025-12-13,48,quantile,0.95,2482.532481703507
distributional_gaussian_nll_joint_base_no_donors_wastewaterscan_lags124_revised_visualization,2025-11-29,wk inc flu hosp,0,2025-11-29,48,quantile,0.05,293.8748261166937
distributional_gaussian_nll_joint_base_no_donors_wastewaterscan_lags124_revised_visualization,2025-11-29,wk inc flu hosp,0,2025-11-29,48,quantile,0.25,464.6163714606169
distributional_gaussian_nll_joint_base_no_donors_wastewaterscan_lags124_revised_visualization,2025-11-29,wk inc flu hosp,0,2025-11-29,48,quantile,0.5,647.2292098579568
distributional_gaussian_nll_joint_base_no_donors_wastewaterscan_lags124_revised_visualization,2025-11-29,wk inc flu hosp,0,2025-11-29,48,quantile,0.75,912.8968703561446
distributional_gaussian_nll_joint_base_no_donors_wastewaterscan_lags124_revised_visualization,2025-11-29,wk inc flu hosp,0,2025-11-29,48,quantile,0.95,1473.9428023997882
distributional_gaussian_nll_joint_base_no_donors_wastewaterscan_lags124_revised_visualization,2025-11-29,wk inc flu hosp,1,2025-12-06,48,quantile,0.05,281.8675286796135
distributional_gaussian_nll_joint_base_no_donors_wastewaterscan_lags124_revised_visualization,2025-11-29,wk inc flu hosp,1,2025-12-06,48,quantile,0.25,524.124874313243
distributional_gaussian_nll_joint_base_no_donors_wastewaterscan_lags124_revised_visualization,2025-11-29,wk inc flu hosp,1,2025-12-06,48,quantile,0.5,797.1768480340054
distributional_gaussian_nll_joint_base_no_donors_wastewaterscan_lags124_revised_visualization,2025-11-29,wk inc flu hosp,1,2025-12-06,48,quantile,0.75,1218.6391425637737
distributional_gaussian_nll_joint_base_no_donors_wastewaterscan_lags124_revised_visualization,2025-11-29,wk inc flu hosp,1,2025-12-06,48,quantile,0.95,2274.7502302741896
distributional_gaussian_nll_joint_base_no_donors_wastewaterscan_lags124_revised_visualization,2025-11-29,wk inc flu hosp,2,2025-12-13,48,quantile,0.05,334.79918132060925
distributional_gaussian_nll_joint_base_no_donors_wastewaterscan_lags124_revised_visualization,2025-11-29,wk inc flu hosp,2,2025-12-13,48,quantile,0.25,711.8235921291518
distributional_gaussian_nll_joint_base_no_donors_wastewaterscan_lags124_revised_visualization,2025-11-29,wk inc flu hosp,2,2025-12-13,48,quantile,0.5,1177.2306120829016
distributional_gaussian_nll_joint_base_no_donors_wastewaterscan_lags124_revised_visualization,2025-11-29,wk inc flu hosp,2,2025-12-13,48,quantile,0.75,1993.4970676537969
distributional_gaussian_nll_joint_base_no_donors_wastewaterscan_lags124_revised_visualization,2025-11-29,wk inc flu hosp,2,2025-12-13,48,quantile,0.95,4175.477416518361
distributional_gaussian_nll_joint_base_no_donors_wastewaterscan_lags124_revised_visualization,2025-11-29,wk inc flu hosp,3,2025-12-20,48,quantile,0.05,310.8373662454675
distributional_gaussian_nll_joint_base_no_donors_wastewaterscan_lags124_revised_visualization,2025-11-29,wk inc flu hosp,3,2025-12-20,48,quantile,0.25,749.6932074010829
distributional_gaussian_nll_joint_base_no_donors_wastewaterscan_lags124_revised_visualization,2025-11-29,wk inc flu hosp,3,2025-12-20,48,quantile,0.5,1378.8975661880277
distributional_gaussian_nll_joint_base_no_donors_wastewaterscan_lags124_revised_visualization,2025-11-29,wk inc flu hosp,3,2025-12-20,48,quantile,0.75,2524.5238760393963
distributional_gaussian_nll_joint_base_no_donors_wastewaterscan_lags124_revised_visualization,2025-11-29,wk inc flu hosp,3,2025-12-20,48,quantile,0.95,5935.242870449577
distributional_gaussian_nll_joint_base_no_donors_wastewaterscan_lags124_revised_visualization,2025-12-06,wk inc flu hosp,0,2025-12-06,48,quantile,0.05,435.0483560074885
distributional_gaussian_nll_joint_base_no_donors_wastewaterscan_lags124_revised_visualization,2025-12-06,wk inc flu hosp,0,2025-12-06,48,quantile,0.25,687.6131176542706
distributional_gaussian_nll_joint_base_no_donors_wastewaterscan_lags124_revised_visualization,2025-12-06,wk inc flu hosp,0,2025-12-06,48,quantile,0.5,947.5811131140184
distributional_gaussian_nll_joint_base_no_donors_wastewaterscan_lags124_revised_visualization,2025-12-06,wk inc flu hosp,0,2025-12-06,48,quantile,0.75,1275.0499519424325
distributional_gaussian_nll_joint_base_no_donors_wastewaterscan_lags124_revised_visualization,2025-12-06,wk inc flu hosp,0,2025-12-06,48,quantile,0.95,2030.689791737136
distributional_gaussian_nll_joint_base_no_donors_wastewaterscan_lags124_revised_visualization,2025-12-06,wk inc flu hosp,1,2025-12-13,48,quantile,0.05,440.6427533866536
distributional_gaussian_nll_joint_base_no_donors_wastewaterscan_lags124_revised_visualization,2025-12-06,wk inc flu hosp,1,2025-12-13,48,quantile,0.25,780.3235268678707
distributional_gaussian_nll_joint_base_no_donors_wastewaterscan_lags124_revised_visualization,2025-12-06,wk inc flu hosp,1,2025-12-13,48,quantile,0.5,1187.6912665079385
distributional_gaussian_nll_joint_base_no_donors_wastewaterscan_lags124_revised_visualization,2025-12-06,wk inc flu hosp,1,2025-12-13,48,quantile,0.75,1801.7406141569272
distributional_gaussian_nll_joint_base_no_donors_wastewaterscan_lags124_revised_visualization,2025-12-06,wk inc flu hosp,1,2025-12-13,48,quantile,0.95,3270.6653438178737
distributional_gaussian_nll_joint_base_no_donors_wastewaterscan_lags124_revised_visualization,2025-12-06,wk inc flu hosp,2,2025-12-20,48,quantile,0.05,527.1857118722492
distributional_gaussian_nll_joint_base_no_donors_wastewaterscan_lags124_revised_visualization,2025-12-06,wk inc flu hosp,2,2025-12-20,48,quantile,0.25,1131.7776935751808
distributional_gaussian_nll_joint_base_no_donors_wastewaterscan_lags124_revised_visualization,2025-12-06,wk inc flu hosp,2,2025-12-20,48,quantile,0.5,1973.4769282793216
distributional_gaussian_nll_joint_base_no_donors_wastewaterscan_lags124_revised_visualization,2025-12-06,wk inc flu hosp,2,2025-12-20,48,quantile,0.75,3349.949709043794
distributional_gaussian_nll_joint_base_no_donors_wastewaterscan_lags124_revised_visualization,2025-12-06,wk inc flu hosp,2,2025-12-20,48,quantile,0.95,6888.252141433432
distributional_gaussian_nll_joint_base_no_donors_wastewaterscan_lags124_revised_visualization,2025-12-06,wk inc flu hosp,3,2025-12-27,48,quantile,0.05,501.4590020880398
distributional_gaussian_nll_joint_base_no_donors_wastewaterscan_lags124_revised_visualization,2025-12-06,wk inc flu hosp,3,2025-12-27,48,quantile,0.25,1218.6516738321363
distributional_gaussian_nll_joint_base_no_donors_wastewaterscan_lags124_revised_visualization,2025-12-06,wk inc flu hosp,3,2025-12-27,48,quantile,0.5,2345.1839725644136
distributional_gaussian_nll_joint_base_no_donors_wastewaterscan_lags124_revised_visualization,2025-12-06,wk inc flu hosp,3,2025-12-27,48,quantile,0.75,4356.106984719443
distributional_gaussian_nll_joint_base_no_donors_wastewaterscan_lags124_revised_visualization,2025-12-06,wk inc flu hosp,3,2025-12-27,48,quantile,0.95,10031.234095471931
distributional_gaussian_nll_joint_base_no_donors_wastewaterscan_lags124_revised_visualization,2025-12-13,wk inc flu hosp,0,2025-12-13,48,quantile,0.05,525.8111331846633
distributional_gaussian_nll_joint_base_no_donors_wastewaterscan_lags124_revised_visualization,2025-12-13,wk inc flu hosp,0,2025-12-13,48,quantile,0.25,818.7374454485337
distributional_gaussian_nll_joint_base_no_donors_wastewaterscan_lags124_revised_visualization,2025-12-13,wk inc flu hosp,0,2025-12-13,48,quantile,0.5,1103.091541204311
distributional_gaussian_nll_joint_base_no_donors_wastewaterscan_lags124_revised_visualization,2025-12-13,wk inc flu hosp,0,2025-12-13,48,quantile,0.75,1465.0100883569958
distributional_gaussian_nll_joint_base_no_donors_wastewaterscan_lags124_revised_visualization,2025-12-13,wk inc flu hosp,0,2025-12-13,48,quantile,0.95,2294.01568240055
distributional_gaussian_nll_joint_base_no_donors_wastewaterscan_lags124_revised_visualization,2025-12-13,wk inc flu hosp,1,2025-12-20,48,quantile,0.05,524.3482787482285
distributional_gaussian_nll_joint_base_no_donors_wastewaterscan_lags124_revised_visualization,2025-12-13,wk inc flu hosp,1,2025-12-20,48,quantile,0.25,947.5968561226796
distributional_gaussian_nll_joint_base_no_donors_wastewaterscan_lags124_revised_visualization,2025-12-13,wk inc flu hosp,1,2025-12-20,48,quantile,0.5,1419.6218531445363
distributional_gaussian_nll_joint_base_no_donors_wastewaterscan_lags124_revised_visualization,2025-12-13,wk inc flu hosp,1,2025-12-20,48,quantile,0.75,2061.098719646192
distributional_gaussian_nll_joint_base_no_donors_wastewaterscan_lags124_revised_visualization,2025-12-13,wk inc flu hosp,1,2025-12-20,48,quantile,0.95,3708.733323959637
distributional_gaussian_nll_joint_base_no_donors_wastewaterscan_lags124_revised_visualization,2025-12-13,wk inc flu hosp,2,2025-12-27,48,quantile,0.05,626.7923644396715
distributional_gaussian_nll_joint_base_no_donors_wastewaterscan_lags124_revised_visualization,2025-12-13,wk inc flu hosp,2,2025-12-27,48,quantile,0.25,1318.7960797576586
distributional_gaussian_nll_joint_base_no_donors_wastewaterscan_lags124_revised_visualization,2025-12-13,wk inc flu hosp,2,2025-12-27,48,quantile,0.5,2300.035799747458
distributional_gaussian_nll_joint_base_no_donors_wastewaterscan_lags124_revised_visualization,2025-12-13,wk inc flu hosp,2,2025-12-27,48,quantile,0.75,3796.872165687513
distributional_gaussian_nll_joint_base_no_donors_wastewaterscan_lags124_revised_visualization,2025-12-13,wk inc flu hosp,2,2025-12-27,48,quantile,0.95,8162.847691861324
distributional_gaussian_nll_joint_base_no_donors_wastewaterscan_lags124_revised_visualization,2025-12-13,wk inc flu hosp,3,2026-01-03,48,quantile,0.05,595.7083357782661
distributional_gaussian_nll_joint_base_no_donors_wastewaterscan_lags124_revised_visualization,2025-12-13,wk inc flu hosp,3,2026-01-03,48,quantile,0.25,1451.0600032029347
distributional_gaussian_nll_joint_base_no_donors_wastewaterscan_lags124_revised_visualization,2025-12-13,wk inc flu hosp,3,2026-01-03,48,quantile,0.5,2616.898846086257
distributional_gaussian_nll_joint_base_no_donors_wastewaterscan_lags124_revised_visualization,2025-12-13,wk inc flu hosp,3,2026-01-03,48,quantile,0.75,4732.048106608792
distributional_gaussian_nll_joint_base_no_donors_wastewaterscan_lags124_revised_visualization,2025-12-13,wk inc flu hosp,3,2026-01-03,48,quantile,0.95,11457.965470372028
distributional_gaussian_nll_joint_base_no_donors_wastewaterscan_lags124_revised_visualization,2025-12-20,wk inc flu hosp,0,2025-12-20,48,quantile,0.05,763.0568927473824
distributional_gaussian_nll_joint_base_no_donors_wastewaterscan_lags124_revised_visualization,2025-12-20,wk inc flu hosp,0,2025-12-20,48,quantile,0.25,1140.16445843163
distributional_gaussian_nll_joint_base_no_donors_wastewaterscan_lags124_revised_visualization,2025-12-20,wk inc flu hosp,0,2025-12-20,48,quantile,0.5,1513.2004826383843
distributional_gaussian_nll_joint_base_no_donors_wastewaterscan_lags124_revised_visualization,2025-12-20,wk inc flu hosp,0,2025-12-20,48,quantile,0.75,2087.1054766283787
distributional_gaussian_nll_joint_base_no_donors_wastewaterscan_lags124_revised_visualization,2025-12-20,wk inc flu hosp,0,2025-12-20,48,quantile,0.95,3249.341479249303
distributional_gaussian_nll_joint_base_no_donors_wastewaterscan_lags124_revised_visualization,2025-12-20,wk inc flu hosp,1,2025-12-27,48,quantile,0.05,724.4336402544801
distributional_gaussian_nll_joint_base_no_donors_wastewaterscan_lags124_revised_visualization,2025-12-20,wk inc flu hosp,1,2025-12-27,48,quantile,0.25,1268.083921496897
distributional_gaussian_nll_joint_base_no_donors_wastewaterscan_lags124_revised_visualization,2025-12-20,wk inc flu hosp,1,2025-12-27,48,quantile,0.5,1937.608378557466
distributional_gaussian_nll_joint_base_no_donors_wastewaterscan_lags124_revised_visualization,2025-12-20,wk inc flu hosp,1,2025-12-27,48,quantile,0.75,2956.622435957099
distributional_gaussian_nll_joint_base_no_donors_wastewaterscan_lags124_revised_visualization,2025-12-20,wk inc flu hosp,1,2025-12-27,48,quantile,0.95,5230.533349357807
distributional_gaussian_nll_joint_base_no_donors_wastewaterscan_lags124_revised_visualization,2025-12-20,wk inc flu hosp,2,2026-01-03,48,quantile,0.05,862.1898054859525
distributional_gaussian_nll_joint_base_no_donors_wastewaterscan_lags124_revised_visualization,2025-12-20,wk inc flu hosp,2,2026-01-03,48,quantile,0.25,1750.0902382933405
distributional_gaussian_nll_joint_base_no_donors_wastewaterscan_lags124_revised_visualization,2025-12-20,wk inc flu hosp,2,2026-01-03,48,quantile,0.5,2976.622860579927
distributional_gaussian_nll_joint_base_no_donors_wastewaterscan_lags124_revised_visualization,2025-12-20,wk inc flu hosp,2,2026-01-03,48,quantile,0.75,4993.939609245552
distributional_gaussian_nll_joint_base_no_donors_wastewaterscan_lags124_revised_visualization,2025-12-20,wk inc flu hosp,2,2026-01-03,48,quantile,0.95,10402.834972475248
distributional_gaussian_nll_joint_base_no_donors_wastewaterscan_lags124_revised_visualization,2025-12-20,wk inc flu hosp,3,2026-01-10,48,quantile,0.05,793.1366976312936
distributional_gaussian_nll_joint_base_no_donors_wastewaterscan_lags124_revised_visualization,2025-12-20,wk inc flu hosp,3,2026-01-10,48,quantile,0.25,1686.3426691720438
distributional_gaussian_nll_joint_base_no_donors_wastewaterscan_lags124_revised_visualization,2025-12-20,wk inc flu hosp,3,2026-01-10,48,quantile,0.5,3152.719461134735
distributional_gaussian_nll_joint_base_no_donors_wastewaterscan_lags124_revised_visualization,2025-12-20,wk inc flu hosp,3,2026-01-10,48,quantile,0.75,5508.046710834744
distributional_gaussian_nll_joint_base_no_donors_wastewaterscan_lags124_revised_visualization,2025-12-20,wk inc flu hosp,3,2026-01-10,48,quantile,0.95,12765.72634420148
distributional_gaussian_nll_joint_base_no_donors_wastewaterscan_lags124_revised_visualization,2025-12-27,wk inc flu hosp,0,2025-12-27,48,quantile,0.05,1134.3258042022237
distributional_gaussian_nll_joint_base_no_donors_wastewaterscan_lags124_revised_visualization,2025-12-27,wk inc flu hosp,0,2025-12-27,48,quantile,0.25,1748.774175476879
distributional_gaussian_nll_joint_base_no_donors_wastewaterscan_lags124_revised_visualization,2025-12-27,wk inc flu hosp,0,2025-12-27,48,quantile,0.5,2345.6943052996494
distributional_gaussian_nll_joint_base_no_donors_wastewaterscan_lags124_revised_visualization,2025-12-27,wk inc flu hosp,0,2025-12-27,48,quantile,0.75,3129.6961621287696
distributional_gaussian_nll_joint_base_no_donors_wastewaterscan_lags124_revised_visualization,2025-12-27,wk inc flu hosp,0,2025-12-27,48,quantile,0.95,4852.864821075513
distributional_gaussian_nll_joint_base_no_donors_wastewaterscan_lags124_revised_visualization,2025-12-27,wk inc flu hosp,1,2026-01-03,48,quantile,0.05,1042.4256175325847
distributional_gaussian_nll_joint_base_no_donors_wastewaterscan_lags124_revised_visualization,2025-12-27,wk inc flu hosp,1,2026-01-03,48,quantile,0.25,1848.6140110350157
distributional_gaussian_nll_joint_base_no_donors_wastewaterscan_lags124_revised_visualization,2025-12-27,wk inc flu hosp,1,2026-01-03,48,quantile,0.5,2702.991306383365
distributional_gaussian_nll_joint_base_no_donors_wastewaterscan_lags124_revised_visualization,2025-12-27,wk inc flu hosp,1,2026-01-03,48,quantile,0.75,3963.7443519109192
distributional_gaussian_nll_joint_base_no_donors_wastewaterscan_lags124_revised_visualization,2025-12-27,wk inc flu hosp,1,2026-01-03,48,quantile,0.95,6848.29357301661
distributional_gaussian_nll_joint_base_no_donors_wastewaterscan_lags124_revised_visualization,2025-12-27,wk inc flu hosp,2,2026-01-10,48,quantile,0.05,900.2823342298464
distributional_gaussian_nll_joint_base_no_donors_wastewaterscan_lags124_revised_visualization,2025-12-27,wk inc flu hosp,2,2026-01-10,48,quantile,0.25,1899.0078537186823
distributional_gaussian_nll_joint_base_no_donors_wastewaterscan_lags124_revised_visualization,2025-12-27,wk inc flu hosp,2,2026-01-10,48,quantile,0.5,3061.8234778368624
distributional_gaussian_nll_joint_base_no_donors_wastewaterscan_lags124_revised_visualization,2025-12-27,wk inc flu hosp,2,2026-01-10,48,quantile,0.75,4904.591067801252
distributional_gaussian_nll_joint_base_no_donors_wastewaterscan_lags124_revised_visualization,2025-12-27,wk inc flu hosp,2,2026-01-10,48,quantile,0.95,10289.540773343851
distributional_gaussian_nll_joint_base_no_donors_wastewaterscan_lags124_revised_visualization,2025-12-27,wk inc flu hosp,3,2026-01-17,48,quantile,0.05,728.148887375354
distributional_gaussian_nll_joint_base_no_donors_wastewaterscan_lags124_revised_visualization,2025-12-27,wk inc flu hosp,3,2026-01-17,48,quantile,0.25,1715.3005544046678
distributional_gaussian_nll_joint_base_no_donors_wastewaterscan_lags124_revised_visualization,2025-12-27,wk inc flu hosp,3,2026-01-17,48,quantile,0.5,2963.582669810696
distributional_gaussian_nll_joint_base_no_donors_wastewaterscan_lags124_revised_visualization,2025-12-27,wk inc flu hosp,3,2026-01-17,48,quantile,0.75,5379.054256293871
distributional_gaussian_nll_joint_base_no_donors_wastewaterscan_lags124_revised_visualization,2025-12-27,wk inc flu hosp,3,2026-01-17,48,quantile,0.95,11753.68603410806
distributional_gaussian_nll_joint_base_no_donors_wastewaterscan_lags124_revised_visualization,2026-01-03,wk inc flu hosp,0,2026-01-03,48,quantile,0.05,1397.48308264258
distributional_gaussian_nll_joint_base_no_donors_wastewaterscan_lags124_revised_visualization,2026-01-03,wk inc flu hosp,0,2026-01-03,48,quantile,0.25,2042.252315789022
distributional_gaussian_nll_joint_base_no_donors_wastewaterscan_lags124_revised_visualization,2026-01-03,wk inc flu hosp,0,2026-01-03,48,quantile,0.5,2697.8946576601
distributional_gaussian_nll_joint_base_no_donors_wastewaterscan_lags124_revised_visualization,2026-01-03,wk inc flu hosp,0,2026-01-03,48,quantile,0.75,3577.597412935996
distributional_gaussian_nll_joint_base_no_donors_wastewaterscan_lags124_revised_visualization,2026-01-03,wk inc flu hosp,0,2026-01-03,48,quantile,0.95,5338.304059458131
distributional_gaussian_nll_joint_base_no_donors_wastewaterscan_lags124_revised_visualization,2026-01-03,wk inc flu hosp,1,2026-01-10,48,quantile,0.05,1119.7367270728528
distributional_gaussian_nll_joint_base_no_donors_wastewaterscan_lags124_revised_visualization,2026-01-03,wk inc flu hosp,1,2026-01-10,48,quantile,0.25,1848.9561490211568
distributional_gaussian_nll_joint_base_no_donors_wastewaterscan_lags124_revised_visualization,2026-01-03,wk inc flu hosp,1,2026-01-10,48,quantile,0.5,2669.3417802257563
distributional_gaussian_nll_joint_base_no_donors_wastewaterscan_lags124_revised_visualization,2026-01-03,wk inc flu hosp,1,2026-01-10,48,quantile,0.75,3877.4867003154695
distributional_gaussian_nll_joint_base_no_donors_wastewaterscan_lags124_revised_visualization,2026-01-03,wk inc flu hosp,1,2026-01-10,48,quantile,0.95,6482.321946541769
distributional_gaussian_nll_joint_base_no_donors_wastewaterscan_lags124_revised_visualization,2026-01-03,wk inc flu hosp,2,2026-01-17,48,quantile,0.05,853.1369306177493
distributional_gaussian_nll_joint_base_no_donors_wastewaterscan_lags124_revised_visualization,2026-01-03,wk inc flu hosp,2,2026-01-17,48,quantile,0.25,1601.0512312437995
distributional_gaussian_nll_joint_base_no_donors_wastewaterscan_lags124_revised_visualization,2026-01-03,wk inc flu hosp,2,2026-01-17,48,quantile,0.5,2606.1878716442216
distributional_gaussian_nll_joint_base_no_donors_wastewaterscan_lags124_revised_visualization,2026-01-03,wk inc flu hosp,2,2026-01-17,48,quantile,0.75,4145.179264570844
distributional_gaussian_nll_joint_base_no_donors_wastewaterscan_lags124_revised_visualization,2026-01-03,wk inc flu hosp,2,2026-01-17,48,quantile,0.95,7628.178890830874
distributional_gaussian_nll_joint_base_no_donors_wastewaterscan_lags124_revised_visualization,2026-01-03,wk inc flu hosp,3,2026-01-24,48,quantile,0.05,714.2747380587589
distributional_gaussian_nll_joint_base_no_donors_wastewaterscan_lags124_revised_visualization,2026-01-03,wk inc flu hosp,3,2026-01-24,48,quantile,0.25,1483.7819815209484
distributional_gaussian_nll_joint_base_no_donors_wastewaterscan_lags124_revised_visualization,2026-01-03,wk inc flu hosp,3,2026-01-24,48,quantile,0.5,2533.375168003973
distributional_gaussian_nll_joint_base_no_donors_wastewaterscan_lags124_revised_visualization,2026-01-03,wk inc flu hosp,3,2026-01-24,48,quantile,0.75,4412.476464973967
distributional_gaussian_nll_joint_base_no_donors_wastewaterscan_lags124_revised_visualization,2026-01-03,wk inc flu hosp,3,2026-01-24,48,quantile,0.95,9234.055415042518
distributional_gaussian_nll_joint_base_no_donors_wastewaterscan_lags124_revised_visualization,2026-01-10,wk inc flu hosp,0,2026-01-10,48,quantile,0.05,1209.921700662433
distributional_gaussian_nll_joint_base_no_donors_wastewaterscan_lags124_revised_visualization,2026-01-10,wk inc flu hosp,0,2026-01-10,48,quantile,0.25,1653.4004125242814
distributional_gaussian_nll_joint_base_no_donors_wastewaterscan_lags124_revised_visualization,2026-01-10,wk inc flu hosp,0,2026-01-10,48,quantile,0.5,2073.3769973811936
distributional_gaussian_nll_joint_base_no_donors_wastewaterscan_lags124_revised_visualization,2026-01-10,wk inc flu hosp,0,2026-01-10,48,quantile,0.75,2606.348130436054
distributional_gaussian_nll_joint_base_no_donors_wastewaterscan_lags124_revised_visualization,2026-01-10,wk inc flu hosp,0,2026-01-10,48,quantile,0.95,3556.837019631192
distributional_gaussian_nll_joint_base_no_donors_wastewaterscan_lags124_revised_visualization,2026-01-10,wk inc flu hosp,1,2026-01-17,48,quantile,0.05,957.1273933307964
distributional_gaussian_nll_joint_base_no_donors_wastewaterscan_lags124_revised_visualization,2026-01-10,wk inc flu hosp,1,2026-01-17,48,quantile,0.25,1481.7796753966463
distributional_gaussian_nll_joint_base_no_donors_wastewaterscan_lags124_revised_visualization,2026-01-10,wk inc flu hosp,1,2026-01-17,48,quantile,0.5,2018.3696146012612
distributional_gaussian_nll_joint_base_no_donors_wastewaterscan_lags124_revised_visualization,2026-01-10,wk inc flu hosp,1,2026-01-17,48,quantile,0.75,2751.102965271728
distributional_gaussian_nll_joint_base_no_donors_wastewaterscan_lags124_revised_visualization,2026-01-10,wk inc flu hosp,1,2026-01-17,48,quantile,0.95,4194.271626999696
distributional_gaussian_nll_joint_base_no_donors_wastewaterscan_lags124_revised_visualization,2026-01-10,wk inc flu hosp,2,2026-01-24,48,quantile,0.05,759.3815453279724
distributional_gaussian_nll_joint_base_no_donors_wastewaterscan_lags124_revised_visualization,2026-01-10,wk inc flu hosp,2,2026-01-24,48,quantile,0.25,1357.6168022939
distributional_gaussian_nll_joint_base_no_donors_wastewaterscan_lags124_revised_visualization,2026-01-10,wk inc flu hosp,2,2026-01-24,48,quantile,0.5,2003.8270495336124
distributional_gaussian_nll_joint_base_no_donors_wastewaterscan_lags124_revised_visualization,2026-01-10,wk inc flu hosp,2,2026-01-24,48,quantile,0.75,2963.1410824679115
distributional_gaussian_nll_joint_base_no_donors_wastewaterscan_lags124_revised_visualization,2026-01-10,wk inc flu hosp,2,2026-01-24,48,quantile,0.95,4990.13908974627
distributional_gaussian_nll_joint_base_no_donors_wastewaterscan_lags124_revised_visualization,2026-01-10,wk inc flu hosp,3,2026-01-31,48,quantile,0.05,580.7973278898162
distributional_gaussian_nll_joint_base_no_donors_wastewaterscan_lags124_revised_visualization,2026-01-10,wk inc flu hosp,3,2026-01-31,48,quantile,0.25,1197.967220727733
distributional_gaussian_nll_joint_base_no_donors_wastewaterscan_lags124_revised_visualization,2026-01-10,wk inc flu hosp,3,2026-01-31,48,quantile,0.5,1951.5108472430295
distributional_gaussian_nll_joint_base_no_donors_wastewaterscan_lags124_revised_visualization,2026-01-10,wk inc flu hosp,3,2026-01-31,48,quantile,0.75,3116.101889021478
distributional_gaussian_nll_joint_base_no_donors_wastewaterscan_lags124_revised_visualization,2026-01-10,wk inc flu hosp,3,2026-01-31,48,quantile,0.95,6064.111589576727
distributional_gaussian_nll_joint_base_no_donors_wastewaterscan_lags124_revised_visualization,2026-01-17,wk inc flu hosp,0,2026-01-17,48,quantile,0.05,1025.7538351695205
distributional_gaussian_nll_joint_base_no_donors_wastewaterscan_lags124_revised_visualization,2026-01-17,wk inc flu hosp,0,2026-01-17,48,quantile,0.25,1430.6266040535988
distributional_gaussian_nll_joint_base_no_donors_wastewaterscan_lags124_revised_visualization,2026-01-17,wk inc flu hosp,0,2026-01-17,48,quantile,0.5,1836.574464072161
distributional_gaussian_nll_joint_base_no_donors_wastewaterscan_lags124_revised_visualization,2026-01-17,wk inc flu hosp,0,2026-01-17,48,quantile,0.75,2242.9775860893824
distributional_gaussian_nll_joint_base_no_donors_wastewaterscan_lags124_revised_visualization,2026-01-17,wk inc flu hosp,0,2026-01-17,48,quantile,0.95,2950.8302683339243
distributional_gaussian_nll_joint_base_no_donors_wastewaterscan_lags124_revised_visualization,2026-01-17,wk inc flu hosp,1,2026-01-24,48,quantile,0.05,821.3131753620014
distributional_gaussian_nll_joint_base_no_donors_wastewaterscan_lags124_revised_visualization,2026-01-17,wk inc flu hosp,1,2026-01-24,48,quantile,0.25,1320.3464306278322
distributional_gaussian_nll_joint_base_no_donors_wastewaterscan_lags124_revised_visualization,2026-01-17,wk inc flu hosp,1,2026-01-24,48,quantile,0.5,1831.586969550986
distributional_gaussian_nll_joint_base_no_donors_wastewaterscan_lags124_revised_visualization,2026-01-17,wk inc flu hosp,1,2026-01-24,48,quantile,0.75,2434.41340801178
distributional_gaussian_nll_joint_base_no_donors_wastewaterscan_lags124_revised_visualization,2026-01-17,wk inc flu hosp,1,2026-01-24,48,quantile,0.95,3715.5972442268912
distributional_gaussian_nll_joint_base_no_donors_wastewaterscan_lags124_revised_visualization,2026-01-17,wk inc flu hosp,2,2026-01-31,48,quantile,0.05,636.7719066825005
distributional_gaussian_nll_joint_base_no_donors_wastewaterscan_lags124_revised_visualization,2026-01-17,wk inc flu hosp,2,2026-01-31,48,quantile,0.25,1198.4295473157076
distributional_gaussian_nll_joint_base_no_donors_wastewaterscan_lags124_revised_visualization,2026-01-17,wk inc flu hosp,2,2026-01-31,48,quantile,0.5,1812.53784787121
distributional_gaussian_nll_joint_base_no_donors_wastewaterscan_lags124_revised_visualization,2026-01-17,wk inc flu hosp,2,2026-01-31,48,quantile,0.75,2663.0179235845444
distributional_gaussian_nll_joint_base_no_donors_wastewaterscan_lags124_revised_visualization,2026-01-17,wk inc flu hosp,2,2026-01-31,48,quantile,0.95,4617.329898673247
distributional_gaussian_nll_joint_base_no_donors_wastewaterscan_lags124_revised_visualization,2026-01-17,wk inc flu hosp,3,2026-02-07,48,quantile,0.05,482.44250835544005
distributional_gaussian_nll_joint_base_no_donors_wastewaterscan_lags124_revised_visualization,2026-01-17,wk inc flu hosp,3,2026-02-07,48,quantile,0.25,1077.751235368371
distributional_gaussian_nll_joint_base_no_donors_wastewaterscan_lags124_revised_visualization,2026-01-17,wk inc flu hosp,3,2026-02-07,48,quantile,0.5,1791.3073212475638
distributional_gaussian_nll_joint_base_no_donors_wastewaterscan_lags124_revised_visualization,2026-01-17,wk inc flu hosp,3,2026-02-07,48,quantile,0.75,2863.2784097307767
distributional_gaussian_nll_joint_base_no_donors_wastewaterscan_lags124_revised_visualization,2026-01-17,wk inc flu hosp,3,2026-02-07,48,quantile,0.95,5591.02518990196
distributional_gaussian_nll_joint_base_no_donors_wastewaterscan_lags124_revised_visualization,2026-01-24,wk inc flu hosp,0,2026-01-24,48,quantile,0.05,678.3974157922908
distributional_gaussian_nll_joint_base_no_donors_wastewaterscan_lags124_revised_visualization,2026-01-24,wk inc flu hosp,0,2026-01-24,48,quantile,0.25,917.7985603802986
distributional_gaussian_nll_joint_base_no_donors_wastewaterscan_lags124_revised_visualization,2026-01-24,wk inc flu hosp,0,2026-01-24,48,quantile,0.5,1138.2619621447611
distributional_gaussian_nll_joint_base_no_donors_wastewaterscan_lags124_revised_visualization,2026-01-24,wk inc flu hosp,0,2026-01-24,48,quantile,0.75,1387.2428380508177
distributional_gaussian_nll_joint_base_no_donors_wastewaterscan_lags124_revised_visualization,2026-01-24,wk inc flu hosp,0,2026-01-24,48,quantile,0.95,1799.986729553328
distributional_gaussian_nll_joint_base_no_donors_wastewaterscan_lags124_revised_visualization,2026-01-24,wk inc flu hosp,1,2026-01-31,48,quantile,0.05,547.1950471614656
distributional_gaussian_nll_joint_base_no_donors_wastewaterscan_lags124_revised_visualization,2026-01-24,wk inc flu hosp,1,2026-01-31,48,quantile,0.25,814.8852919554515
distributional_gaussian_nll_joint_base_no_donors_wastewaterscan_lags124_revised_visualization,2026-01-24,wk inc flu hosp,1,2026-01-31,48,quantile,0.5,1059.6613024347598
distributional_gaussian_nll_joint_base_no_donors_wastewaterscan_lags124_revised_visualization,2026-01-24,wk inc flu hosp,1,2026-01-31,48,quantile,0.75,1460.682128071096
distributional_gaussian_nll_joint_base_no_donors_wastewaterscan_lags124_revised_visualization,2026-01-24,wk inc flu hosp,1,2026-01-31,48,quantile,0.95,2095.218003956068
distributional_gaussian_nll_joint_base_no_donors_wastewaterscan_lags124_revised_visualization,2026-01-24,wk inc flu hosp,2,2026-02-07,48,quantile,0.05,394.9991134032852
distributional_gaussian_nll_joint_base_no_donors_wastewaterscan_lags124_revised_visualization,2026-01-24,wk inc flu hosp,2,2026-02-07,48,quantile,0.25,705.5782178088925
distributional_gaussian_nll_joint_base_no_donors_wastewaterscan_lags124_revised_visualization,2026-01-24,wk inc flu hosp,2,2026-02-07,48,quantile,0.5,1030.7596198688002
distributional_gaussian_nll_joint_base_no_donors_wastewaterscan_lags124_revised_visualization,2026-01-24,wk inc flu hosp,2,2026-02-07,48,quantile,0.75,1581.0148371981686
distributional_gaussian_nll_joint_base_no_donors_wastewaterscan_lags124_revised_visualization,2026-01-24,wk inc flu hosp,2,2026-02-07,48,quantile,0.95,2615.632857856206
distributional_gaussian_nll_joint_base_no_donors_wastewaterscan_lags124_revised_visualization,2026-01-24,wk inc flu hosp,3,2026-02-14,48,quantile,0.05,328.6501901541402
distributional_gaussian_nll_joint_base_no_donors_wastewaterscan_lags124_revised_visualization,2026-01-24,wk inc flu hosp,3,2026-02-14,48,quantile,0.25,643.3937959462218
distributional_gaussian_nll_joint_base_no_donors_wastewaterscan_lags124_revised_visualization,2026-01-24,wk inc flu hosp,3,2026-02-14,48,quantile,0.5,982.6344116198552
distributional_gaussian_nll_joint_base_no_donors_wastewaterscan_lags124_revised_visualization,2026-01-24,wk inc flu hosp,3,2026-02-14,48,quantile,0.75,1603.445023126278
distributional_gaussian_nll_joint_base_no_donors_wastewaterscan_lags124_revised_visualization,2026-01-24,wk inc flu hosp,3,2026-02-14,48,quantile,0.95,3032.3021187387453
distributional_gaussian_nll_joint_base_no_donors_wastewaterscan_lags124_revised_visualization,2026-01-31,wk inc flu hosp,0,2026-01-31,48,quantile,0.05,681.7430614304401
distributional_gaussian_nll_joint_base_no_donors_wastewaterscan_lags124_revised_visualization,2026-01-31,wk inc flu hosp,0,2026-01-31,48,quantile,0.25,932.5856030131622
distributional_gaussian_nll_joint_base_no_donors_wastewaterscan_lags124_revised_visualization,2026-01-31,wk inc flu hosp,0,2026-01-31,48,quantile,0.5,1155.7217192630028
distributional_gaussian_nll_joint_base_no_donors_wastewaterscan_lags124_revised_visualization,2026-01-31,wk inc flu hosp,0,2026-01-31,48,quantile,0.75,1381.2931679308444
distributional_gaussian_nll_joint_base_no_donors_wastewaterscan_lags124_revised_visualization,2026-01-31,wk inc flu hosp,0,2026-01-31,48,quantile,0.95,1857.047468873364
distributional_gaussian_nll_joint_base_no_donors_wastewaterscan_lags124_revised_visualization,2026-01-31,wk inc flu hosp,1,2026-02-07,48,quantile,0.05,515.8101474149285
distributional_gaussian_nll_joint_base_no_donors_wastewaterscan_lags124_revised_visualization,2026-01-31,wk inc flu hosp,1,2026-02-07,48,quantile,0.25,811.9285299782065
distributional_gaussian_nll_joint_base_no_donors_wastewaterscan_lags124_revised_visualization,2026-01-31,wk inc flu hosp,1,2026-02-07,48,quantile,0.5,1084.542854406296
distributional_gaussian_nll_joint_base_no_donors_wastewaterscan_lags124_revised_visualization,2026-01-31,wk inc flu hosp,1,2026-02-07,48,quantile,0.75,1473.376186896116
distributional_gaussian_nll_joint_base_no_donors_wastewaterscan_lags124_revised_visualization,2026-01-31,wk inc flu hosp,1,2026-02-07,48,quantile,0.95,2225.3944538015458
distributional_gaussian_nll_joint_base_no_donors_wastewaterscan_lags124_revised_visualization,2026-01-31,wk inc flu hosp,2,2026-02-14,48,quantile,0.05,369.4558320186743
distributional_gaussian_nll_joint_base_no_donors_wastewaterscan_lags124_revised_visualization,2026-01-31,wk inc flu hosp,2,2026-02-14,48,quantile,0.25,666.6819525876735
distributional_gaussian_nll_joint_base_no_donors_wastewaterscan_lags124_revised_visualization,2026-01-31,wk inc flu hosp,2,2026-02-14,48,quantile,0.5,1001.9623093607748
distributional_gaussian_nll_joint_base_no_donors_wastewaterscan_lags124_revised_visualization,2026-01-31,wk inc flu hosp,2,2026-02-14,48,quantile,0.75,1490.1624663277794
distributional_gaussian_nll_joint_base_no_donors_wastewaterscan_lags124_revised_visualization,2026-01-31,wk inc flu hosp,2,2026-02-14,48,quantile,0.95,2559.425465024058
distributional_gaussian_nll_joint_base_no_donors_wastewaterscan_lags124_revised_visualization,2026-01-31,wk inc flu hosp,3,2026-02-21,48,quantile,0.05,256.6265567480634
distributional_gaussian_nll_joint_base_no_donors_wastewaterscan_lags124_revised_visualization,2026-01-31,wk inc flu hosp,3,2026-02-21,48,quantile,0.25,537.8784180078419
distributional_gaussian_nll_joint_base_no_donors_wastewaterscan_lags124_revised_visualization,2026-01-31,wk inc flu hosp,3,2026-02-21,48,quantile,0.5,900.8958014403944
distributional_gaussian_nll_joint_base_no_donors_wastewaterscan_lags124_revised_visualization,2026-01-31,wk inc flu hosp,3,2026-02-21,48,quantile,0.75,1448.8782521255011
distributional_gaussian_nll_joint_base_no_donors_wastewaterscan_lags124_revised_visualization,2026-01-31,wk inc flu hosp,3,2026-02-21,48,quantile,0.95,2916.2126392969503
distributional_gaussian_nll_joint_base_no_donors_wastewaterscan_lags124_revised_visualization,2026-02-07,wk inc flu hosp,0,2026-02-07,48,quantile,0.05,656.4747394670529
distributional_gaussian_nll_joint_base_no_donors_wastewaterscan_lags124_revised_visualization,2026-02-07,wk inc flu hosp,0,2026-02-07,48,quantile,0.25,869.8477856491982
distributional_gaussian_nll_joint_base_no_donors_wastewaterscan_lags124_revised_visualization,2026-02-07,wk inc flu hosp,0,2026-02-07,48,quantile,0.5,1066.7097566071234
distributional_gaussian_nll_joint_base_no_donors_wastewaterscan_lags124_revised_visualization,2026-02-07,wk inc flu hosp,0,2026-02-07,48,quantile,0.75,1274.4460610721158
distributional_gaussian_nll_joint_base_no_donors_wastewaterscan_lags124_revised_visualization,2026-02-07,wk inc flu hosp,0,2026-02-07,48,quantile,0.95,1614.653584556901
distributional_gaussian_nll_joint_base_no_donors_wastewaterscan_lags124_revised_visualization,2026-02-07,wk inc flu hosp,1,2026-02-14,48,quantile,0.05,526.3229274773644
distributional_gaussian_nll_joint_base_no_donors_wastewaterscan_lags124_revised_visualization,2026-02-07,wk inc flu hosp,1,2026-02-14,48,quantile,0.25,733.1490189459557
distributional_gaussian_nll_joint_base_no_donors_wastewaterscan_lags124_revised_visualization,2026-02-07,wk inc flu hosp,1,2026-02-14,48,quantile,0.5,955.0249212130304
distributional_gaussian_nll_joint_base_no_donors_wastewaterscan_lags124_revised_visualization,2026-02-07,wk inc flu hosp,1,2026-02-14,48,quantile,0.75,1274.555732305177
distributional_gaussian_nll_joint_base_no_donors_wastewaterscan_lags124_revised_visualization,2026-02-07,wk inc flu hosp,1,2026-02-14,48,quantile,0.95,1788.049597818358
distributional_gaussian_nll_joint_base_no_donors_wastewaterscan_lags124_revised_visualization,2026-02-07,wk inc flu hosp,2,2026-02-21,48,quantile,0.05,330.53580916609394
distributional_gaussian_nll_joint_base_no_donors_wastewaterscan_lags124_revised_visualization,2026-02-07,wk inc flu hosp,2,2026-02-21,48,quantile,0.25,546.2963623179224
distributional_gaussian_nll_joint_base_no_donors_wastewaterscan_lags124_revised_visualization,2026-02-07,wk inc flu hosp,2,2026-02-21,48,quantile,0.5,805.2292118882867
distributional_gaussian_nll_joint_base_no_donors_wastewaterscan_lags124_revised_visualization,2026-02-07,wk inc flu hosp,2,2026-02-21,48,quantile,0.75,1194.667380906668
distributional_gaussian_nll_joint_base_no_donors_wastewaterscan_lags124_revised_visualization,2026-02-07,wk inc flu hosp,2,2026-02-21,48,quantile,0.95,1914.1382650846956
distributional_gaussian_nll_joint_base_no_donors_wastewaterscan_lags124_revised_visualization,2026-02-07,wk inc flu hosp,3,2026-02-28,48,quantile,0.05,260.75883841715006
distributional_gaussian_nll_joint_base_no_donors_wastewaterscan_lags124_revised_visualization,2026-02-07,wk inc flu hosp,3,2026-02-28,48,quantile,0.25,466.74437762797606
distributional_gaussian_nll_joint_base_no_donors_wastewaterscan_lags124_revised_visualization,2026-02-07,wk inc flu hosp,3,2026-02-28,48,quantile,0.5,698.0587770993407
distributional_gaussian_nll_joint_base_no_donors_wastewaterscan_lags124_revised_visualization,2026-02-07,wk inc flu hosp,3,2026-02-28,48,quantile,0.75,1169.2059168175342
distributional_gaussian_nll_joint_base_no_donors_wastewaterscan_lags124_revised_visualization,2026-02-07,wk inc flu hosp,3,2026-02-28,48,quantile,0.95,2132.340990477822
distributional_gaussian_nll_joint_base_no_donors_wastewaterscan_lags124_revised_visualization,2026-02-14,wk inc flu hosp,0,2026-02-14,48,quantile,0.05,733.3098502888896
distributional_gaussian_nll_joint_base_no_donors_wastewaterscan_lags124_revised_visualization,2026-02-14,wk inc flu hosp,0,2026-02-14,48,quantile,0.25,941.30324868097
distributional_gaussian_nll_joint_base_no_donors_wastewaterscan_lags124_revised_visualization,2026-02-14,wk inc flu hosp,0,2026-02-14,48,quantile,0.5,1157.340282045203
distributional_gaussian_nll_joint_base_no_donors_wastewaterscan_lags124_revised_visualization,2026-02-14,wk inc flu hosp,0,2026-02-14,48,quantile,0.75,1425.120129776288
distributional_gaussian_nll_joint_base_no_donors_wastewaterscan_lags124_revised_visualization,2026-02-14,wk inc flu hosp,0,2026-02-14,48,quantile,0.95,1852.1813732869616
distributional_gaussian_nll_joint_base_no_donors_wastewaterscan_lags124_revised_visualization,2026-02-14,wk inc flu hosp,1,2026-02-21,48,quantile,0.05,612.5181075074506
distributional_gaussian_nll_joint_base_no_donors_wastewaterscan_lags124_revised_visualization,2026-02-14,wk inc flu hosp,1,2026-02-21,48,quantile,0.25,840.845226723324
distributional_gaussian_nll_joint_base_no_donors_wastewaterscan_lags124_revised_visualization,2026-02-14,wk inc flu hosp,1,2026-02-21,48,quantile,0.5,1058.9825909466738
distributional_gaussian_nll_joint_base_no_donors_wastewaterscan_lags124_revised_visualization,2026-02-14,wk inc flu hosp,1,2026-02-21,48,quantile,0.75,1362.325276459536
distributional_gaussian_nll_joint_base_no_donors_wastewaterscan_lags124_revised_visualization,2026-02-14,wk inc flu hosp,1,2026-02-21,48,quantile,0.95,1935.010051514016
distributional_gaussian_nll_joint_base_no_donors_wastewaterscan_lags124_revised_visualization,2026-02-14,wk inc flu hosp,2,2026-02-28,48,quantile,0.05,411.664265118429
distributional_gaussian_nll_joint_base_no_donors_wastewaterscan_lags124_revised_visualization,2026-02-14,wk inc flu hosp,2,2026-02-28,48,quantile,0.25,650.5527656187465
distributional_gaussian_nll_joint_base_no_donors_wastewaterscan_lags124_revised_visualization,2026-02-14,wk inc flu hosp,2,2026-02-28,48,quantile,0.5,915.0965175959112
distributional_gaussian_nll_joint_base_no_donors_wastewaterscan_lags124_revised_visualization,2026-02-14,wk inc flu hosp,2,2026-02-28,48,quantile,0.75,1264.3399685670256
distributional_gaussian_nll_joint_base_no_donors_wastewaterscan_lags124_revised_visualization,2026-02-14,wk inc flu hosp,2,2026-02-28,48,quantile,0.95,2011.43755683435
distributional_gaussian_nll_joint_base_no_donors_wastewaterscan_lags124_revised_visualization,2026-02-14,wk inc flu hosp,3,2026-03-07,48,quantile,0.05,334.4131379445441
distributional_gaussian_nll_joint_base_no_donors_wastewaterscan_lags124_revised_visualization,2026-02-14,wk inc flu hosp,3,2026-03-07,48,quantile,0.25,537.7891464920633
distributional_gaussian_nll_joint_base_no_donors_wastewaterscan_lags124_revised_visualization,2026-02-14,wk inc flu hosp,3,2026-03-07,48,quantile,0.5,822.8111611210363
distributional_gaussian_nll_joint_base_no_donors_wastewaterscan_lags124_revised_visualization,2026-02-14,wk inc flu hosp,3,2026-03-07,48,quantile,0.75,1207.4962305842969
distributional_gaussian_nll_joint_base_no_donors_wastewaterscan_lags124_revised_visualization,2026-02-14,wk inc flu hosp,3,2026-03-07,48,quantile,0.95,2077.1594791889797
distributional_gaussian_nll_joint_base_no_donors_wastewaterscan_lags124_revised_visualization,2026-02-21,wk inc flu hosp,0,2026-02-21,48,quantile,0.05,689.8428362619431
distributional_gaussian_nll_joint_base_no_donors_wastewaterscan_lags124_revised_visualization,2026-02-21,wk inc flu hosp,0,2026-02-21,48,quantile,0.25,940.54453963715
distributional_gaussian_nll_joint_base_no_donors_wastewaterscan_lags124_revised_visualization,2026-02-21,wk inc flu hosp,0,2026-02-21,48,quantile,0.5,1150.6751473682543
distributional_gaussian_nll_joint_base_no_donors_wastewaterscan_lags124_revised_visualization,2026-02-21,wk inc flu hosp,0,2026-02-21,48,quantile,0.75,1390.4660848556646
distributional_gaussian_nll_joint_base_no_donors_wastewaterscan_lags124_revised_visualization,2026-02-21,wk inc flu hosp,0,2026-02-21,48,quantile,0.95,1790.4029182278489
distributional_gaussian_nll_joint_base_no_donors_wastewaterscan_lags124_revised_visualization,2026-02-21,wk inc flu hosp,1,2026-02-28,48,quantile,0.05,601.5377658751759
distributional_gaussian_nll_joint_base_no_donors_wastewaterscan_lags124_revised_visualization,2026-02-21,wk inc flu hosp,1,2026-02-28,48,quantile,0.25,838.1385000236705
distributional_gaussian_nll_joint_base_no_donors_wastewaterscan_lags124_revised_visualization,2026-02-21,wk inc flu hosp,1,2026-02-28,48,quantile,0.5,1062.7340032178497
distributional_gaussian_nll_joint_base_no_donors_wastewaterscan_lags124_revised_visualization,2026-02-21,wk inc flu hosp,1,2026-02-28,48,quantile,0.75,1334.2963256389646
distributional_gaussian_nll_joint_base_no_donors_wastewaterscan_lags124_revised_visualization,2026-02-21,wk inc flu hosp,1,2026-02-28,48,quantile,0.95,1852.313619365189
distributional_gaussian_nll_joint_base_no_donors_wastewaterscan_lags124_revised_visualization,2026-02-21,wk inc flu hosp,2,2026-03-07,48,quantile,0.05,446.520585031501
distributional_gaussian_nll_joint_base_no_donors_wastewaterscan_lags124_revised_visualization,2026-02-21,wk inc flu hosp,2,2026-03-07,48,quantile,0.25,688.5414976505731
distributional_gaussian_nll_joint_base_no_donors_wastewaterscan_lags124_revised_visualization,2026-02-21,wk inc flu hosp,2,2026-03-07,48,quantile,0.5,916.9354087810796
distributional_gaussian_nll_joint_base_no_donors_wastewaterscan_lags124_revised_visualization,2026-02-21,wk inc flu hosp,2,2026-03-07,48,quantile,0.75,1224.3887038434696
distributional_gaussian_nll_joint_base_no_donors_wastewaterscan_lags124_revised_visualization,2026-02-21,wk inc flu hosp,2,2026-03-07,48,quantile,0.95,1888.497738616036
distributional_gaussian_nll_joint_base_no_donors_wastewaterscan_lags124_revised_visualization,2026-02-21,wk inc flu hosp,3,2026-03-14,48,quantile,0.05,343.6386123525805
distributional_gaussian_nll_joint_base_no_donors_wastewaterscan_lags124_revised_visualization,2026-02-21,wk inc flu hosp,3,2026-03-14,48,quantile,0.25,565.4280411750135
distributional_gaussian_nll_joint_base_no_donors_wastewaterscan_lags124_revised_visualization,2026-02-21,wk inc flu hosp,3,2026-03-14,48,quantile,0.5,843.5914309781961
distributional_gaussian_nll_joint_base_no_donors_wastewaterscan_lags124_revised_visualization,2026-02-21,wk inc flu hosp,3,2026-03-14,48,quantile,0.75,1155.2658127181203
distributional_gaussian_nll_joint_base_no_donors_wastewaterscan_lags124_revised_visualization,2026-02-21,wk inc flu hosp,3,2026-03-14,48,quantile,0.95,1974.7677430069407
distributional_gaussian_nll_joint_base_no_donors_wastewaterscan_lags124_revised_visualization,2026-02-28,wk inc flu hosp,0,2026-02-28,48,quantile,0.05,579.3263330694112
distributional_gaussian_nll_joint_base_no_donors_wastewaterscan_lags124_revised_visualization,2026-02-28,wk inc flu hosp,0,2026-02-28,48,quantile,0.25,766.7530162606167
distributional_gaussian_nll_joint_base_no_donors_wastewaterscan_lags124_revised_visualization,2026-02-28,wk inc flu hosp,0,2026-02-28,48,quantile,0.5,918.8279717095976
distributional_gaussian_nll_joint_base_no_donors_wastewaterscan_lags124_revised_visualization,2026-02-28,wk inc flu hosp,0,2026-02-28,48,quantile,0.75,1112.2956095740176
distributional_gaussian_nll_joint_base_no_donors_wastewaterscan_lags124_revised_visualization,2026-02-28,wk inc flu hosp,0,2026-02-28,48,quantile,0.95,1470.0799035343132
distributional_gaussian_nll_joint_base_no_donors_wastewaterscan_lags124_revised_visualization,2026-02-28,wk inc flu hosp,1,2026-03-07,48,quantile,0.05,498.7886150784028
distributional_gaussian_nll_joint_base_no_donors_wastewaterscan_lags124_revised_visualization,2026-02-28,wk inc flu hosp,1,2026-03-07,48,quantile,0.25,693.8070774491664
distributional_gaussian_nll_joint_base_no_donors_wastewaterscan_lags124_revised_visualization,2026-02-28,wk inc flu hosp,1,2026-03-07,48,quantile,0.5,864.9792379608704
distributional_gaussian_nll_joint_base_no_donors_wastewaterscan_lags124_revised_visualization,2026-02-28,wk inc flu hosp,1,2026-03-07,48,quantile,0.75,1041.9606711096912
distributional_gaussian_nll_joint_base_no_donors_wastewaterscan_lags124_revised_visualization,2026-02-28,wk inc flu hosp,1,2026-03-07,48,quantile,0.95,1458.5744582842
distributional_gaussian_nll_joint_base_no_donors_wastewaterscan_lags124_revised_visualization,2026-02-28,wk inc flu hosp,2,2026-03-14,48,quantile,0.05,389.8193169327368
distributional_gaussian_nll_joint_base_no_donors_wastewaterscan_lags124_revised_visualization,2026-02-28,wk inc flu hosp,2,2026-03-14,48,quantile,0.25,580.6671684406381
distributional_gaussian_nll_joint_base_no_donors_wastewaterscan_lags124_revised_visualization,2026-02-28,wk inc flu hosp,2,2026-03-14,48,quantile,0.5,765.7340398978754
distributional_gaussian_nll_joint_base_no_donors_wastewaterscan_lags124_revised_visualization,2026-02-28,wk inc flu hosp,2,2026-03-14,48,quantile,0.75,1009.0913152784258
distributional_gaussian_nll_joint_base_no_donors_wastewaterscan_lags124_revised_visualization,2026-02-28,wk inc flu hosp,2,2026-03-14,48,quantile,0.95,1492.990178947106
distributional_gaussian_nll_joint_base_no_donors_wastewaterscan_lags124_revised_visualization,2026-02-28,wk inc flu hosp,3,2026-03-21,48,quantile,0.05,313.2101214610614
distributional_gaussian_nll_joint_base_no_donors_wastewaterscan_lags124_revised_visualization,2026-02-28,wk inc flu hosp,3,2026-03-21,48,quantile,0.25,484.2707262793412
distributional_gaussian_nll_joint_base_no_donors_wastewaterscan_lags124_revised_visualization,2026-02-28,wk inc flu hosp,3,2026-03-21,48,quantile,0.5,683.889322802064
distributional_gaussian_nll_joint_base_no_donors_wastewaterscan_lags124_revised_visualization,2026-02-28,wk inc flu hosp,3,2026-03-21,48,quantile,0.75,928.770876611252
distributional_gaussian_nll_joint_base_no_donors_wastewaterscan_lags124_revised_visualization,2026-02-28,wk inc flu hosp,3,2026-03-21,48,quantile,0.95,1482.8076012396132
distributional_gaussian_nll_joint_base_no_donors_wastewaterscan_lags124_revised_visualization,2026-03-07,wk inc flu hosp,0,2026-03-07,48,quantile,0.05,424.9540426677712
distributional_gaussian_nll_joint_base_no_donors_wastewaterscan_lags124_revised_visualization,2026-03-07,wk inc flu hosp,0,2026-03-07,48,quantile,0.25,557.0042741221614
distributional_gaussian_nll_joint_base_no_donors_wastewaterscan_lags124_revised_visualization,2026-03-07,wk inc flu hosp,0,2026-03-07,48,quantile,0.5,676.3006018832701
distributional_gaussian_nll_joint_base_no_donors_wastewaterscan_lags124_revised_visualization,2026-03-07,wk inc flu hosp,0,2026-03-07,48,quantile,0.75,820.2747975416128
distributional_gaussian_nll_joint_base_no_donors_wastewaterscan_lags124_revised_visualization,2026-03-07,wk inc flu hosp,0,2026-03-07,48,quantile,0.95,1084.5097233283186
distributional_gaussian_nll_joint_base_no_donors_wastewaterscan_lags124_revised_visualization,2026-03-07,wk inc flu hosp,1,2026-03-14,48,quantile,0.05,343.60527875091293
distributional_gaussian_nll_joint_base_no_donors_wastewaterscan_lags124_revised_visualization,2026-03-07,wk inc flu hosp,1,2026-03-14,48,quantile,0.25,481.71480122739183
distributional_gaussian_nll_joint_base_no_donors_wastewaterscan_lags124_revised_visualization,2026-03-07,wk inc flu hosp,1,2026-03-14,48,quantile,0.5,610.4926302011943
distributional_gaussian_nll_joint_base_no_donors_wastewaterscan_lags124_revised_visualization,2026-03-07,wk inc flu hosp,1,2026-03-14,48,quantile,0.75,764.939376692231
distributional_gaussian_nll_joint_base_no_donors_wastewaterscan_lags124_revised_visualization,2026-03-07,wk inc flu hosp,1,2026-03-14,48,quantile,0.95,1044.597693369175
distributional_gaussian_nll_joint_base_no_donors_wastewaterscan_lags124_revised_visualization,2026-03-07,wk inc flu hosp,2,2026-03-21,48,quantile,0.05,263.17760940954145
distributional_gaussian_nll_joint_base_no_donors_wastewaterscan_lags124_revised_visualization,2026-03-07,wk inc flu hosp,2,2026-03-21,48,quantile,0.25,396.99616397521606
distributional_gaussian_nll_joint_base_no_donors_wastewaterscan_lags124_revised_visualization,2026-03-07,wk inc flu hosp,2,2026-03-21,48,quantile,0.5,523.3521708828198
distributional_gaussian_nll_joint_base_no_donors_wastewaterscan_lags124_revised_visualization,2026-03-07,wk inc flu hosp,2,2026-03-21,48,quantile,0.75,703.2372419014051
distributional_gaussian_nll_joint_base_no_donors_wastewaterscan_lags124_revised_visualization,2026-03-07,wk inc flu hosp,2,2026-03-21,48,quantile,0.95,1045.2685113892176
distributional_gaussian_nll_joint_base_no_donors_wastewaterscan_lags124_revised_visualization,2026-03-07,wk inc flu hosp,3,2026-03-28,48,quantile,0.05,195.359213346384
distributional_gaussian_nll_joint_base_no_donors_wastewaterscan_lags124_revised_visualization,2026-03-07,wk inc flu hosp,3,2026-03-28,48,quantile,0.25,315.5515093472756
distributional_gaussian_nll_joint_base_no_donors_wastewaterscan_lags124_revised_visualization,2026-03-07,wk inc flu hosp,3,2026-03-28,48,quantile,0.5,438.5501752750939
distributional_gaussian_nll_joint_base_no_donors_wastewaterscan_lags124_revised_visualization,2026-03-07,wk inc flu hosp,3,2026-03-28,48,quantile,0.75,621.0772820917302
distributional_gaussian_nll_joint_base_no_donors_wastewaterscan_lags124_revised_visualization,2026-03-07,wk inc flu hosp,3,2026-03-28,48,quantile,0.95,1004.399813482568
distributional_gaussian_nll_joint_base_no_donors_wastewaterscan_lags124_revised_visualization,2026-03-14,wk inc flu hosp,0,2026-03-14,48,quantile,0.05,405.0126761282809
distributional_gaussian_nll_joint_base_no_donors_wastewaterscan_lags124_revised_visualization,2026-03-14,wk inc flu hosp,0,2026-03-14,48,quantile,0.25,528.2832591140773
distributional_gaussian_nll_joint_base_no_donors_wastewaterscan_lags124_revised_visualization,2026-03-14,wk inc flu hosp,0,2026-03-14,48,quantile,0.5,640.7829801761807
distributional_gaussian_nll_joint_base_no_donors_wastewaterscan_lags124_revised_visualization,2026-03-14,wk inc flu hosp,0,2026-03-14,48,quantile,0.75,778.425630004581
distributional_gaussian_nll_joint_base_no_donors_wastewaterscan_lags124_revised_visualization,2026-03-14,wk inc flu hosp,0,2026-03-14,48,quantile,0.95,1033.3033232286907
distributional_gaussian_nll_joint_base_no_donors_wastewaterscan_lags124_revised_visualization,2026-03-14,wk inc flu hosp,1,2026-03-21,48,quantile,0.05,308.3876157255156
distributional_gaussian_nll_joint_base_no_donors_wastewaterscan_lags124_revised_visualization,2026-03-14,wk inc flu hosp,1,2026-03-21,48,quantile,0.25,437.0534306859914
distributional_gaussian_nll_joint_base_no_donors_wastewaterscan_lags124_revised_visualization,2026-03-14,wk inc flu hosp,1,2026-03-21,48,quantile,0.5,557.6775356163778
distributional_gaussian_nll_joint_base_no_donors_wastewaterscan_lags124_revised_visualization,2026-03-14,wk inc flu hosp,1,2026-03-21,48,quantile,0.75,717.6553088516504
distributional_gaussian_nll_joint_base_no_donors_wastewaterscan_lags124_revised_visualization,2026-03-14,wk inc flu hosp,1,2026-03-21,48,quantile,0.95,1008.8614160156732
distributional_gaussian_nll_joint_base_no_donors_wastewaterscan_lags124_revised_visualization,2026-03-14,wk inc flu hosp,2,2026-03-28,48,quantile,0.05,215.69695526664376
distributional_gaussian_nll_joint_base_no_donors_wastewaterscan_lags124_revised_visualization,2026-03-14,wk inc flu hosp,2,2026-03-28,48,quantile,0.25,344.9391515321923
distributional_gaussian_nll_joint_base_no_donors_wastewaterscan_lags124_revised_visualization,2026-03-14,wk inc flu hosp,2,2026-03-28,48,quantile,0.5,471.8003247178158
distributional_gaussian_nll_joint_base_no_donors_wastewaterscan_lags124_revised_visualization,2026-03-14,wk inc flu hosp,2,2026-03-28,48,quantile,0.75,654.3426130085146
distributional_gaussian_nll_joint_base_no_donors_wastewaterscan_lags124_revised_visualization,2026-03-14,wk inc flu hosp,2,2026-03-28,48,quantile,0.95,1001.307687226198
distributional_gaussian_nll_joint_base_no_donors_wastewaterscan_lags124_revised_visualization,2026-03-14,wk inc flu hosp,3,2026-04-04,48,quantile,0.05,161.0854993341517
distributional_gaussian_nll_joint_base_no_donors_wastewaterscan_lags124_revised_visualization,2026-03-14,wk inc flu hosp,3,2026-04-04,48,quantile,0.25,266.6883293104064
distributional_gaussian_nll_joint_base_no_donors_wastewaterscan_lags124_revised_visualization,2026-03-14,wk inc flu hosp,3,2026-04-04,48,quantile,0.5,386.6443791880811
distributional_gaussian_nll_joint_base_no_donors_wastewaterscan_lags124_revised_visualization,2026-03-14,wk inc flu hosp,3,2026-04-04,48,quantile,0.75,561.2447866649138
distributional_gaussian_nll_joint_base_no_donors_wastewaterscan_lags124_revised_visualization,2026-03-14,wk inc flu hosp,3,2026-04-04,48,quantile,0.95,936.1511860752404
distributional_gaussian_nll_joint_base_no_donors_wastewaterscan_lags124_revised_visualization,2026-03-21,wk inc flu hosp,0,2026-03-21,48,quantile,0.05,200.8544490987333
distributional_gaussian_nll_joint_base_no_donors_wastewaterscan_lags124_revised_visualization,2026-03-21,wk inc flu hosp,0,2026-03-21,48,quantile,0.25,283.6767275564134
distributional_gaussian_nll_joint_base_no_donors_wastewaterscan_lags124_revised_visualization,2026-03-21,wk inc flu hosp,0,2026-03-21,48,quantile,0.5,371.8543790605637
distributional_gaussian_nll_joint_base_no_donors_wastewaterscan_lags124_revised_visualization,2026-03-21,wk inc flu hosp,0,2026-03-21,48,quantile,0.75,482.6022785139004
distributional_gaussian_nll_joint_base_no_donors_wastewaterscan_lags124_revised_visualization,2026-03-21,wk inc flu hosp,0,2026-03-21,48,quantile,0.95,693.8528542810834
distributional_gaussian_nll_joint_base_no_donors_wastewaterscan_lags124_revised_visualization,2026-03-21,wk inc flu hosp,1,2026-03-28,48,quantile,0.05,138.3098146304268
distributional_gaussian_nll_joint_base_no_donors_wastewaterscan_lags124_revised_visualization,2026-03-21,wk inc flu hosp,1,2026-03-28,48,quantile,0.25,228.8512676034522
distributional_gaussian_nll_joint_base_no_donors_wastewaterscan_lags124_revised_visualization,2026-03-21,wk inc flu hosp,1,2026-03-28,48,quantile,0.5,320.8298725569828
distributional_gaussian_nll_joint_base_no_donors_wastewaterscan_lags124_revised_visualization,2026-03-21,wk inc flu hosp,1,2026-03-28,48,quantile,0.75,431.5476965199029
distributional_gaussian_nll_joint_base_no_donors_wastewaterscan_lags124_revised_visualization,2026-03-21,wk inc flu hosp,1,2026-03-28,48,quantile,0.95,709.3024938703744
distributional_gaussian_nll_joint_base_no_donors_wastewaterscan_lags124_revised_visualization,2026-03-21,wk inc flu hosp,2,2026-04-04,48,quantile,0.05,98.11702783339184
distributional_gaussian_nll_joint_base_no_donors_wastewaterscan_lags124_revised_visualization,2026-03-21,wk inc flu hosp,2,2026-04-04,48,quantile,0.25,176.03732032249786
distributional_gaussian_nll_joint_base_no_donors_wastewaterscan_lags124_revised_visualization,2026-03-21,wk inc flu hosp,2,2026-04-04,48,quantile,0.5,250.57620398064591
distributional_gaussian_nll_joint_base_no_donors_wastewaterscan_lags124_revised_visualization,2026-03-21,wk inc flu hosp,2,2026-04-04,48,quantile,0.75,364.3872167032773
distributional_gaussian_nll_joint_base_no_donors_wastewaterscan_lags124_revised_visualization,2026-03-21,wk inc flu hosp,2,2026-04-04,48,quantile,0.95,630.1497020614822
distributional_gaussian_nll_joint_base_no_donors_wastewaterscan_lags124_revised_visualization,2026-03-21,wk inc flu hosp,3,2026-04-11,48,quantile,0.05,73.20860468307295
distributional_gaussian_nll_joint_base_no_donors_wastewaterscan_lags124_revised_visualization,2026-03-21,wk inc flu hosp,3,2026-04-11,48,quantile,0.25,137.88788676076624
distributional_gaussian_nll_joint_base_no_donors_wastewaterscan_lags124_revised_visualization,2026-03-21,wk inc flu hosp,3,2026-04-11,48,quantile,0.5,204.7645543642116
distributional_gaussian_nll_joint_base_no_donors_wastewaterscan_lags124_revised_visualization,2026-03-21,wk inc flu hosp,3,2026-04-11,48,quantile,0.75,307.7952605200138
distributional_gaussian_nll_joint_base_no_donors_wastewaterscan_lags124_revised_visualization,2026-03-21,wk inc flu hosp,3,2026-04-11,48,quantile,0.95,553.0035788867663
distributional_gaussian_nll_joint_base_no_donors_wastewaterscan_lags124_revised_visualization,2026-03-28,wk inc flu hosp,0,2026-03-28,48,quantile,0.05,197.66376330536715
distributional_gaussian_nll_joint_base_no_donors_wastewaterscan_lags124_revised_visualization,2026-03-28,wk inc flu hosp,0,2026-03-28,48,quantile,0.25,276.5639132323105
distributional_gaussian_nll_joint_base_no_donors_wastewaterscan_lags124_revised_visualization,2026-03-28,wk inc flu hosp,0,2026-03-28,48,quantile,0.5,350.1701608744684
distributional_gaussian_nll_joint_base_no_donors_wastewaterscan_lags124_revised_visualization,2026-03-28,wk inc flu hosp,0,2026-03-28,48,quantile,0.75,442.8936319819277
distributional_gaussian_nll_joint_base_no_donors_wastewaterscan_lags124_revised_visualization,2026-03-28,wk inc flu hosp,0,2026-03-28,48,quantile,0.95,614.4029668948947
distributional_gaussian_nll_joint_base_no_donors_wastewaterscan_lags124_revised_visualization,2026-03-28,wk inc flu hosp,1,2026-04-04,48,quantile,0.05,146.5668837511085
distributional_gaussian_nll_joint_base_no_donors_wastewaterscan_lags124_revised_visualization,2026-03-28,wk inc flu hosp,1,2026-04-04,48,quantile,0.25,217.38293969208956
distributional_gaussian_nll_joint_base_no_donors_wastewaterscan_lags124_revised_visualization,2026-03-28,wk inc flu hosp,1,2026-04-04,48,quantile,0.5,293.7884635837094
distributional_gaussian_nll_joint_base_no_donors_wastewaterscan_lags124_revised_visualization,2026-03-28,wk inc flu hosp,1,2026-04-04,48,quantile,0.75,398.3630686092458
distributional_gaussian_nll_joint_base_no_donors_wastewaterscan_lags124_revised_visualization,2026-03-28,wk inc flu hosp,1,2026-04-04,48,quantile,0.95,592.0157418817043
distributional_gaussian_nll_joint_base_no_donors_wastewaterscan_lags124_revised_visualization,2026-03-28,wk inc flu hosp,2,2026-04-11,48,quantile,0.05,88.79548270540738
distributional_gaussian_nll_joint_base_no_donors_wastewaterscan_lags124_revised_visualization,2026-03-28,wk inc flu hosp,2,2026-04-11,48,quantile,0.25,154.14786579674907
distributional_gaussian_nll_joint_base_no_donors_wastewaterscan_lags124_revised_visualization,2026-03-28,wk inc flu hosp,2,2026-04-11,48,quantile,0.5,225.76271327849625
distributional_gaussian_nll_joint_base_no_donors_wastewaterscan_lags124_revised_visualization,2026-03-28,wk inc flu hosp,2,2026-04-11,48,quantile,0.75,332.59695497075563
distributional_gaussian_nll_joint_base_no_donors_wastewaterscan_lags124_revised_visualization,2026-03-28,wk inc flu hosp,2,2026-04-11,48,quantile,0.95,568.5129883649156
distributional_gaussian_nll_joint_base_no_donors_wastewaterscan_lags124_revised_visualization,2026-03-28,wk inc flu hosp,3,2026-04-18,48,quantile,0.05,63.88044502657704
distributional_gaussian_nll_joint_base_no_donors_wastewaterscan_lags124_revised_visualization,2026-03-28,wk inc flu hosp,3,2026-04-18,48,quantile,0.25,118.5286976288922
distributional_gaussian_nll_joint_base_no_donors_wastewaterscan_lags124_revised_visualization,2026-03-28,wk inc flu hosp,3,2026-04-18,48,quantile,0.5,178.63683052033878
distributional_gaussian_nll_joint_base_no_donors_wastewaterscan_lags124_revised_visualization,2026-03-28,wk inc flu hosp,3,2026-04-18,48,quantile,0.75,281.4630871983332
distributional_gaussian_nll_joint_base_no_donors_wastewaterscan_lags124_revised_visualization,2026-03-28,wk inc flu hosp,3,2026-04-18,48,quantile,0.95,541.6461055629889
distributional_gaussian_nll_joint_base_no_donors_wastewaterscan_lags124_revised_visualization,2026-04-04,wk inc flu hosp,0,2026-04-04,48,quantile,0.05,74.4717482085185
distributional_gaussian_nll_joint_base_no_donors_wastewaterscan_lags124_revised_visualization,2026-04-04,wk inc flu hosp,0,2026-04-04,48,quantile,0.25,123.745405953623
distributional_gaussian_nll_joint_base_no_donors_wastewaterscan_lags124_revised_visualization,2026-04-04,wk inc flu hosp,0,2026-04-04,48,quantile,0.5,176.68167268951078
distributional_gaussian_nll_joint_base_no_donors_wastewaterscan_lags124_revised_visualization,2026-04-04,wk inc flu hosp,0,2026-04-04,48,quantile,0.75,243.18341009712543
distributional_gaussian_nll_joint_base_no_donors_wastewaterscan_lags124_revised_visualization,2026-04-04,wk inc flu hosp,0,2026-04-04,48,quantile,0.95,392.29967213150167
distributional_gaussian_nll_joint_base_no_donors_wastewaterscan_lags124_revised_visualization,2026-04-04,wk inc flu hosp,1,2026-04-11,48,quantile,0.05,53.02121427986394
distributional_gaussian_nll_joint_base_no_donors_wastewaterscan_lags124_revised_visualization,2026-04-04,wk inc flu hosp,1,2026-04-11,48,quantile,0.25,95.50928511534092
distributional_gaussian_nll_joint_base_no_donors_wastewaterscan_lags124_revised_visualization,2026-04-04,wk inc flu hosp,1,2026-04-11,48,quantile,0.5,143.24283008734153
distributional_gaussian_nll_joint_base_no_donors_wastewaterscan_lags124_revised_visualization,2026-04-04,wk inc flu hosp,1,2026-04-11,48,quantile,0.75,219.1955774948051
distributional_gaussian_nll_joint_base_no_donors_wastewaterscan_lags124_revised_visualization,2026-04-04,wk inc flu hosp,1,2026-04-11,48,quantile,0.95,361.2515685555416
distributional_gaussian_nll_joint_base_no_donors_wastewaterscan_lags124_revised_visualization,2026-04-04,wk inc flu hosp,2,2026-04-18,48,quantile,0.05,36.3968645577465
distributional_gaussian_nll_joint_base_no_donors_wastewaterscan_lags124_revised_visualization,2026-04-04,wk inc flu hosp,2,2026-04-18,48,quantile,0.25,71.82019365470443
distributional_gaussian_nll_joint_base_no_donors_wastewaterscan_lags124_revised_visualization,2026-04-04,wk inc flu hosp,2,2026-04-18,48,quantile,0.5,112.59660563216414
distributional_gaussian_nll_joint_base_no_donors_wastewaterscan_lags124_revised_visualization,2026-04-04,wk inc flu hosp,2,2026-04-18,48,quantile,0.75,181.1027312650957
distributional_gaussian_nll_joint_base_no_donors_wastewaterscan_lags124_revised_visualization,2026-04-04,wk inc flu hosp,2,2026-04-18,48,quantile,0.95,342.3581315234085
distributional_gaussian_nll_joint_base_no_donors_wastewaterscan_lags124_revised_visualization,2026-04-04,wk inc flu hosp,3,2026-04-25,48,quantile,0.05,27.374379625096203
distributional_gaussian_nll_joint_base_no_donors_wastewaterscan_lags124_revised_visualization,2026-04-04,wk inc flu hosp,3,2026-04-25,48,quantile,0.25,57.348878451905975
distributional_gaussian_nll_joint_base_no_donors_wastewaterscan_lags124_revised_visualization,2026-04-04,wk inc flu hosp,3,2026-04-25,48,quantile,0.5,93.4380313591126
distributional_gaussian_nll_joint_base_no_donors_wastewaterscan_lags124_revised_visualization,2026-04-04,wk inc flu hosp,3,2026-04-25,48,quantile,0.75,153.5898482488236
distributional_gaussian_nll_joint_base_no_donors_wastewaterscan_lags124_revised_visualization,2026-04-04,wk inc flu hosp,3,2026-04-25,48,quantile,0.95,307.60644604215446
distributional_gaussian_nll_joint_base_no_donors_wastewaterscan_lags124_revised_visualization,2026-04-11,wk inc flu hosp,0,2026-04-11,48,quantile,0.05,55.90752094812662
distributional_gaussian_nll_joint_base_no_donors_wastewaterscan_lags124_revised_visualization,2026-04-11,wk inc flu hosp,0,2026-04-11,48,quantile,0.25,97.08558478365548
distributional_gaussian_nll_joint_base_no_donors_wastewaterscan_lags124_revised_visualization,2026-04-11,wk inc flu hosp,0,2026-04-11,48,quantile,0.5,138.01066133070805
distributional_gaussian_nll_joint_base_no_donors_wastewaterscan_lags124_revised_visualization,2026-04-11,wk inc flu hosp,0,2026-04-11,48,quantile,0.75,194.3864359174072
distributional_gaussian_nll_joint_base_no_donors_wastewaterscan_lags124_revised_visualization,2026-04-11,wk inc flu hosp,0,2026-04-11,48,quantile,0.95,329.87145696258006
distributional_gaussian_nll_joint_base_no_donors_wastewaterscan_lags124_revised_visualization,2026-04-11,wk inc flu hosp,1,2026-04-18,48,quantile,0.05,40.39170853662781
distributional_gaussian_nll_joint_base_no_donors_wastewaterscan_lags124_revised_visualization,2026-04-11,wk inc flu hosp,1,2026-04-18,48,quantile,0.25,75.78243909062091
distributional_gaussian_nll_joint_base_no_donors_wastewaterscan_lags124_revised_visualization,2026-04-11,wk inc flu hosp,1,2026-04-18,48,quantile,0.5,117.17374705586656
distributional_gaussian_nll_joint_base_no_donors_wastewaterscan_lags124_revised_visualization,2026-04-11,wk inc flu hosp,1,2026-04-18,48,quantile,0.75,173.6871446831985
distributional_gaussian_nll_joint_base_no_donors_wastewaterscan_lags124_revised_visualization,2026-04-11,wk inc flu hosp,1,2026-04-18,48,quantile,0.95,313.64641501443566
distributional_gaussian_nll_joint_base_no_donors_wastewaterscan_lags124_revised_visualization,2026-04-11,wk inc flu hosp,2,2026-04-25,48,quantile,0.05,28.163881015166613
distributional_gaussian_nll_joint_base_no_donors_wastewaterscan_lags124_revised_visualization,2026-04-11,wk inc flu hosp,2,2026-04-25,48,quantile,0.25,59.1593333740688
distributional_gaussian_nll_joint_base_no_donors_wastewaterscan_lags124_revised_visualization,2026-04-11,wk inc flu hosp,2,2026-04-25,48,quantile,0.5,93.4384437551834
distributional_gaussian_nll_joint_base_no_donors_wastewaterscan_lags124_revised_visualization,2026-04-11,wk inc flu hosp,2,2026-04-25,48,quantile,0.75,150.48878380196675
distributional_gaussian_nll_joint_base_no_donors_wastewaterscan_lags124_revised_visualization,2026-04-11,wk inc flu hosp,2,2026-04-25,48,quantile,0.95,309.74050445048465
distributional_gaussian_nll_joint_base_no_donors_wastewaterscan_lags124_revised_visualization,2026-04-18,wk inc flu hosp,0,2026-04-18,48,quantile,0.05,41.40276724210747
distributional_gaussian_nll_joint_base_no_donors_wastewaterscan_lags124_revised_visualization,2026-04-18,wk inc flu hosp,0,2026-04-18,48,quantile,0.25,69.84161495182005
distributional_gaussian_nll_joint_base_no_donors_wastewaterscan_lags124_revised_visualization,2026-04-18,wk inc flu hosp,0,2026-04-18,48,quantile,0.5,98.09279451616058
distributional_gaussian_nll_joint_base_no_donors_wastewaterscan_lags124_revised_visualization,2026-04-18,wk inc flu hosp,0,2026-04-18,48,quantile,0.75,135.5509216995958
distributional_gaussian_nll_joint_base_no_donors_wastewaterscan_lags124_revised_visualization,2026-04-18,wk inc flu hosp,0,2026-04-18,48,quantile,0.95,217.3320111141205
distributional_gaussian_nll_joint_base_no_donors_wastewaterscan_lags124_revised_visualization,2026-04-18,wk inc flu hosp,1,2026-04-25,48,quantile,0.05,29.58936312044426
distributional_gaussian_nll_joint_base_no_donors_wastewaterscan_lags124_revised_visualization,2026-04-18,wk inc flu hosp,1,2026-04-25,48,quantile,0.25,54.83004990671385
distributional_gaussian_nll_joint_base_no_donors_wastewaterscan_lags124_revised_visualization,2026-04-18,wk inc flu hosp,1,2026-04-25,48,quantile,0.5,81.29690303865955
distributional_gaussian_nll_joint_base_no_donors_wastewaterscan_lags124_revised_visualization,2026-04-18,wk inc flu hosp,1,2026-04-25,48,quantile,0.75,124.84536463147175
distributional_gaussian_nll_joint_base_no_donors_wastewaterscan_lags124_revised_visualization,2026-04-18,wk inc flu hosp,1,2026-04-25,48,quantile,0.95,214.9324022934167
distributional_gaussian_nll_joint_base_no_donors_wastewaterscan_lags124_revised_visualization,2026-04-25,wk inc flu hosp,0,2026-04-25,48,quantile,0.05,41.80908370683477
distributional_gaussian_nll_joint_base_no_donors_wastewaterscan_lags124_revised_visualization,2026-04-25,wk inc flu hosp,0,2026-04-25,48,quantile,0.25,68.08113832714804
distributional_gaussian_nll_joint_base_no_donors_wastewaterscan_lags124_revised_visualization,2026-04-25,wk inc flu hosp,0,2026-04-25,48,quantile,0.5,93.59493937622594
distributional_gaussian_nll_joint_base_no_donors_wastewaterscan_lags124_revised_visualization,2026-04-25,wk inc flu hosp,0,2026-04-25,48,quantile,0.75,128.54229489178016
distributional_gaussian_nll_joint_base_no_donors_wastewaterscan_lags124_revised_visualization,2026-04-25,wk inc flu hosp,0,2026-04-25,48,quantile,0.95,214.6164053025763
