model_id,reference_date,target,horizon,target_end_date,location,output_type,output_type_id,value
distributional_gaussian_nll_joint_base_spatial_no_donors,2024-10-12,wk inc flu hosp,0,2024-10-12,48,quantile,0.05,7.661702951816159
distributional_gaussian_nll_joint_base_spatial_no_donors,2024-10-12,wk inc flu hosp,0,2024-10-12,48,quantile,0.25,21.362950399915196
distributional_gaussian_nll_joint_base_spatial_no_donors,2024-10-12,wk inc flu hosp,0,2024-10-12,48,quantile,0.5,40.39046608103354
distributional_gaussian_nll_joint_base_spatial_no_donors,2024-10-12,wk inc flu hosp,0,2024-10-12,48,quantile,0.75,80.09084102953476
distributional_gaussian_nll_joint_base_spatial_no_donors,2024-10-12,wk inc flu hosp,0,2024-10-12,48,quantile,0.95,200.93474053952224
distributional_gaussian_nll_joint_base_spatial_no_donors,2024-10-12,wk inc flu hosp,1,2024-10-19,48,quantile,0.05,8.423014406590239
distributional_gaussian_nll_joint_base_spatial_no_donors,2024-10-12,wk inc flu hosp,1,2024-10-19,48,quantile,0.25,25.600486121612846
distributional_gaussian_nll_joint_base_spatial_no_donors,2024-10-12,wk inc flu hosp,1,2024-10-19,48,quantile,0.5,52.32384724281454
distributional_gaussian_nll_joint_base_spatial_no_donors,2024-10-12,wk inc flu hosp,1,2024-10-19,48,quantile,0.75,105.71624753270682
distributional_gaussian_nll_joint_base_spatial_no_donors,2024-10-12,wk inc flu hosp,1,2024-10-19,48,quantile,0.95,296.7373208916383
distributional_gaussian_nll_joint_base_spatial_no_donors,2024-10-12,wk inc flu hosp,2,2024-10-26,48,quantile,0.05,10.764385597829012
distributional_gaussian_nll_joint_base_spatial_no_donors,2024-10-12,wk inc flu hosp,2,2024-10-26,48,quantile,0.25,34.18897557781029
distributional_gaussian_nll_joint_base_spatial_no_donors,2024-10-12,wk inc flu hosp,2,2024-10-26,48,quantile,0.5,77.22665235796154
distributional_gaussian_nll_joint_base_spatial_no_donors,2024-10-12,wk inc flu hosp,2,2024-10-26,48,quantile,0.75,170.6923406113257
distributional_gaussian_nll_joint_base_spatial_no_donors,2024-10-12,wk inc flu hosp,2,2024-10-26,48,quantile,0.95,501.3835383964021
distributional_gaussian_nll_joint_base_spatial_no_donors,2024-10-12,wk inc flu hosp,3,2024-11-02,48,quantile,0.05,13.57093370089079
distributional_gaussian_nll_joint_base_spatial_no_donors,2024-10-12,wk inc flu hosp,3,2024-11-02,48,quantile,0.25,42.73990686415667
distributional_gaussian_nll_joint_base_spatial_no_donors,2024-10-12,wk inc flu hosp,3,2024-11-02,48,quantile,0.5,90.86887141996493
distributional_gaussian_nll_joint_base_spatial_no_donors,2024-10-12,wk inc flu hosp,3,2024-11-02,48,quantile,0.75,204.99436872354676
distributional_gaussian_nll_joint_base_spatial_no_donors,2024-10-12,wk inc flu hosp,3,2024-11-02,48,quantile,0.95,663.8227044500452
distributional_gaussian_nll_joint_base_spatial_no_donors,2024-10-19,wk inc flu hosp,0,2024-10-19,48,quantile,0.05,27.531535140003495
distributional_gaussian_nll_joint_base_spatial_no_donors,2024-10-19,wk inc flu hosp,0,2024-10-19,48,quantile,0.25,60.30086428183929
distributional_gaussian_nll_joint_base_spatial_no_donors,2024-10-19,wk inc flu hosp,0,2024-10-19,48,quantile,0.5,105.14291056383412
distributional_gaussian_nll_joint_base_spatial_no_donors,2024-10-19,wk inc flu hosp,0,2024-10-19,48,quantile,0.75,184.34499327785744
distributional_gaussian_nll_joint_base_spatial_no_donors,2024-10-19,wk inc flu hosp,0,2024-10-19,48,quantile,0.95,375.3637354956737
distributional_gaussian_nll_joint_base_spatial_no_donors,2024-10-19,wk inc flu hosp,1,2024-10-26,48,quantile,0.05,28.925175239889754
distributional_gaussian_nll_joint_base_spatial_no_donors,2024-10-19,wk inc flu hosp,1,2024-10-26,48,quantile,0.25,70.14008322220161
distributional_gaussian_nll_joint_base_spatial_no_donors,2024-10-19,wk inc flu hosp,1,2024-10-26,48,quantile,0.5,126.39098676891376
distributional_gaussian_nll_joint_base_spatial_no_donors,2024-10-19,wk inc flu hosp,1,2024-10-26,48,quantile,0.75,243.9268749215927
distributional_gaussian_nll_joint_base_spatial_no_donors,2024-10-19,wk inc flu hosp,1,2024-10-26,48,quantile,0.95,578.8037070371327
distributional_gaussian_nll_joint_base_spatial_no_donors,2024-10-19,wk inc flu hosp,2,2024-11-02,48,quantile,0.05,42.88424729854462
distributional_gaussian_nll_joint_base_spatial_no_donors,2024-10-19,wk inc flu hosp,2,2024-11-02,48,quantile,0.25,114.3449932321536
distributional_gaussian_nll_joint_base_spatial_no_donors,2024-10-19,wk inc flu hosp,2,2024-11-02,48,quantile,0.5,218.1692065002534
distributional_gaussian_nll_joint_base_spatial_no_donors,2024-10-19,wk inc flu hosp,2,2024-11-02,48,quantile,0.75,437.58461559054786
distributional_gaussian_nll_joint_base_spatial_no_donors,2024-10-19,wk inc flu hosp,2,2024-11-02,48,quantile,0.95,1112.5641338369553
distributional_gaussian_nll_joint_base_spatial_no_donors,2024-10-19,wk inc flu hosp,3,2024-11-09,48,quantile,0.05,45.11820429016093
distributional_gaussian_nll_joint_base_spatial_no_donors,2024-10-19,wk inc flu hosp,3,2024-11-09,48,quantile,0.25,124.39188259242597
distributional_gaussian_nll_joint_base_spatial_no_donors,2024-10-19,wk inc flu hosp,3,2024-11-09,48,quantile,0.5,250.31664703029418
distributional_gaussian_nll_joint_base_spatial_no_donors,2024-10-19,wk inc flu hosp,3,2024-11-09,48,quantile,0.75,522.287621188796
distributional_gaussian_nll_joint_base_spatial_no_donors,2024-10-19,wk inc flu hosp,3,2024-11-09,48,quantile,0.95,1484.0164521004056
distributional_gaussian_nll_joint_base_spatial_no_donors,2024-10-26,wk inc flu hosp,0,2024-10-26,48,quantile,0.05,22.179481388784595
distributional_gaussian_nll_joint_base_spatial_no_donors,2024-10-26,wk inc flu hosp,0,2024-10-26,48,quantile,0.25,44.32398007038565
distributional_gaussian_nll_joint_base_spatial_no_donors,2024-10-26,wk inc flu hosp,0,2024-10-26,48,quantile,0.5,75.38596232626088
distributional_gaussian_nll_joint_base_spatial_no_donors,2024-10-26,wk inc flu hosp,0,2024-10-26,48,quantile,0.75,121.66740886083578
distributional_gaussian_nll_joint_base_spatial_no_donors,2024-10-26,wk inc flu hosp,0,2024-10-26,48,quantile,0.95,246.9726109860128
distributional_gaussian_nll_joint_base_spatial_no_donors,2024-10-26,wk inc flu hosp,1,2024-11-02,48,quantile,0.05,21.78915305769337
distributional_gaussian_nll_joint_base_spatial_no_donors,2024-10-26,wk inc flu hosp,1,2024-11-02,48,quantile,0.25,51.58680919731887
distributional_gaussian_nll_joint_base_spatial_no_donors,2024-10-26,wk inc flu hosp,1,2024-11-02,48,quantile,0.5,89.76561122708875
distributional_gaussian_nll_joint_base_spatial_no_donors,2024-10-26,wk inc flu hosp,1,2024-11-02,48,quantile,0.75,159.8946762563366
distributional_gaussian_nll_joint_base_spatial_no_donors,2024-10-26,wk inc flu hosp,1,2024-11-02,48,quantile,0.95,379.5822397403899
distributional_gaussian_nll_joint_base_spatial_no_donors,2024-10-26,wk inc flu hosp,2,2024-11-09,48,quantile,0.05,23.411181405510515
distributional_gaussian_nll_joint_base_spatial_no_donors,2024-10-26,wk inc flu hosp,2,2024-11-09,48,quantile,0.25,56.03106953807692
distributional_gaussian_nll_joint_base_spatial_no_donors,2024-10-26,wk inc flu hosp,2,2024-11-09,48,quantile,0.5,110.08087516121469
distributional_gaussian_nll_joint_base_spatial_no_donors,2024-10-26,wk inc flu hosp,2,2024-11-09,48,quantile,0.75,215.29913210759037
distributional_gaussian_nll_joint_base_spatial_no_donors,2024-10-26,wk inc flu hosp,2,2024-11-09,48,quantile,0.95,551.6043976589933
distributional_gaussian_nll_joint_base_spatial_no_donors,2024-10-26,wk inc flu hosp,3,2024-11-16,48,quantile,0.05,22.622292034850744
distributional_gaussian_nll_joint_base_spatial_no_donors,2024-10-26,wk inc flu hosp,3,2024-11-16,48,quantile,0.25,60.332967854531276
distributional_gaussian_nll_joint_base_spatial_no_donors,2024-10-26,wk inc flu hosp,3,2024-11-16,48,quantile,0.5,124.28481708338765
distributional_gaussian_nll_joint_base_spatial_no_donors,2024-10-26,wk inc flu hosp,3,2024-11-16,48,quantile,0.75,246.8961908556872
distributional_gaussian_nll_joint_base_spatial_no_donors,2024-10-26,wk inc flu hosp,3,2024-11-16,48,quantile,0.95,687.825948264116
distributional_gaussian_nll_joint_base_spatial_no_donors,2024-11-02,wk inc flu hosp,0,2024-11-02,48,quantile,0.05,27.339803117792403
distributional_gaussian_nll_joint_base_spatial_no_donors,2024-11-02,wk inc flu hosp,0,2024-11-02,48,quantile,0.25,51.93141768247979
distributional_gaussian_nll_joint_base_spatial_no_donors,2024-11-02,wk inc flu hosp,0,2024-11-02,48,quantile,0.5,79.95500396634263
distributional_gaussian_nll_joint_base_spatial_no_donors,2024-11-02,wk inc flu hosp,0,2024-11-02,48,quantile,0.75,119.84141758567509
distributional_gaussian_nll_joint_base_spatial_no_donors,2024-11-02,wk inc flu hosp,0,2024-11-02,48,quantile,0.95,219.65887545751625
distributional_gaussian_nll_joint_base_spatial_no_donors,2024-11-02,wk inc flu hosp,1,2024-11-09,48,quantile,0.05,25.498918494888052
distributional_gaussian_nll_joint_base_spatial_no_donors,2024-11-02,wk inc flu hosp,1,2024-11-09,48,quantile,0.25,55.80629934052869
distributional_gaussian_nll_joint_base_spatial_no_donors,2024-11-02,wk inc flu hosp,1,2024-11-09,48,quantile,0.5,94.0025560465794
distributional_gaussian_nll_joint_base_spatial_no_donors,2024-11-02,wk inc flu hosp,1,2024-11-09,48,quantile,0.75,157.9518552635658
distributional_gaussian_nll_joint_base_spatial_no_donors,2024-11-02,wk inc flu hosp,1,2024-11-09,48,quantile,0.95,331.0335891704125
distributional_gaussian_nll_joint_base_spatial_no_donors,2024-11-02,wk inc flu hosp,2,2024-11-16,48,quantile,0.05,23.74940295787586
distributional_gaussian_nll_joint_base_spatial_no_donors,2024-11-02,wk inc flu hosp,2,2024-11-16,48,quantile,0.25,59.97343467885682
distributional_gaussian_nll_joint_base_spatial_no_donors,2024-11-02,wk inc flu hosp,2,2024-11-16,48,quantile,0.5,114.6107677228759
distributional_gaussian_nll_joint_base_spatial_no_donors,2024-11-02,wk inc flu hosp,2,2024-11-16,48,quantile,0.75,211.5561943594094
distributional_gaussian_nll_joint_base_spatial_no_donors,2024-11-02,wk inc flu hosp,2,2024-11-16,48,quantile,0.95,518.787363309878
distributional_gaussian_nll_joint_base_spatial_no_donors,2024-11-02,wk inc flu hosp,3,2024-11-23,48,quantile,0.05,22.13659852888559
distributional_gaussian_nll_joint_base_spatial_no_donors,2024-11-02,wk inc flu hosp,3,2024-11-23,48,quantile,0.25,61.553533097780445
distributional_gaussian_nll_joint_base_spatial_no_donors,2024-11-02,wk inc flu hosp,3,2024-11-23,48,quantile,0.5,129.52420094106128
distributional_gaussian_nll_joint_base_spatial_no_donors,2024-11-02,wk inc flu hosp,3,2024-11-23,48,quantile,0.75,248.99670987671107
distributional_gaussian_nll_joint_base_spatial_no_donors,2024-11-02,wk inc flu hosp,3,2024-11-23,48,quantile,0.95,644.6579233530344
distributional_gaussian_nll_joint_base_spatial_no_donors,2024-11-09,wk inc flu hosp,0,2024-11-09,48,quantile,0.05,40.55361796868906
distributional_gaussian_nll_joint_base_spatial_no_donors,2024-11-09,wk inc flu hosp,0,2024-11-09,48,quantile,0.25,81.77679169472717
distributional_gaussian_nll_joint_base_spatial_no_donors,2024-11-09,wk inc flu hosp,0,2024-11-09,48,quantile,0.5,134.38508589488924
distributional_gaussian_nll_joint_base_spatial_no_donors,2024-11-09,wk inc flu hosp,0,2024-11-09,48,quantile,0.75,211.06078998680016
distributional_gaussian_nll_joint_base_spatial_no_donors,2024-11-09,wk inc flu hosp,0,2024-11-09,48,quantile,0.95,440.08431902402754
distributional_gaussian_nll_joint_base_spatial_no_donors,2024-11-09,wk inc flu hosp,1,2024-11-16,48,quantile,0.05,38.4249685664786
distributional_gaussian_nll_joint_base_spatial_no_donors,2024-11-09,wk inc flu hosp,1,2024-11-16,48,quantile,0.25,89.12733842242713
distributional_gaussian_nll_joint_base_spatial_no_donors,2024-11-09,wk inc flu hosp,1,2024-11-16,48,quantile,0.5,157.04833596818446
distributional_gaussian_nll_joint_base_spatial_no_donors,2024-11-09,wk inc flu hosp,1,2024-11-16,48,quantile,0.75,264.580920761424
distributional_gaussian_nll_joint_base_spatial_no_donors,2024-11-09,wk inc flu hosp,1,2024-11-16,48,quantile,0.95,619.6291027588059
distributional_gaussian_nll_joint_base_spatial_no_donors,2024-11-09,wk inc flu hosp,2,2024-11-23,48,quantile,0.05,41.000921347252756
distributional_gaussian_nll_joint_base_spatial_no_donors,2024-11-09,wk inc flu hosp,2,2024-11-23,48,quantile,0.25,103.28817869148631
distributional_gaussian_nll_joint_base_spatial_no_donors,2024-11-09,wk inc flu hosp,2,2024-11-23,48,quantile,0.5,195.94695368264507
distributional_gaussian_nll_joint_base_spatial_no_donors,2024-11-09,wk inc flu hosp,2,2024-11-23,48,quantile,0.75,368.02810081292535
distributional_gaussian_nll_joint_base_spatial_no_donors,2024-11-09,wk inc flu hosp,2,2024-11-23,48,quantile,0.95,970.6515589951157
distributional_gaussian_nll_joint_base_spatial_no_donors,2024-11-09,wk inc flu hosp,3,2024-11-30,48,quantile,0.05,37.72904323413437
distributional_gaussian_nll_joint_base_spatial_no_donors,2024-11-09,wk inc flu hosp,3,2024-11-30,48,quantile,0.25,107.73284551759062
distributional_gaussian_nll_joint_base_spatial_no_donors,2024-11-09,wk inc flu hosp,3,2024-11-30,48,quantile,0.5,219.42396247478234
distributional_gaussian_nll_joint_base_spatial_no_donors,2024-11-09,wk inc flu hosp,3,2024-11-30,48,quantile,0.75,435.5038236170046
distributional_gaussian_nll_joint_base_spatial_no_donors,2024-11-09,wk inc flu hosp,3,2024-11-30,48,quantile,0.95,1250.664831061698
distributional_gaussian_nll_joint_base_spatial_no_donors,2024-11-16,wk inc flu hosp,0,2024-11-16,48,quantile,0.05,78.26147898830698
distributional_gaussian_nll_joint_base_spatial_no_donors,2024-11-16,wk inc flu hosp,0,2024-11-16,48,quantile,0.25,144.5543845581103
distributional_gaussian_nll_joint_base_spatial_no_donors,2024-11-16,wk inc flu hosp,0,2024-11-16,48,quantile,0.5,226.86765013095464
distributional_gaussian_nll_joint_base_spatial_no_donors,2024-11-16,wk inc flu hosp,0,2024-11-16,48,quantile,0.75,358.8923523501005
distributional_gaussian_nll_joint_base_spatial_no_donors,2024-11-16,wk inc flu hosp,0,2024-11-16,48,quantile,0.95,661.4184083030227
distributional_gaussian_nll_joint_base_spatial_no_donors,2024-11-16,wk inc flu hosp,1,2024-11-23,48,quantile,0.05,74.42574089318177
distributional_gaussian_nll_joint_base_spatial_no_donors,2024-11-16,wk inc flu hosp,1,2024-11-23,48,quantile,0.25,151.72332601690937
distributional_gaussian_nll_joint_base_spatial_no_donors,2024-11-16,wk inc flu hosp,1,2024-11-23,48,quantile,0.5,251.58257388689339
distributional_gaussian_nll_joint_base_spatial_no_donors,2024-11-16,wk inc flu hosp,1,2024-11-23,48,quantile,0.75,451.56576644905726
distributional_gaussian_nll_joint_base_spatial_no_donors,2024-11-16,wk inc flu hosp,1,2024-11-23,48,quantile,0.95,933.1757493165192
distributional_gaussian_nll_joint_base_spatial_no_donors,2024-11-16,wk inc flu hosp,2,2024-11-30,48,quantile,0.05,73.57936295155929
distributional_gaussian_nll_joint_base_spatial_no_donors,2024-11-16,wk inc flu hosp,2,2024-11-30,48,quantile,0.25,174.55192929039342
distributional_gaussian_nll_joint_base_spatial_no_donors,2024-11-16,wk inc flu hosp,2,2024-11-30,48,quantile,0.5,320.6624053114924
distributional_gaussian_nll_joint_base_spatial_no_donors,2024-11-16,wk inc flu hosp,2,2024-11-30,48,quantile,0.75,607.8862952204249
distributional_gaussian_nll_joint_base_spatial_no_donors,2024-11-16,wk inc flu hosp,2,2024-11-30,48,quantile,0.95,1421.5110041460305
distributional_gaussian_nll_joint_base_spatial_no_donors,2024-11-16,wk inc flu hosp,3,2024-12-07,48,quantile,0.05,70.72903985607124
distributional_gaussian_nll_joint_base_spatial_no_donors,2024-11-16,wk inc flu hosp,3,2024-12-07,48,quantile,0.25,178.8548308544311
distributional_gaussian_nll_joint_base_spatial_no_donors,2024-11-16,wk inc flu hosp,3,2024-12-07,48,quantile,0.5,341.657842189973
distributional_gaussian_nll_joint_base_spatial_no_donors,2024-11-16,wk inc flu hosp,3,2024-12-07,48,quantile,0.75,669.8199783837161
distributional_gaussian_nll_joint_base_spatial_no_donors,2024-11-16,wk inc flu hosp,3,2024-12-07,48,quantile,0.95,1715.025879915072
distributional_gaussian_nll_joint_base_spatial_no_donors,2024-11-23,wk inc flu hosp,0,2024-11-23,48,quantile,0.05,111.02490169969788
distributional_gaussian_nll_joint_base_spatial_no_donors,2024-11-23,wk inc flu hosp,0,2024-11-23,48,quantile,0.25,175.85569041277165
distributional_gaussian_nll_joint_base_spatial_no_donors,2024-11-23,wk inc flu hosp,0,2024-11-23,48,quantile,0.5,242.3525098372565
distributional_gaussian_nll_joint_base_spatial_no_donors,2024-11-23,wk inc flu hosp,0,2024-11-23,48,quantile,0.75,330.9968540047184
distributional_gaussian_nll_joint_base_spatial_no_donors,2024-11-23,wk inc flu hosp,0,2024-11-23,48,quantile,0.95,529.969893035809
distributional_gaussian_nll_joint_base_spatial_no_donors,2024-11-23,wk inc flu hosp,1,2024-11-30,48,quantile,0.05,100.20787063771357
distributional_gaussian_nll_joint_base_spatial_no_donors,2024-11-23,wk inc flu hosp,1,2024-11-30,48,quantile,0.25,180.06353014845718
distributional_gaussian_nll_joint_base_spatial_no_donors,2024-11-23,wk inc flu hosp,1,2024-11-30,48,quantile,0.5,275.7418348344305
distributional_gaussian_nll_joint_base_spatial_no_donors,2024-11-23,wk inc flu hosp,1,2024-11-30,48,quantile,0.75,413.10773817572783
distributional_gaussian_nll_joint_base_spatial_no_donors,2024-11-23,wk inc flu hosp,1,2024-11-30,48,quantile,0.95,778.4503555733653
distributional_gaussian_nll_joint_base_spatial_no_donors,2024-11-23,wk inc flu hosp,2,2024-12-07,48,quantile,0.05,95.80014634507418
distributional_gaussian_nll_joint_base_spatial_no_donors,2024-11-23,wk inc flu hosp,2,2024-12-07,48,quantile,0.25,190.1721082627514
distributional_gaussian_nll_joint_base_spatial_no_donors,2024-11-23,wk inc flu hosp,2,2024-12-07,48,quantile,0.5,319.3801471461199
distributional_gaussian_nll_joint_base_spatial_no_donors,2024-11-23,wk inc flu hosp,2,2024-12-07,48,quantile,0.75,534.1085439003126
distributional_gaussian_nll_joint_base_spatial_no_donors,2024-11-23,wk inc flu hosp,2,2024-12-07,48,quantile,0.95,1109.0615224291184
distributional_gaussian_nll_joint_base_spatial_no_donors,2024-11-23,wk inc flu hosp,3,2024-12-14,48,quantile,0.05,89.98153426588172
distributional_gaussian_nll_joint_base_spatial_no_donors,2024-11-23,wk inc flu hosp,3,2024-12-14,48,quantile,0.25,193.72204698443858
distributional_gaussian_nll_joint_base_spatial_no_donors,2024-11-23,wk inc flu hosp,3,2024-12-14,48,quantile,0.5,338.1581030855348
distributional_gaussian_nll_joint_base_spatial_no_donors,2024-11-23,wk inc flu hosp,3,2024-12-14,48,quantile,0.75,598.2563824456986
distributional_gaussian_nll_joint_base_spatial_no_donors,2024-11-23,wk inc flu hosp,3,2024-12-14,48,quantile,0.95,1329.6977402570958
distributional_gaussian_nll_joint_base_spatial_no_donors,2024-11-30,wk inc flu hosp,0,2024-11-30,48,quantile,0.05,143.92402090679866
distributional_gaussian_nll_joint_base_spatial_no_donors,2024-11-30,wk inc flu hosp,0,2024-11-30,48,quantile,0.25,220.87418768953677
distributional_gaussian_nll_joint_base_spatial_no_donors,2024-11-30,wk inc flu hosp,0,2024-11-30,48,quantile,0.5,299.8305552827202
distributional_gaussian_nll_joint_base_spatial_no_donors,2024-11-30,wk inc flu hosp,0,2024-11-30,48,quantile,0.75,398.74201431345244
distributional_gaussian_nll_joint_base_spatial_no_donors,2024-11-30,wk inc flu hosp,0,2024-11-30,48,quantile,0.95,589.8033896745364
distributional_gaussian_nll_joint_base_spatial_no_donors,2024-11-30,wk inc flu hosp,1,2024-12-07,48,quantile,0.05,134.9172333380309
distributional_gaussian_nll_joint_base_spatial_no_donors,2024-11-30,wk inc flu hosp,1,2024-12-07,48,quantile,0.25,227.49029802639
distributional_gaussian_nll_joint_base_spatial_no_donors,2024-11-30,wk inc flu hosp,1,2024-12-07,48,quantile,0.5,336.2919985750582
distributional_gaussian_nll_joint_base_spatial_no_donors,2024-11-30,wk inc flu hosp,1,2024-12-07,48,quantile,0.75,483.43324593279317
distributional_gaussian_nll_joint_base_spatial_no_donors,2024-11-30,wk inc flu hosp,1,2024-12-07,48,quantile,0.95,814.5819755557582
distributional_gaussian_nll_joint_base_spatial_no_donors,2024-11-30,wk inc flu hosp,2,2024-12-14,48,quantile,0.05,121.77142448155294
distributional_gaussian_nll_joint_base_spatial_no_donors,2024-11-30,wk inc flu hosp,2,2024-12-14,48,quantile,0.25,233.5036586214107
distributional_gaussian_nll_joint_base_spatial_no_donors,2024-11-30,wk inc flu hosp,2,2024-12-14,48,quantile,0.5,395.5712269953666
distributional_gaussian_nll_joint_base_spatial_no_donors,2024-11-30,wk inc flu hosp,2,2024-12-14,48,quantile,0.75,620.9786401378872
distributional_gaussian_nll_joint_base_spatial_no_donors,2024-11-30,wk inc flu hosp,2,2024-12-14,48,quantile,0.95,1233.9891185413971
distributional_gaussian_nll_joint_base_spatial_no_donors,2024-11-30,wk inc flu hosp,3,2024-12-21,48,quantile,0.05,112.60055192894828
distributional_gaussian_nll_joint_base_spatial_no_donors,2024-11-30,wk inc flu hosp,3,2024-12-21,48,quantile,0.25,240.2549448533872
distributional_gaussian_nll_joint_base_spatial_no_donors,2024-11-30,wk inc flu hosp,3,2024-12-21,48,quantile,0.5,420.3616118513661
distributional_gaussian_nll_joint_base_spatial_no_donors,2024-11-30,wk inc flu hosp,3,2024-12-21,48,quantile,0.75,711.566449654145
distributional_gaussian_nll_joint_base_spatial_no_donors,2024-11-30,wk inc flu hosp,3,2024-12-21,48,quantile,0.95,1471.910964196564
distributional_gaussian_nll_joint_base_spatial_no_donors,2024-12-07,wk inc flu hosp,0,2024-12-07,48,quantile,0.05,234.4492192545287
distributional_gaussian_nll_joint_base_spatial_no_donors,2024-12-07,wk inc flu hosp,0,2024-12-07,48,quantile,0.25,355.60880573964357
distributional_gaussian_nll_joint_base_spatial_no_donors,2024-12-07,wk inc flu hosp,0,2024-12-07,48,quantile,0.5,465.93239030870154
distributional_gaussian_nll_joint_base_spatial_no_donors,2024-12-07,wk inc flu hosp,0,2024-12-07,48,quantile,0.75,601.6514157797069
distributional_gaussian_nll_joint_base_spatial_no_donors,2024-12-07,wk inc flu hosp,0,2024-12-07,48,quantile,0.95,871.8189915164278
distributional_gaussian_nll_joint_base_spatial_no_donors,2024-12-07,wk inc flu hosp,1,2024-12-14,48,quantile,0.05,196.96790567890235
distributional_gaussian_nll_joint_base_spatial_no_donors,2024-12-07,wk inc flu hosp,1,2024-12-14,48,quantile,0.25,357.0473701161119
distributional_gaussian_nll_joint_base_spatial_no_donors,2024-12-07,wk inc flu hosp,1,2024-12-14,48,quantile,0.5,524.5158144908743
distributional_gaussian_nll_joint_base_spatial_no_donors,2024-12-07,wk inc flu hosp,1,2024-12-14,48,quantile,0.75,729.4993173105479
distributional_gaussian_nll_joint_base_spatial_no_donors,2024-12-07,wk inc flu hosp,1,2024-12-14,48,quantile,0.95,1190.5223215349197
distributional_gaussian_nll_joint_base_spatial_no_donors,2024-12-07,wk inc flu hosp,2,2024-12-21,48,quantile,0.05,186.33038854033583
distributional_gaussian_nll_joint_base_spatial_no_donors,2024-12-07,wk inc flu hosp,2,2024-12-21,48,quantile,0.25,368.7521999908457
distributional_gaussian_nll_joint_base_spatial_no_donors,2024-12-07,wk inc flu hosp,2,2024-12-21,48,quantile,0.5,588.4929960059435
distributional_gaussian_nll_joint_base_spatial_no_donors,2024-12-07,wk inc flu hosp,2,2024-12-21,48,quantile,0.75,914.3758906165951
distributional_gaussian_nll_joint_base_spatial_no_donors,2024-12-07,wk inc flu hosp,2,2024-12-21,48,quantile,0.95,1694.215904810683
distributional_gaussian_nll_joint_base_spatial_no_donors,2024-12-07,wk inc flu hosp,3,2024-12-28,48,quantile,0.05,173.6864371194755
distributional_gaussian_nll_joint_base_spatial_no_donors,2024-12-07,wk inc flu hosp,3,2024-12-28,48,quantile,0.25,368.4911212899054
distributional_gaussian_nll_joint_base_spatial_no_donors,2024-12-07,wk inc flu hosp,3,2024-12-28,48,quantile,0.5,606.824204987905
distributional_gaussian_nll_joint_base_spatial_no_donors,2024-12-07,wk inc flu hosp,3,2024-12-28,48,quantile,0.75,1042.8434847473657
distributional_gaussian_nll_joint_base_spatial_no_donors,2024-12-07,wk inc flu hosp,3,2024-12-28,48,quantile,0.95,2170.4724123815495
distributional_gaussian_nll_joint_base_spatial_no_donors,2024-12-14,wk inc flu hosp,0,2024-12-14,48,quantile,0.05,304.1687171321221
distributional_gaussian_nll_joint_base_spatial_no_donors,2024-12-14,wk inc flu hosp,0,2024-12-14,48,quantile,0.25,443.4527265860578
distributional_gaussian_nll_joint_base_spatial_no_donors,2024-12-14,wk inc flu hosp,0,2024-12-14,48,quantile,0.5,562.9669243664268
distributional_gaussian_nll_joint_base_spatial_no_donors,2024-12-14,wk inc flu hosp,0,2024-12-14,48,quantile,0.75,701.6294890681995
distributional_gaussian_nll_joint_base_spatial_no_donors,2024-12-14,wk inc flu hosp,0,2024-12-14,48,quantile,0.95,965.6511229374296
distributional_gaussian_nll_joint_base_spatial_no_donors,2024-12-14,wk inc flu hosp,1,2024-12-21,48,quantile,0.05,268.88373413247564
distributional_gaussian_nll_joint_base_spatial_no_donors,2024-12-14,wk inc flu hosp,1,2024-12-21,48,quantile,0.25,446.6817776053223
distributional_gaussian_nll_joint_base_spatial_no_donors,2024-12-14,wk inc flu hosp,1,2024-12-21,48,quantile,0.5,608.5973119428711
distributional_gaussian_nll_joint_base_spatial_no_donors,2024-12-14,wk inc flu hosp,1,2024-12-21,48,quantile,0.75,829.9045393683161
distributional_gaussian_nll_joint_base_spatial_no_donors,2024-12-14,wk inc flu hosp,1,2024-12-21,48,quantile,0.95,1303.7217078351205
distributional_gaussian_nll_joint_base_spatial_no_donors,2024-12-14,wk inc flu hosp,2,2024-12-28,48,quantile,0.05,254.6176342106092
distributional_gaussian_nll_joint_base_spatial_no_donors,2024-12-14,wk inc flu hosp,2,2024-12-28,48,quantile,0.25,455.24820773844385
distributional_gaussian_nll_joint_base_spatial_no_donors,2024-12-14,wk inc flu hosp,2,2024-12-28,48,quantile,0.5,698.065137981281
distributional_gaussian_nll_joint_base_spatial_no_donors,2024-12-14,wk inc flu hosp,2,2024-12-28,48,quantile,0.75,1048.8043254336599
distributional_gaussian_nll_joint_base_spatial_no_donors,2024-12-14,wk inc flu hosp,2,2024-12-28,48,quantile,0.95,1876.0508316265896
distributional_gaussian_nll_joint_base_spatial_no_donors,2024-12-14,wk inc flu hosp,3,2025-01-04,48,quantile,0.05,237.6017857435318
distributional_gaussian_nll_joint_base_spatial_no_donors,2024-12-14,wk inc flu hosp,3,2025-01-04,48,quantile,0.25,460.15878606535694
distributional_gaussian_nll_joint_base_spatial_no_donors,2024-12-14,wk inc flu hosp,3,2025-01-04,48,quantile,0.5,726.7298579360639
distributional_gaussian_nll_joint_base_spatial_no_donors,2024-12-14,wk inc flu hosp,3,2025-01-04,48,quantile,0.75,1138.2587168065124
distributional_gaussian_nll_joint_base_spatial_no_donors,2024-12-14,wk inc flu hosp,3,2025-01-04,48,quantile,0.95,2123.898884212069
distributional_gaussian_nll_joint_base_spatial_no_donors,2024-12-21,wk inc flu hosp,0,2024-12-21,48,quantile,0.05,414.76839202594
distributional_gaussian_nll_joint_base_spatial_no_donors,2024-12-21,wk inc flu hosp,0,2024-12-21,48,quantile,0.25,591.8803671716341
distributional_gaussian_nll_joint_base_spatial_no_donors,2024-12-21,wk inc flu hosp,0,2024-12-21,48,quantile,0.5,747.6832907932524
distributional_gaussian_nll_joint_base_spatial_no_donors,2024-12-21,wk inc flu hosp,0,2024-12-21,48,quantile,0.75,948.0915127883181
distributional_gaussian_nll_joint_base_spatial_no_donors,2024-12-21,wk inc flu hosp,0,2024-12-21,48,quantile,0.95,1342.2677670252542
distributional_gaussian_nll_joint_base_spatial_no_donors,2024-12-21,wk inc flu hosp,1,2024-12-28,48,quantile,0.05,367.53784120558316
distributional_gaussian_nll_joint_base_spatial_no_donors,2024-12-21,wk inc flu hosp,1,2024-12-28,48,quantile,0.25,579.38518105181
distributional_gaussian_nll_joint_base_spatial_no_donors,2024-12-21,wk inc flu hosp,1,2024-12-28,48,quantile,0.5,806.4407262636204
distributional_gaussian_nll_joint_base_spatial_no_donors,2024-12-21,wk inc flu hosp,1,2024-12-28,48,quantile,0.75,1112.4342602225036
distributional_gaussian_nll_joint_base_spatial_no_donors,2024-12-21,wk inc flu hosp,1,2024-12-28,48,quantile,0.95,1769.8614701897236
distributional_gaussian_nll_joint_base_spatial_no_donors,2024-12-21,wk inc flu hosp,2,2025-01-04,48,quantile,0.05,328.61687080212596
distributional_gaussian_nll_joint_base_spatial_no_donors,2024-12-21,wk inc flu hosp,2,2025-01-04,48,quantile,0.25,584.8216383281322
distributional_gaussian_nll_joint_base_spatial_no_donors,2024-12-21,wk inc flu hosp,2,2025-01-04,48,quantile,0.5,867.1068459829089
distributional_gaussian_nll_joint_base_spatial_no_donors,2024-12-21,wk inc flu hosp,2,2025-01-04,48,quantile,0.75,1313.715127161224
distributional_gaussian_nll_joint_base_spatial_no_donors,2024-12-21,wk inc flu hosp,2,2025-01-04,48,quantile,0.95,2300.229347236154
distributional_gaussian_nll_joint_base_spatial_no_donors,2024-12-21,wk inc flu hosp,3,2025-01-11,48,quantile,0.05,294.868383356397
distributional_gaussian_nll_joint_base_spatial_no_donors,2024-12-21,wk inc flu hosp,3,2025-01-11,48,quantile,0.25,544.5276456382046
distributional_gaussian_nll_joint_base_spatial_no_donors,2024-12-21,wk inc flu hosp,3,2025-01-11,48,quantile,0.5,850.9559220534677
distributional_gaussian_nll_joint_base_spatial_no_donors,2024-12-21,wk inc flu hosp,3,2025-01-11,48,quantile,0.75,1308.1430727252302
distributional_gaussian_nll_joint_base_spatial_no_donors,2024-12-21,wk inc flu hosp,3,2025-01-11,48,quantile,0.95,2492.725550888681
distributional_gaussian_nll_joint_base_spatial_no_donors,2024-12-28,wk inc flu hosp,0,2024-12-28,48,quantile,0.05,595.1007164314315
distributional_gaussian_nll_joint_base_spatial_no_donors,2024-12-28,wk inc flu hosp,0,2024-12-28,48,quantile,0.25,897.3142423197135
distributional_gaussian_nll_joint_base_spatial_no_donors,2024-12-28,wk inc flu hosp,0,2024-12-28,48,quantile,0.5,1193.2139584950567
distributional_gaussian_nll_joint_base_spatial_no_donors,2024-12-28,wk inc flu hosp,0,2024-12-28,48,quantile,0.75,1567.7921641334303
distributional_gaussian_nll_joint_base_spatial_no_donors,2024-12-28,wk inc flu hosp,0,2024-12-28,48,quantile,0.95,2413.9051278816346
distributional_gaussian_nll_joint_base_spatial_no_donors,2024-12-28,wk inc flu hosp,1,2025-01-04,48,quantile,0.05,523.008193826697
distributional_gaussian_nll_joint_base_spatial_no_donors,2024-12-28,wk inc flu hosp,1,2025-01-04,48,quantile,0.25,866.8832820653613
distributional_gaussian_nll_joint_base_spatial_no_donors,2024-12-28,wk inc flu hosp,1,2025-01-04,48,quantile,0.5,1229.7965479949798
distributional_gaussian_nll_joint_base_spatial_no_donors,2024-12-28,wk inc flu hosp,1,2025-01-04,48,quantile,0.75,1760.4446543294343
distributional_gaussian_nll_joint_base_spatial_no_donors,2024-12-28,wk inc flu hosp,1,2025-01-04,48,quantile,0.95,2981.7752402817778
distributional_gaussian_nll_joint_base_spatial_no_donors,2024-12-28,wk inc flu hosp,2,2025-01-11,48,quantile,0.05,449.60818376769555
distributional_gaussian_nll_joint_base_spatial_no_donors,2024-12-28,wk inc flu hosp,2,2025-01-11,48,quantile,0.25,813.9772387742887
distributional_gaussian_nll_joint_base_spatial_no_donors,2024-12-28,wk inc flu hosp,2,2025-01-11,48,quantile,0.5,1242.084515578045
distributional_gaussian_nll_joint_base_spatial_no_donors,2024-12-28,wk inc flu hosp,2,2025-01-11,48,quantile,0.75,1897.8738314273367
distributional_gaussian_nll_joint_base_spatial_no_donors,2024-12-28,wk inc flu hosp,2,2025-01-11,48,quantile,0.95,3449.0365386584567
distributional_gaussian_nll_joint_base_spatial_no_donors,2024-12-28,wk inc flu hosp,3,2025-01-18,48,quantile,0.05,399.5360980767508
distributional_gaussian_nll_joint_base_spatial_no_donors,2024-12-28,wk inc flu hosp,3,2025-01-18,48,quantile,0.25,776.3852791731259
distributional_gaussian_nll_joint_base_spatial_no_donors,2024-12-28,wk inc flu hosp,3,2025-01-18,48,quantile,0.5,1208.9192096947077
distributional_gaussian_nll_joint_base_spatial_no_donors,2024-12-28,wk inc flu hosp,3,2025-01-18,48,quantile,0.75,1922.8163266999238
distributional_gaussian_nll_joint_base_spatial_no_donors,2024-12-28,wk inc flu hosp,3,2025-01-18,48,quantile,0.95,3606.6309597042555
distributional_gaussian_nll_joint_base_spatial_no_donors,2025-01-04,wk inc flu hosp,0,2025-01-04,48,quantile,0.05,977.7258731444456
distributional_gaussian_nll_joint_base_spatial_no_donors,2025-01-04,wk inc flu hosp,0,2025-01-04,48,quantile,0.25,1345.2755911816357
distributional_gaussian_nll_joint_base_spatial_no_donors,2025-01-04,wk inc flu hosp,0,2025-01-04,48,quantile,0.5,1653.306217458477
distributional_gaussian_nll_joint_base_spatial_no_donors,2025-01-04,wk inc flu hosp,0,2025-01-04,48,quantile,0.75,2034.1556715236838
distributional_gaussian_nll_joint_base_spatial_no_donors,2025-01-04,wk inc flu hosp,0,2025-01-04,48,quantile,0.95,2764.293161880946
distributional_gaussian_nll_joint_base_spatial_no_donors,2025-01-04,wk inc flu hosp,1,2025-01-11,48,quantile,0.05,828.9311863630012
distributional_gaussian_nll_joint_base_spatial_no_donors,2025-01-04,wk inc flu hosp,1,2025-01-11,48,quantile,0.25,1233.35651746737
distributional_gaussian_nll_joint_base_spatial_no_donors,2025-01-04,wk inc flu hosp,1,2025-01-11,48,quantile,0.5,1608.633444738284
distributional_gaussian_nll_joint_base_spatial_no_donors,2025-01-04,wk inc flu hosp,1,2025-01-11,48,quantile,0.75,2076.447823332307
distributional_gaussian_nll_joint_base_spatial_no_donors,2025-01-04,wk inc flu hosp,1,2025-01-11,48,quantile,0.95,3045.4604664839953
distributional_gaussian_nll_joint_base_spatial_no_donors,2025-01-04,wk inc flu hosp,2,2025-01-18,48,quantile,0.05,680.3472929400841
distributional_gaussian_nll_joint_base_spatial_no_donors,2025-01-04,wk inc flu hosp,2,2025-01-18,48,quantile,0.25,1113.9029802272098
distributional_gaussian_nll_joint_base_spatial_no_donors,2025-01-04,wk inc flu hosp,2,2025-01-18,48,quantile,0.5,1584.12870170892
distributional_gaussian_nll_joint_base_spatial_no_donors,2025-01-04,wk inc flu hosp,2,2025-01-18,48,quantile,0.75,2199.536142355537
distributional_gaussian_nll_joint_base_spatial_no_donors,2025-01-04,wk inc flu hosp,2,2025-01-18,48,quantile,0.95,3613.292283717739
distributional_gaussian_nll_joint_base_spatial_no_donors,2025-01-04,wk inc flu hosp,3,2025-01-25,48,quantile,0.05,634.6237930111863
distributional_gaussian_nll_joint_base_spatial_no_donors,2025-01-04,wk inc flu hosp,3,2025-01-25,48,quantile,0.25,1119.8059110225718
distributional_gaussian_nll_joint_base_spatial_no_donors,2025-01-04,wk inc flu hosp,3,2025-01-25,48,quantile,0.5,1613.0146936758028
distributional_gaussian_nll_joint_base_spatial_no_donors,2025-01-04,wk inc flu hosp,3,2025-01-25,48,quantile,0.75,2268.5139498664794
distributional_gaussian_nll_joint_base_spatial_no_donors,2025-01-04,wk inc flu hosp,3,2025-01-25,48,quantile,0.95,3853.641696769084
distributional_gaussian_nll_joint_base_spatial_no_donors,2025-01-11,wk inc flu hosp,0,2025-01-11,48,quantile,0.05,1478.5132216278375
distributional_gaussian_nll_joint_base_spatial_no_donors,2025-01-11,wk inc flu hosp,0,2025-01-11,48,quantile,0.25,1929.473866118112
distributional_gaussian_nll_joint_base_spatial_no_donors,2025-01-11,wk inc flu hosp,0,2025-01-11,48,quantile,0.5,2399.6402535181915
distributional_gaussian_nll_joint_base_spatial_no_donors,2025-01-11,wk inc flu hosp,0,2025-01-11,48,quantile,0.75,2955.4851376500847
distributional_gaussian_nll_joint_base_spatial_no_donors,2025-01-11,wk inc flu hosp,0,2025-01-11,48,quantile,0.95,4005.03016439485
distributional_gaussian_nll_joint_base_spatial_no_donors,2025-01-11,wk inc flu hosp,1,2025-01-18,48,quantile,0.05,1236.5593775805896
distributional_gaussian_nll_joint_base_spatial_no_donors,2025-01-11,wk inc flu hosp,1,2025-01-18,48,quantile,0.25,1784.8179313654496
distributional_gaussian_nll_joint_base_spatial_no_donors,2025-01-11,wk inc flu hosp,1,2025-01-18,48,quantile,0.5,2319.366614094038
distributional_gaussian_nll_joint_base_spatial_no_donors,2025-01-11,wk inc flu hosp,1,2025-01-18,48,quantile,0.75,3010.821107747248
distributional_gaussian_nll_joint_base_spatial_no_donors,2025-01-11,wk inc flu hosp,1,2025-01-18,48,quantile,0.95,4443.70858276269
distributional_gaussian_nll_joint_base_spatial_no_donors,2025-01-11,wk inc flu hosp,2,2025-01-25,48,quantile,0.05,964.0303711105576
distributional_gaussian_nll_joint_base_spatial_no_donors,2025-01-11,wk inc flu hosp,2,2025-01-25,48,quantile,0.25,1579.1479003507218
distributional_gaussian_nll_joint_base_spatial_no_donors,2025-01-11,wk inc flu hosp,2,2025-01-25,48,quantile,0.5,2285.120103385631
distributional_gaussian_nll_joint_base_spatial_no_donors,2025-01-11,wk inc flu hosp,2,2025-01-25,48,quantile,0.75,3241.201852531727
distributional_gaussian_nll_joint_base_spatial_no_donors,2025-01-11,wk inc flu hosp,2,2025-01-25,48,quantile,0.95,5552.763969724705
distributional_gaussian_nll_joint_base_spatial_no_donors,2025-01-11,wk inc flu hosp,3,2025-02-01,48,quantile,0.05,872.2631250811727
distributional_gaussian_nll_joint_base_spatial_no_donors,2025-01-11,wk inc flu hosp,3,2025-02-01,48,quantile,0.25,1553.3654194368978
distributional_gaussian_nll_joint_base_spatial_no_donors,2025-01-11,wk inc flu hosp,3,2025-02-01,48,quantile,0.5,2372.3719144265965
distributional_gaussian_nll_joint_base_spatial_no_donors,2025-01-11,wk inc flu hosp,3,2025-02-01,48,quantile,0.75,3479.9445844711768
distributional_gaussian_nll_joint_base_spatial_no_donors,2025-01-11,wk inc flu hosp,3,2025-02-01,48,quantile,0.95,5942.1134806953905
distributional_gaussian_nll_joint_base_spatial_no_donors,2025-01-18,wk inc flu hosp,0,2025-01-18,48,quantile,0.05,1078.9906476180704
distributional_gaussian_nll_joint_base_spatial_no_donors,2025-01-18,wk inc flu hosp,0,2025-01-18,48,quantile,0.25,1471.7004939864892
distributional_gaussian_nll_joint_base_spatial_no_donors,2025-01-18,wk inc flu hosp,0,2025-01-18,48,quantile,0.5,1820.3661442150787
distributional_gaussian_nll_joint_base_spatial_no_donors,2025-01-18,wk inc flu hosp,0,2025-01-18,48,quantile,0.75,2220.5729606297805
distributional_gaussian_nll_joint_base_spatial_no_donors,2025-01-18,wk inc flu hosp,0,2025-01-18,48,quantile,0.95,2984.4164588790436
distributional_gaussian_nll_joint_base_spatial_no_donors,2025-01-18,wk inc flu hosp,1,2025-01-25,48,quantile,0.05,909.6900383556298
distributional_gaussian_nll_joint_base_spatial_no_donors,2025-01-18,wk inc flu hosp,1,2025-01-25,48,quantile,0.25,1341.4000699440132
distributional_gaussian_nll_joint_base_spatial_no_donors,2025-01-18,wk inc flu hosp,1,2025-01-25,48,quantile,0.5,1753.6793984205938
distributional_gaussian_nll_joint_base_spatial_no_donors,2025-01-18,wk inc flu hosp,1,2025-01-25,48,quantile,0.75,2311.5937582423794
distributional_gaussian_nll_joint_base_spatial_no_donors,2025-01-18,wk inc flu hosp,1,2025-01-25,48,quantile,0.95,3485.6082990015993
distributional_gaussian_nll_joint_base_spatial_no_donors,2025-01-18,wk inc flu hosp,2,2025-02-01,48,quantile,0.05,666.8339859008589
distributional_gaussian_nll_joint_base_spatial_no_donors,2025-01-18,wk inc flu hosp,2,2025-02-01,48,quantile,0.25,1117.4493722336128
distributional_gaussian_nll_joint_base_spatial_no_donors,2025-01-18,wk inc flu hosp,2,2025-02-01,48,quantile,0.5,1612.1319449396888
distributional_gaussian_nll_joint_base_spatial_no_donors,2025-01-18,wk inc flu hosp,2,2025-02-01,48,quantile,0.75,2385.228194969577
distributional_gaussian_nll_joint_base_spatial_no_donors,2025-01-18,wk inc flu hosp,2,2025-02-01,48,quantile,0.95,3979.8411123138285
distributional_gaussian_nll_joint_base_spatial_no_donors,2025-01-18,wk inc flu hosp,3,2025-02-08,48,quantile,0.05,520.2755995946947
distributional_gaussian_nll_joint_base_spatial_no_donors,2025-01-18,wk inc flu hosp,3,2025-02-08,48,quantile,0.25,969.2818928103982
distributional_gaussian_nll_joint_base_spatial_no_donors,2025-01-18,wk inc flu hosp,3,2025-02-08,48,quantile,0.5,1523.816043981447
distributional_gaussian_nll_joint_base_spatial_no_donors,2025-01-18,wk inc flu hosp,3,2025-02-08,48,quantile,0.75,2353.6145788125878
distributional_gaussian_nll_joint_base_spatial_no_donors,2025-01-18,wk inc flu hosp,3,2025-02-08,48,quantile,0.95,4293.355021507938
distributional_gaussian_nll_joint_base_spatial_no_donors,2025-02-01,wk inc flu hosp,0,2025-02-01,48,quantile,0.05,1389.0113265872658
distributional_gaussian_nll_joint_base_spatial_no_donors,2025-02-01,wk inc flu hosp,0,2025-02-01,48,quantile,0.25,1883.645428865912
distributional_gaussian_nll_joint_base_spatial_no_donors,2025-02-01,wk inc flu hosp,0,2025-02-01,48,quantile,0.5,2242.0804050298693
distributional_gaussian_nll_joint_base_spatial_no_donors,2025-02-01,wk inc flu hosp,0,2025-02-01,48,quantile,0.75,2727.170680936305
distributional_gaussian_nll_joint_base_spatial_no_donors,2025-02-01,wk inc flu hosp,0,2025-02-01,48,quantile,0.95,3659.1215882980114
distributional_gaussian_nll_joint_base_spatial_no_donors,2025-02-01,wk inc flu hosp,1,2025-02-08,48,quantile,0.05,1123.7766696991735
distributional_gaussian_nll_joint_base_spatial_no_donors,2025-02-01,wk inc flu hosp,1,2025-02-08,48,quantile,0.25,1654.3740703607964
distributional_gaussian_nll_joint_base_spatial_no_donors,2025-02-01,wk inc flu hosp,1,2025-02-08,48,quantile,0.5,2170.9636325700576
distributional_gaussian_nll_joint_base_spatial_no_donors,2025-02-01,wk inc flu hosp,1,2025-02-08,48,quantile,0.75,2809.956229591598
distributional_gaussian_nll_joint_base_spatial_no_donors,2025-02-01,wk inc flu hosp,1,2025-02-08,48,quantile,0.95,4092.401405822626
distributional_gaussian_nll_joint_base_spatial_no_donors,2025-02-01,wk inc flu hosp,2,2025-02-15,48,quantile,0.05,795.7185205920013
distributional_gaussian_nll_joint_base_spatial_no_donors,2025-02-01,wk inc flu hosp,2,2025-02-15,48,quantile,0.25,1356.6021005166813
distributional_gaussian_nll_joint_base_spatial_no_donors,2025-02-01,wk inc flu hosp,2,2025-02-15,48,quantile,0.5,1956.4133963230597
distributional_gaussian_nll_joint_base_spatial_no_donors,2025-02-01,wk inc flu hosp,2,2025-02-15,48,quantile,0.75,2787.063613354644
distributional_gaussian_nll_joint_base_spatial_no_donors,2025-02-01,wk inc flu hosp,2,2025-02-15,48,quantile,0.95,4770.399517441043
distributional_gaussian_nll_joint_base_spatial_no_donors,2025-02-01,wk inc flu hosp,3,2025-02-22,48,quantile,0.05,593.2149506371488
distributional_gaussian_nll_joint_base_spatial_no_donors,2025-02-01,wk inc flu hosp,3,2025-02-22,48,quantile,0.25,1046.7621460812445
distributional_gaussian_nll_joint_base_spatial_no_donors,2025-02-01,wk inc flu hosp,3,2025-02-22,48,quantile,0.5,1645.7004821891037
distributional_gaussian_nll_joint_base_spatial_no_donors,2025-02-01,wk inc flu hosp,3,2025-02-22,48,quantile,0.75,2533.7693218167315
distributional_gaussian_nll_joint_base_spatial_no_donors,2025-02-01,wk inc flu hosp,3,2025-02-22,48,quantile,0.95,4671.757560342816
distributional_gaussian_nll_joint_base_spatial_no_donors,2025-02-08,wk inc flu hosp,0,2025-02-08,48,quantile,0.05,2163.4736705643354
distributional_gaussian_nll_joint_base_spatial_no_donors,2025-02-08,wk inc flu hosp,0,2025-02-08,48,quantile,0.25,2926.2110744676984
distributional_gaussian_nll_joint_base_spatial_no_donors,2025-02-08,wk inc flu hosp,0,2025-02-08,48,quantile,0.5,3699.538518773551
distributional_gaussian_nll_joint_base_spatial_no_donors,2025-02-08,wk inc flu hosp,0,2025-02-08,48,quantile,0.75,4672.160729033616
distributional_gaussian_nll_joint_base_spatial_no_donors,2025-02-08,wk inc flu hosp,0,2025-02-08,48,quantile,0.95,6452.729029351058
distributional_gaussian_nll_joint_base_spatial_no_donors,2025-02-08,wk inc flu hosp,1,2025-02-15,48,quantile,0.05,1708.5818140231781
distributional_gaussian_nll_joint_base_spatial_no_donors,2025-02-08,wk inc flu hosp,1,2025-02-15,48,quantile,0.25,2591.918024940768
distributional_gaussian_nll_joint_base_spatial_no_donors,2025-02-08,wk inc flu hosp,1,2025-02-15,48,quantile,0.5,3556.5000554268413
distributional_gaussian_nll_joint_base_spatial_no_donors,2025-02-08,wk inc flu hosp,1,2025-02-15,48,quantile,0.75,4701.764320222086
distributional_gaussian_nll_joint_base_spatial_no_donors,2025-02-08,wk inc flu hosp,1,2025-02-15,48,quantile,0.95,7133.642973185086
distributional_gaussian_nll_joint_base_spatial_no_donors,2025-02-08,wk inc flu hosp,2,2025-02-22,48,quantile,0.05,1223.4519526043941
distributional_gaussian_nll_joint_base_spatial_no_donors,2025-02-08,wk inc flu hosp,2,2025-02-22,48,quantile,0.25,2083.740431037296
distributional_gaussian_nll_joint_base_spatial_no_donors,2025-02-08,wk inc flu hosp,2,2025-02-22,48,quantile,0.5,2992.3110111564165
distributional_gaussian_nll_joint_base_spatial_no_donors,2025-02-08,wk inc flu hosp,2,2025-02-22,48,quantile,0.75,4495.43070054046
distributional_gaussian_nll_joint_base_spatial_no_donors,2025-02-08,wk inc flu hosp,2,2025-02-22,48,quantile,0.95,7953.551053787678
distributional_gaussian_nll_joint_base_spatial_no_donors,2025-02-08,wk inc flu hosp,3,2025-03-01,48,quantile,0.05,898.3593154379623
distributional_gaussian_nll_joint_base_spatial_no_donors,2025-02-08,wk inc flu hosp,3,2025-03-01,48,quantile,0.25,1626.8622010611089
distributional_gaussian_nll_joint_base_spatial_no_donors,2025-02-08,wk inc flu hosp,3,2025-03-01,48,quantile,0.5,2688.2219428292283
distributional_gaussian_nll_joint_base_spatial_no_donors,2025-02-08,wk inc flu hosp,3,2025-03-01,48,quantile,0.75,4313.836772145225
distributional_gaussian_nll_joint_base_spatial_no_donors,2025-02-08,wk inc flu hosp,3,2025-03-01,48,quantile,0.95,8479.626718336262
distributional_gaussian_nll_joint_base_spatial_no_donors,2025-02-15,wk inc flu hosp,0,2025-02-15,48,quantile,0.05,1852.6947205676634
distributional_gaussian_nll_joint_base_spatial_no_donors,2025-02-15,wk inc flu hosp,0,2025-02-15,48,quantile,0.25,2544.832818730222
distributional_gaussian_nll_joint_base_spatial_no_donors,2025-02-15,wk inc flu hosp,0,2025-02-15,48,quantile,0.5,3362.1446239044735
distributional_gaussian_nll_joint_base_spatial_no_donors,2025-02-15,wk inc flu hosp,0,2025-02-15,48,quantile,0.75,4249.569575880536
distributional_gaussian_nll_joint_base_spatial_no_donors,2025-02-15,wk inc flu hosp,0,2025-02-15,48,quantile,0.95,6082.807299469614
distributional_gaussian_nll_joint_base_spatial_no_donors,2025-02-15,wk inc flu hosp,1,2025-02-22,48,quantile,0.05,1598.657831413921
distributional_gaussian_nll_joint_base_spatial_no_donors,2025-02-15,wk inc flu hosp,1,2025-02-22,48,quantile,0.25,2384.1377301670673
distributional_gaussian_nll_joint_base_spatial_no_donors,2025-02-15,wk inc flu hosp,1,2025-02-22,48,quantile,0.5,3263.0650342478984
distributional_gaussian_nll_joint_base_spatial_no_donors,2025-02-15,wk inc flu hosp,1,2025-02-22,48,quantile,0.75,4291.984444990252
distributional_gaussian_nll_joint_base_spatial_no_donors,2025-02-15,wk inc flu hosp,1,2025-02-22,48,quantile,0.95,6453.624799410834
distributional_gaussian_nll_joint_base_spatial_no_donors,2025-02-15,wk inc flu hosp,2,2025-03-01,48,quantile,0.05,1179.521517776287
distributional_gaussian_nll_joint_base_spatial_no_donors,2025-02-15,wk inc flu hosp,2,2025-03-01,48,quantile,0.25,2032.6744698219113
distributional_gaussian_nll_joint_base_spatial_no_donors,2025-02-15,wk inc flu hosp,2,2025-03-01,48,quantile,0.5,2936.089482788801
distributional_gaussian_nll_joint_base_spatial_no_donors,2025-02-15,wk inc flu hosp,2,2025-03-01,48,quantile,0.75,4368.595218163965
distributional_gaussian_nll_joint_base_spatial_no_donors,2025-02-15,wk inc flu hosp,2,2025-03-01,48,quantile,0.95,7266.427534743705
distributional_gaussian_nll_joint_base_spatial_no_donors,2025-02-15,wk inc flu hosp,3,2025-03-08,48,quantile,0.05,963.6316905095161
distributional_gaussian_nll_joint_base_spatial_no_donors,2025-02-15,wk inc flu hosp,3,2025-03-08,48,quantile,0.25,1737.9505328323621
distributional_gaussian_nll_joint_base_spatial_no_donors,2025-02-15,wk inc flu hosp,3,2025-03-08,48,quantile,0.5,2708.9451367349957
distributional_gaussian_nll_joint_base_spatial_no_donors,2025-02-15,wk inc flu hosp,3,2025-03-08,48,quantile,0.75,4147.606079979329
distributional_gaussian_nll_joint_base_spatial_no_donors,2025-02-15,wk inc flu hosp,3,2025-03-08,48,quantile,0.95,7640.198668394471
distributional_gaussian_nll_joint_base_spatial_no_donors,2025-02-22,wk inc flu hosp,0,2025-02-22,48,quantile,0.05,945.7194550516133
distributional_gaussian_nll_joint_base_spatial_no_donors,2025-02-22,wk inc flu hosp,0,2025-02-22,48,quantile,0.25,1371.4843659550584
distributional_gaussian_nll_joint_base_spatial_no_donors,2025-02-22,wk inc flu hosp,0,2025-02-22,48,quantile,0.5,1792.8402587930784
distributional_gaussian_nll_joint_base_spatial_no_donors,2025-02-22,wk inc flu hosp,0,2025-02-22,48,quantile,0.75,2359.5497522673086
distributional_gaussian_nll_joint_base_spatial_no_donors,2025-02-22,wk inc flu hosp,0,2025-02-22,48,quantile,0.95,3345.375228401421
distributional_gaussian_nll_joint_base_spatial_no_donors,2025-02-22,wk inc flu hosp,1,2025-03-01,48,quantile,0.05,770.5595833186687
distributional_gaussian_nll_joint_base_spatial_no_donors,2025-02-22,wk inc flu hosp,1,2025-03-01,48,quantile,0.25,1232.043296491206
distributional_gaussian_nll_joint_base_spatial_no_donors,2025-02-22,wk inc flu hosp,1,2025-03-01,48,quantile,0.5,1660.5877235793155
distributional_gaussian_nll_joint_base_spatial_no_donors,2025-02-22,wk inc flu hosp,1,2025-03-01,48,quantile,0.75,2270.145427678889
distributional_gaussian_nll_joint_base_spatial_no_donors,2025-02-22,wk inc flu hosp,1,2025-03-01,48,quantile,0.95,3437.6037561377825
distributional_gaussian_nll_joint_base_spatial_no_donors,2025-02-22,wk inc flu hosp,2,2025-03-08,48,quantile,0.05,574.8628828611663
distributional_gaussian_nll_joint_base_spatial_no_donors,2025-02-22,wk inc flu hosp,2,2025-03-08,48,quantile,0.25,982.6797253476757
distributional_gaussian_nll_joint_base_spatial_no_donors,2025-02-22,wk inc flu hosp,2,2025-03-08,48,quantile,0.5,1399.0402920876713
distributional_gaussian_nll_joint_base_spatial_no_donors,2025-02-22,wk inc flu hosp,2,2025-03-08,48,quantile,0.75,2058.8241503597033
distributional_gaussian_nll_joint_base_spatial_no_donors,2025-02-22,wk inc flu hosp,2,2025-03-08,48,quantile,0.95,3704.869283721091
distributional_gaussian_nll_joint_base_spatial_no_donors,2025-02-22,wk inc flu hosp,3,2025-03-15,48,quantile,0.05,499.2506348710144
distributional_gaussian_nll_joint_base_spatial_no_donors,2025-02-22,wk inc flu hosp,3,2025-03-15,48,quantile,0.25,896.3152496655688
distributional_gaussian_nll_joint_base_spatial_no_donors,2025-02-22,wk inc flu hosp,3,2025-03-15,48,quantile,0.5,1378.292392828278
distributional_gaussian_nll_joint_base_spatial_no_donors,2025-02-22,wk inc flu hosp,3,2025-03-15,48,quantile,0.75,2099.9011646896297
distributional_gaussian_nll_joint_base_spatial_no_donors,2025-02-22,wk inc flu hosp,3,2025-03-15,48,quantile,0.95,3789.3274655275027
distributional_gaussian_nll_joint_base_spatial_no_donors,2025-03-01,wk inc flu hosp,0,2025-03-01,48,quantile,0.05,877.286638651921
distributional_gaussian_nll_joint_base_spatial_no_donors,2025-03-01,wk inc flu hosp,0,2025-03-01,48,quantile,0.25,1178.563711200039
distributional_gaussian_nll_joint_base_spatial_no_donors,2025-03-01,wk inc flu hosp,0,2025-03-01,48,quantile,0.5,1426.9589405674321
distributional_gaussian_nll_joint_base_spatial_no_donors,2025-03-01,wk inc flu hosp,0,2025-03-01,48,quantile,0.75,1735.8946288408465
distributional_gaussian_nll_joint_base_spatial_no_donors,2025-03-01,wk inc flu hosp,0,2025-03-01,48,quantile,0.95,2298.3021971835415
distributional_gaussian_nll_joint_base_spatial_no_donors,2025-03-01,wk inc flu hosp,1,2025-03-08,48,quantile,0.05,753.4477054919296
distributional_gaussian_nll_joint_base_spatial_no_donors,2025-03-01,wk inc flu hosp,1,2025-03-08,48,quantile,0.25,1069.7584864760943
distributional_gaussian_nll_joint_base_spatial_no_donors,2025-03-01,wk inc flu hosp,1,2025-03-08,48,quantile,0.5,1351.9666565802931
distributional_gaussian_nll_joint_base_spatial_no_donors,2025-03-01,wk inc flu hosp,1,2025-03-08,48,quantile,0.75,1657.643694159283
distributional_gaussian_nll_joint_base_spatial_no_donors,2025-03-01,wk inc flu hosp,1,2025-03-08,48,quantile,0.95,2314.122536863496
distributional_gaussian_nll_joint_base_spatial_no_donors,2025-03-01,wk inc flu hosp,2,2025-03-15,48,quantile,0.05,596.155415248006
distributional_gaussian_nll_joint_base_spatial_no_donors,2025-03-01,wk inc flu hosp,2,2025-03-15,48,quantile,0.25,922.6324325017821
distributional_gaussian_nll_joint_base_spatial_no_donors,2025-03-01,wk inc flu hosp,2,2025-03-15,48,quantile,0.5,1250.8289848627237
distributional_gaussian_nll_joint_base_spatial_no_donors,2025-03-01,wk inc flu hosp,2,2025-03-15,48,quantile,0.75,1638.3107932431876
distributional_gaussian_nll_joint_base_spatial_no_donors,2025-03-01,wk inc flu hosp,2,2025-03-15,48,quantile,0.95,2466.8824539415023
distributional_gaussian_nll_joint_base_spatial_no_donors,2025-03-01,wk inc flu hosp,3,2025-03-22,48,quantile,0.05,521.0777658874315
distributional_gaussian_nll_joint_base_spatial_no_donors,2025-03-01,wk inc flu hosp,3,2025-03-22,48,quantile,0.25,843.1168902813527
distributional_gaussian_nll_joint_base_spatial_no_donors,2025-03-01,wk inc flu hosp,3,2025-03-22,48,quantile,0.5,1157.2628925869349
distributional_gaussian_nll_joint_base_spatial_no_donors,2025-03-01,wk inc flu hosp,3,2025-03-22,48,quantile,0.75,1565.1977521780793
distributional_gaussian_nll_joint_base_spatial_no_donors,2025-03-01,wk inc flu hosp,3,2025-03-22,48,quantile,0.95,2509.0980693591127
distributional_gaussian_nll_joint_base_spatial_no_donors,2025-03-08,wk inc flu hosp,0,2025-03-08,48,quantile,0.05,644.7223579299648
distributional_gaussian_nll_joint_base_spatial_no_donors,2025-03-08,wk inc flu hosp,0,2025-03-08,48,quantile,0.25,870.7765444354309
distributional_gaussian_nll_joint_base_spatial_no_donors,2025-03-08,wk inc flu hosp,0,2025-03-08,48,quantile,0.5,1054.2318407643893
distributional_gaussian_nll_joint_base_spatial_no_donors,2025-03-08,wk inc flu hosp,0,2025-03-08,48,quantile,0.75,1284.990010463422
distributional_gaussian_nll_joint_base_spatial_no_donors,2025-03-08,wk inc flu hosp,0,2025-03-08,48,quantile,0.95,1702.7122895089117
distributional_gaussian_nll_joint_base_spatial_no_donors,2025-03-08,wk inc flu hosp,1,2025-03-15,48,quantile,0.05,551.2530188736428
distributional_gaussian_nll_joint_base_spatial_no_donors,2025-03-08,wk inc flu hosp,1,2025-03-15,48,quantile,0.25,748.5429559686067
distributional_gaussian_nll_joint_base_spatial_no_donors,2025-03-08,wk inc flu hosp,1,2025-03-15,48,quantile,0.5,950.3141665260376
distributional_gaussian_nll_joint_base_spatial_no_donors,2025-03-08,wk inc flu hosp,1,2025-03-15,48,quantile,0.75,1213.5074737101554
distributional_gaussian_nll_joint_base_spatial_no_donors,2025-03-08,wk inc flu hosp,1,2025-03-15,48,quantile,0.95,1731.491589448664
distributional_gaussian_nll_joint_base_spatial_no_donors,2025-03-08,wk inc flu hosp,2,2025-03-22,48,quantile,0.05,358.65640086778615
distributional_gaussian_nll_joint_base_spatial_no_donors,2025-03-08,wk inc flu hosp,2,2025-03-22,48,quantile,0.25,581.2500361270027
distributional_gaussian_nll_joint_base_spatial_no_donors,2025-03-08,wk inc flu hosp,2,2025-03-22,48,quantile,0.5,795.0688664799441
distributional_gaussian_nll_joint_base_spatial_no_donors,2025-03-08,wk inc flu hosp,2,2025-03-22,48,quantile,0.75,1082.7634068538796
distributional_gaussian_nll_joint_base_spatial_no_donors,2025-03-08,wk inc flu hosp,2,2025-03-22,48,quantile,0.95,1678.2748733104193
distributional_gaussian_nll_joint_base_spatial_no_donors,2025-03-08,wk inc flu hosp,3,2025-03-29,48,quantile,0.05,284.3190983035101
distributional_gaussian_nll_joint_base_spatial_no_donors,2025-03-08,wk inc flu hosp,3,2025-03-29,48,quantile,0.25,465.9145397438298
distributional_gaussian_nll_joint_base_spatial_no_donors,2025-03-08,wk inc flu hosp,3,2025-03-29,48,quantile,0.5,659.0882863524637
distributional_gaussian_nll_joint_base_spatial_no_donors,2025-03-08,wk inc flu hosp,3,2025-03-29,48,quantile,0.75,962.3496123865507
distributional_gaussian_nll_joint_base_spatial_no_donors,2025-03-08,wk inc flu hosp,3,2025-03-29,48,quantile,0.95,1571.6151326762663
distributional_gaussian_nll_joint_base_spatial_no_donors,2025-03-15,wk inc flu hosp,0,2025-03-15,48,quantile,0.05,559.1630699506863
distributional_gaussian_nll_joint_base_spatial_no_donors,2025-03-15,wk inc flu hosp,0,2025-03-15,48,quantile,0.25,708.6434119975695
distributional_gaussian_nll_joint_base_spatial_no_donors,2025-03-15,wk inc flu hosp,0,2025-03-15,48,quantile,0.5,834.0067581470403
distributional_gaussian_nll_joint_base_spatial_no_donors,2025-03-15,wk inc flu hosp,0,2025-03-15,48,quantile,0.75,966.8628336098939
distributional_gaussian_nll_joint_base_spatial_no_donors,2025-03-15,wk inc flu hosp,0,2025-03-15,48,quantile,0.95,1179.4742225103416
distributional_gaussian_nll_joint_base_spatial_no_donors,2025-03-15,wk inc flu hosp,1,2025-03-22,48,quantile,0.05,429.16888469765524
distributional_gaussian_nll_joint_base_spatial_no_donors,2025-03-15,wk inc flu hosp,1,2025-03-22,48,quantile,0.25,570.4062056895584
distributional_gaussian_nll_joint_base_spatial_no_donors,2025-03-15,wk inc flu hosp,1,2025-03-22,48,quantile,0.5,693.8354643783739
distributional_gaussian_nll_joint_base_spatial_no_donors,2025-03-15,wk inc flu hosp,1,2025-03-22,48,quantile,0.75,850.6180492966937
distributional_gaussian_nll_joint_base_spatial_no_donors,2025-03-15,wk inc flu hosp,1,2025-03-22,48,quantile,0.95,1124.1463019991218
distributional_gaussian_nll_joint_base_spatial_no_donors,2025-03-15,wk inc flu hosp,2,2025-03-29,48,quantile,0.05,283.3373133365121
distributional_gaussian_nll_joint_base_spatial_no_donors,2025-03-15,wk inc flu hosp,2,2025-03-29,48,quantile,0.25,428.7559751541423
distributional_gaussian_nll_joint_base_spatial_no_donors,2025-03-15,wk inc flu hosp,2,2025-03-29,48,quantile,0.5,580.2646412586847
distributional_gaussian_nll_joint_base_spatial_no_donors,2025-03-15,wk inc flu hosp,2,2025-03-29,48,quantile,0.75,774.731167219262
distributional_gaussian_nll_joint_base_spatial_no_donors,2025-03-15,wk inc flu hosp,2,2025-03-29,48,quantile,0.95,1167.5857089752797
distributional_gaussian_nll_joint_base_spatial_no_donors,2025-03-15,wk inc flu hosp,3,2025-04-05,48,quantile,0.05,187.73147495082085
distributional_gaussian_nll_joint_base_spatial_no_donors,2025-03-15,wk inc flu hosp,3,2025-04-05,48,quantile,0.25,313.4270785323921
distributional_gaussian_nll_joint_base_spatial_no_donors,2025-03-15,wk inc flu hosp,3,2025-04-05,48,quantile,0.5,443.056873824187
distributional_gaussian_nll_joint_base_spatial_no_donors,2025-03-15,wk inc flu hosp,3,2025-04-05,48,quantile,0.75,627.1792430092183
distributional_gaussian_nll_joint_base_spatial_no_donors,2025-03-15,wk inc flu hosp,3,2025-04-05,48,quantile,0.95,991.0467902365657
distributional_gaussian_nll_joint_base_spatial_no_donors,2025-03-22,wk inc flu hosp,0,2025-03-22,48,quantile,0.05,443.5046828492304
distributional_gaussian_nll_joint_base_spatial_no_donors,2025-03-22,wk inc flu hosp,0,2025-03-22,48,quantile,0.25,541.9609448073402
distributional_gaussian_nll_joint_base_spatial_no_donors,2025-03-22,wk inc flu hosp,0,2025-03-22,48,quantile,0.5,628.036827234364
distributional_gaussian_nll_joint_base_spatial_no_donors,2025-03-22,wk inc flu hosp,0,2025-03-22,48,quantile,0.75,728.9891854655209
distributional_gaussian_nll_joint_base_spatial_no_donors,2025-03-22,wk inc flu hosp,0,2025-03-22,48,quantile,0.95,886.1406427893033
distributional_gaussian_nll_joint_base_spatial_no_donors,2025-03-22,wk inc flu hosp,1,2025-03-29,48,quantile,0.05,335.8413106515496
distributional_gaussian_nll_joint_base_spatial_no_donors,2025-03-22,wk inc flu hosp,1,2025-03-29,48,quantile,0.25,448.3898783261701
distributional_gaussian_nll_joint_base_spatial_no_donors,2025-03-22,wk inc flu hosp,1,2025-03-29,48,quantile,0.5,534.5925006301466
distributional_gaussian_nll_joint_base_spatial_no_donors,2025-03-22,wk inc flu hosp,1,2025-03-29,48,quantile,0.75,660.5167999237244
distributional_gaussian_nll_joint_base_spatial_no_donors,2025-03-22,wk inc flu hosp,1,2025-03-29,48,quantile,0.95,862.3653584096508
distributional_gaussian_nll_joint_base_spatial_no_donors,2025-03-22,wk inc flu hosp,2,2025-04-05,48,quantile,0.05,207.56128958647167
distributional_gaussian_nll_joint_base_spatial_no_donors,2025-03-22,wk inc flu hosp,2,2025-04-05,48,quantile,0.25,317.08938297826984
distributional_gaussian_nll_joint_base_spatial_no_donors,2025-03-22,wk inc flu hosp,2,2025-04-05,48,quantile,0.5,435.6123100185237
distributional_gaussian_nll_joint_base_spatial_no_donors,2025-03-22,wk inc flu hosp,2,2025-04-05,48,quantile,0.75,566.9335487941146
distributional_gaussian_nll_joint_base_spatial_no_donors,2025-03-22,wk inc flu hosp,2,2025-04-05,48,quantile,0.95,834.3213034703888
distributional_gaussian_nll_joint_base_spatial_no_donors,2025-03-22,wk inc flu hosp,3,2025-04-12,48,quantile,0.05,156.90457733537505
distributional_gaussian_nll_joint_base_spatial_no_donors,2025-03-22,wk inc flu hosp,3,2025-04-12,48,quantile,0.25,260.8730874885593
distributional_gaussian_nll_joint_base_spatial_no_donors,2025-03-22,wk inc flu hosp,3,2025-04-12,48,quantile,0.5,345.45559121550474
distributional_gaussian_nll_joint_base_spatial_no_donors,2025-03-22,wk inc flu hosp,3,2025-04-12,48,quantile,0.75,470.41054075340514
distributional_gaussian_nll_joint_base_spatial_no_donors,2025-03-22,wk inc flu hosp,3,2025-04-12,48,quantile,0.95,747.5306269180085
distributional_gaussian_nll_joint_base_spatial_no_donors,2025-03-29,wk inc flu hosp,0,2025-03-29,48,quantile,0.05,221.81147792162682
distributional_gaussian_nll_joint_base_spatial_no_donors,2025-03-29,wk inc flu hosp,0,2025-03-29,48,quantile,0.25,306.72022567709973
distributional_gaussian_nll_joint_base_spatial_no_donors,2025-03-29,wk inc flu hosp,0,2025-03-29,48,quantile,0.5,378.51329153430515
distributional_gaussian_nll_joint_base_spatial_no_donors,2025-03-29,wk inc flu hosp,0,2025-03-29,48,quantile,0.75,471.7682048053938
distributional_gaussian_nll_joint_base_spatial_no_donors,2025-03-29,wk inc flu hosp,0,2025-03-29,48,quantile,0.95,638.8402620826034
distributional_gaussian_nll_joint_base_spatial_no_donors,2025-03-29,wk inc flu hosp,1,2025-04-05,48,quantile,0.05,155.86011178918994
distributional_gaussian_nll_joint_base_spatial_no_donors,2025-03-29,wk inc flu hosp,1,2025-04-05,48,quantile,0.25,243.8697234695889
distributional_gaussian_nll_joint_base_spatial_no_donors,2025-03-29,wk inc flu hosp,1,2025-04-05,48,quantile,0.5,318.70429484072895
distributional_gaussian_nll_joint_base_spatial_no_donors,2025-03-29,wk inc flu hosp,1,2025-04-05,48,quantile,0.75,421.17137305152494
distributional_gaussian_nll_joint_base_spatial_no_donors,2025-03-29,wk inc flu hosp,1,2025-04-05,48,quantile,0.95,619.69914762327
distributional_gaussian_nll_joint_base_spatial_no_donors,2025-03-29,wk inc flu hosp,2,2025-04-12,48,quantile,0.05,106.7508273251945
distributional_gaussian_nll_joint_base_spatial_no_donors,2025-03-29,wk inc flu hosp,2,2025-04-12,48,quantile,0.25,176.80858528981128
distributional_gaussian_nll_joint_base_spatial_no_donors,2025-03-29,wk inc flu hosp,2,2025-04-12,48,quantile,0.5,251.79798560755367
distributional_gaussian_nll_joint_base_spatial_no_donors,2025-03-29,wk inc flu hosp,2,2025-04-12,48,quantile,0.75,362.4645945696591
distributional_gaussian_nll_joint_base_spatial_no_donors,2025-03-29,wk inc flu hosp,2,2025-04-12,48,quantile,0.95,607.9188792100535
distributional_gaussian_nll_joint_base_spatial_no_donors,2025-03-29,wk inc flu hosp,3,2025-04-19,48,quantile,0.05,78.19532233576334
distributional_gaussian_nll_joint_base_spatial_no_donors,2025-03-29,wk inc flu hosp,3,2025-04-19,48,quantile,0.25,135.42170174507567
distributional_gaussian_nll_joint_base_spatial_no_donors,2025-03-29,wk inc flu hosp,3,2025-04-19,48,quantile,0.5,205.89749349005405
distributional_gaussian_nll_joint_base_spatial_no_donors,2025-03-29,wk inc flu hosp,3,2025-04-19,48,quantile,0.75,310.82517126537755
distributional_gaussian_nll_joint_base_spatial_no_donors,2025-03-29,wk inc flu hosp,3,2025-04-19,48,quantile,0.95,560.5945703710595
distributional_gaussian_nll_joint_base_spatial_no_donors,2025-04-05,wk inc flu hosp,0,2025-04-05,48,quantile,0.05,203.29073838402024
distributional_gaussian_nll_joint_base_spatial_no_donors,2025-04-05,wk inc flu hosp,0,2025-04-05,48,quantile,0.25,260.9296915452036
distributional_gaussian_nll_joint_base_spatial_no_donors,2025-04-05,wk inc flu hosp,0,2025-04-05,48,quantile,0.5,302.984710230323
distributional_gaussian_nll_joint_base_spatial_no_donors,2025-04-05,wk inc flu hosp,0,2025-04-05,48,quantile,0.75,365.6809362368605
distributional_gaussian_nll_joint_base_spatial_no_donors,2025-04-05,wk inc flu hosp,0,2025-04-05,48,quantile,0.95,469.4756704112079
distributional_gaussian_nll_joint_base_spatial_no_donors,2025-04-05,wk inc flu hosp,1,2025-04-12,48,quantile,0.05,138.93480927596306
distributional_gaussian_nll_joint_base_spatial_no_donors,2025-04-05,wk inc flu hosp,1,2025-04-12,48,quantile,0.25,196.42288701286645
distributional_gaussian_nll_joint_base_spatial_no_donors,2025-04-05,wk inc flu hosp,1,2025-04-12,48,quantile,0.5,241.41750105582247
distributional_gaussian_nll_joint_base_spatial_no_donors,2025-04-05,wk inc flu hosp,1,2025-04-12,48,quantile,0.75,299.1400319812367
distributional_gaussian_nll_joint_base_spatial_no_donors,2025-04-05,wk inc flu hosp,1,2025-04-12,48,quantile,0.95,414.8939260923244
distributional_gaussian_nll_joint_base_spatial_no_donors,2025-04-05,wk inc flu hosp,2,2025-04-19,48,quantile,0.05,89.36412624668665
distributional_gaussian_nll_joint_base_spatial_no_donors,2025-04-05,wk inc flu hosp,2,2025-04-19,48,quantile,0.25,138.95245276823186
distributional_gaussian_nll_joint_base_spatial_no_donors,2025-04-05,wk inc flu hosp,2,2025-04-19,48,quantile,0.5,193.49242832690516
distributional_gaussian_nll_joint_base_spatial_no_donors,2025-04-05,wk inc flu hosp,2,2025-04-19,48,quantile,0.75,265.8232996129071
distributional_gaussian_nll_joint_base_spatial_no_donors,2025-04-05,wk inc flu hosp,2,2025-04-19,48,quantile,0.95,403.2824041923077
distributional_gaussian_nll_joint_base_spatial_no_donors,2025-04-05,wk inc flu hosp,3,2025-04-26,48,quantile,0.05,66.45148285239395
distributional_gaussian_nll_joint_base_spatial_no_donors,2025-04-05,wk inc flu hosp,3,2025-04-26,48,quantile,0.25,108.77174591583739
distributional_gaussian_nll_joint_base_spatial_no_donors,2025-04-05,wk inc flu hosp,3,2025-04-26,48,quantile,0.5,157.57693630030815
distributional_gaussian_nll_joint_base_spatial_no_donors,2025-04-05,wk inc flu hosp,3,2025-04-26,48,quantile,0.75,236.8176524521022
distributional_gaussian_nll_joint_base_spatial_no_donors,2025-04-05,wk inc flu hosp,3,2025-04-26,48,quantile,0.95,373.9889523204358
distributional_gaussian_nll_joint_base_spatial_no_donors,2025-04-12,wk inc flu hosp,0,2025-04-12,48,quantile,0.05,96.7796562747069
distributional_gaussian_nll_joint_base_spatial_no_donors,2025-04-12,wk inc flu hosp,0,2025-04-12,48,quantile,0.25,144.9531467479767
distributional_gaussian_nll_joint_base_spatial_no_donors,2025-04-12,wk inc flu hosp,0,2025-04-12,48,quantile,0.5,213.1768805925188
distributional_gaussian_nll_joint_base_spatial_no_donors,2025-04-12,wk inc flu hosp,0,2025-04-12,48,quantile,0.75,291.5805198393414
distributional_gaussian_nll_joint_base_spatial_no_donors,2025-04-12,wk inc flu hosp,0,2025-04-12,48,quantile,0.95,457.77151879237726
distributional_gaussian_nll_joint_base_spatial_no_donors,2025-04-12,wk inc flu hosp,1,2025-04-19,48,quantile,0.05,64.26558003013966
distributional_gaussian_nll_joint_base_spatial_no_donors,2025-04-12,wk inc flu hosp,1,2025-04-19,48,quantile,0.25,108.05292308772422
distributional_gaussian_nll_joint_base_spatial_no_donors,2025-04-12,wk inc flu hosp,1,2025-04-19,48,quantile,0.5,158.8335059500754
distributional_gaussian_nll_joint_base_spatial_no_donors,2025-04-12,wk inc flu hosp,1,2025-04-19,48,quantile,0.75,234.0583501302202
distributional_gaussian_nll_joint_base_spatial_no_donors,2025-04-12,wk inc flu hosp,1,2025-04-19,48,quantile,0.95,381.3294831247876
distributional_gaussian_nll_joint_base_spatial_no_donors,2025-04-12,wk inc flu hosp,2,2025-04-26,48,quantile,0.05,39.70914765971227
distributional_gaussian_nll_joint_base_spatial_no_donors,2025-04-12,wk inc flu hosp,2,2025-04-26,48,quantile,0.25,76.44785349637644
distributional_gaussian_nll_joint_base_spatial_no_donors,2025-04-12,wk inc flu hosp,2,2025-04-26,48,quantile,0.5,118.62194557287538
distributional_gaussian_nll_joint_base_spatial_no_donors,2025-04-12,wk inc flu hosp,2,2025-04-26,48,quantile,0.75,183.1639172996643
distributional_gaussian_nll_joint_base_spatial_no_donors,2025-04-12,wk inc flu hosp,2,2025-04-26,48,quantile,0.95,343.7597352405251
distributional_gaussian_nll_joint_base_spatial_no_donors,2025-04-12,wk inc flu hosp,3,2025-05-03,48,quantile,0.05,27.876695400853148
distributional_gaussian_nll_joint_base_spatial_no_donors,2025-04-12,wk inc flu hosp,3,2025-05-03,48,quantile,0.25,59.03277589287964
distributional_gaussian_nll_joint_base_spatial_no_donors,2025-04-12,wk inc flu hosp,3,2025-05-03,48,quantile,0.5,97.06864558349005
distributional_gaussian_nll_joint_base_spatial_no_donors,2025-04-12,wk inc flu hosp,3,2025-05-03,48,quantile,0.75,159.19046474144028
distributional_gaussian_nll_joint_base_spatial_no_donors,2025-04-12,wk inc flu hosp,3,2025-05-03,48,quantile,0.95,320.17766680404964
distributional_gaussian_nll_joint_base_spatial_no_donors,2025-04-19,wk inc flu hosp,0,2025-04-19,48,quantile,0.05,55.78713793938179
distributional_gaussian_nll_joint_base_spatial_no_donors,2025-04-19,wk inc flu hosp,0,2025-04-19,48,quantile,0.25,97.80012278626356
distributional_gaussian_nll_joint_base_spatial_no_donors,2025-04-19,wk inc flu hosp,0,2025-04-19,48,quantile,0.5,144.31497392048686
distributional_gaussian_nll_joint_base_spatial_no_donors,2025-04-19,wk inc flu hosp,0,2025-04-19,48,quantile,0.75,198.93582928832913
distributional_gaussian_nll_joint_base_spatial_no_donors,2025-04-19,wk inc flu hosp,0,2025-04-19,48,quantile,0.95,335.7863868558769
distributional_gaussian_nll_joint_base_spatial_no_donors,2025-04-19,wk inc flu hosp,1,2025-04-26,48,quantile,0.05,38.636679454063284
distributional_gaussian_nll_joint_base_spatial_no_donors,2025-04-19,wk inc flu hosp,1,2025-04-26,48,quantile,0.25,73.05018868725409
distributional_gaussian_nll_joint_base_spatial_no_donors,2025-04-19,wk inc flu hosp,1,2025-04-26,48,quantile,0.5,114.2636690318235
distributional_gaussian_nll_joint_base_spatial_no_donors,2025-04-19,wk inc flu hosp,1,2025-04-26,48,quantile,0.75,174.86655309088422
distributional_gaussian_nll_joint_base_spatial_no_donors,2025-04-19,wk inc flu hosp,1,2025-04-26,48,quantile,0.95,309.8549083885657
distributional_gaussian_nll_joint_base_spatial_no_donors,2025-04-19,wk inc flu hosp,2,2025-05-03,48,quantile,0.05,26.516703057575636
distributional_gaussian_nll_joint_base_spatial_no_donors,2025-04-19,wk inc flu hosp,2,2025-05-03,48,quantile,0.25,54.26328266499321
distributional_gaussian_nll_joint_base_spatial_no_donors,2025-04-19,wk inc flu hosp,2,2025-05-03,48,quantile,0.5,88.41140360159858
distributional_gaussian_nll_joint_base_spatial_no_donors,2025-04-19,wk inc flu hosp,2,2025-05-03,48,quantile,0.75,146.75357521911707
distributional_gaussian_nll_joint_base_spatial_no_donors,2025-04-19,wk inc flu hosp,2,2025-05-03,48,quantile,0.95,290.53015418151807
distributional_gaussian_nll_joint_base_spatial_no_donors,2025-04-19,wk inc flu hosp,3,2025-05-10,48,quantile,0.05,18.89432574689418
distributional_gaussian_nll_joint_base_spatial_no_donors,2025-04-19,wk inc flu hosp,3,2025-05-10,48,quantile,0.25,42.05427575832417
distributional_gaussian_nll_joint_base_spatial_no_donors,2025-04-19,wk inc flu hosp,3,2025-05-10,48,quantile,0.5,76.01436549116164
distributional_gaussian_nll_joint_base_spatial_no_donors,2025-04-19,wk inc flu hosp,3,2025-05-10,48,quantile,0.75,125.97776345998662
distributional_gaussian_nll_joint_base_spatial_no_donors,2025-04-19,wk inc flu hosp,3,2025-05-10,48,quantile,0.95,263.09279572408855
distributional_gaussian_nll_joint_base_spatial_no_donors,2025-04-26,wk inc flu hosp,0,2025-04-26,48,quantile,0.05,72.3779942897558
distributional_gaussian_nll_joint_base_spatial_no_donors,2025-04-26,wk inc flu hosp,0,2025-04-26,48,quantile,0.25,117.97009670408484
distributional_gaussian_nll_joint_base_spatial_no_donors,2025-04-26,wk inc flu hosp,0,2025-04-26,48,quantile,0.5,166.24946492435112
distributional_gaussian_nll_joint_base_spatial_no_donors,2025-04-26,wk inc flu hosp,0,2025-04-26,48,quantile,0.75,231.91208725540878
distributional_gaussian_nll_joint_base_spatial_no_donors,2025-04-26,wk inc flu hosp,0,2025-04-26,48,quantile,0.95,375.4588864547629
distributional_gaussian_nll_joint_base_spatial_no_donors,2025-04-26,wk inc flu hosp,1,2025-05-03,48,quantile,0.05,49.52122230936126
distributional_gaussian_nll_joint_base_spatial_no_donors,2025-04-26,wk inc flu hosp,1,2025-05-03,48,quantile,0.25,85.30589673911632
distributional_gaussian_nll_joint_base_spatial_no_donors,2025-04-26,wk inc flu hosp,1,2025-05-03,48,quantile,0.5,132.08970353739852
distributional_gaussian_nll_joint_base_spatial_no_donors,2025-04-26,wk inc flu hosp,1,2025-05-03,48,quantile,0.75,200.22817314106774
distributional_gaussian_nll_joint_base_spatial_no_donors,2025-04-26,wk inc flu hosp,1,2025-05-03,48,quantile,0.95,353.18969757709567
distributional_gaussian_nll_joint_base_spatial_no_donors,2025-04-26,wk inc flu hosp,2,2025-05-10,48,quantile,0.05,26.845379828932344
distributional_gaussian_nll_joint_base_spatial_no_donors,2025-04-26,wk inc flu hosp,2,2025-05-10,48,quantile,0.25,58.66282524736225
distributional_gaussian_nll_joint_base_spatial_no_donors,2025-04-26,wk inc flu hosp,2,2025-05-10,48,quantile,0.5,99.87927972316916
distributional_gaussian_nll_joint_base_spatial_no_donors,2025-04-26,wk inc flu hosp,2,2025-05-10,48,quantile,0.75,165.32577628705974
distributional_gaussian_nll_joint_base_spatial_no_donors,2025-04-26,wk inc flu hosp,2,2025-05-10,48,quantile,0.95,344.26351755714006
distributional_gaussian_nll_joint_base_spatial_no_donors,2025-04-26,wk inc flu hosp,3,2025-05-17,48,quantile,0.05,17.52666351388212
distributional_gaussian_nll_joint_base_spatial_no_donors,2025-04-26,wk inc flu hosp,3,2025-05-17,48,quantile,0.25,45.42101053388319
distributional_gaussian_nll_joint_base_spatial_no_donors,2025-04-26,wk inc flu hosp,3,2025-05-17,48,quantile,0.5,82.78268499540229
distributional_gaussian_nll_joint_base_spatial_no_donors,2025-04-26,wk inc flu hosp,3,2025-05-17,48,quantile,0.75,144.06253156932655
distributional_gaussian_nll_joint_base_spatial_no_donors,2025-04-26,wk inc flu hosp,3,2025-05-17,48,quantile,0.95,343.1451364143279
distributional_gaussian_nll_joint_base_spatial_no_donors,2025-05-03,wk inc flu hosp,0,2025-05-03,48,quantile,0.05,61.664000585514145
distributional_gaussian_nll_joint_base_spatial_no_donors,2025-05-03,wk inc flu hosp,0,2025-05-03,48,quantile,0.25,106.30357624776084
distributional_gaussian_nll_joint_base_spatial_no_donors,2025-05-03,wk inc flu hosp,0,2025-05-03,48,quantile,0.5,157.81082712995493
distributional_gaussian_nll_joint_base_spatial_no_donors,2025-05-03,wk inc flu hosp,0,2025-05-03,48,quantile,0.75,225.1959902912106
distributional_gaussian_nll_joint_base_spatial_no_donors,2025-05-03,wk inc flu hosp,0,2025-05-03,48,quantile,0.95,369.5284579537583
distributional_gaussian_nll_joint_base_spatial_no_donors,2025-05-03,wk inc flu hosp,1,2025-05-10,48,quantile,0.05,39.87836882249741
distributional_gaussian_nll_joint_base_spatial_no_donors,2025-05-03,wk inc flu hosp,1,2025-05-10,48,quantile,0.25,75.59336427028467
distributional_gaussian_nll_joint_base_spatial_no_donors,2025-05-03,wk inc flu hosp,1,2025-05-10,48,quantile,0.5,122.65220142692004
distributional_gaussian_nll_joint_base_spatial_no_donors,2025-05-03,wk inc flu hosp,1,2025-05-10,48,quantile,0.75,190.83407574230404
distributional_gaussian_nll_joint_base_spatial_no_donors,2025-05-03,wk inc flu hosp,1,2025-05-10,48,quantile,0.95,352.2218648432116
distributional_gaussian_nll_joint_base_spatial_no_donors,2025-05-03,wk inc flu hosp,2,2025-05-17,48,quantile,0.05,22.312382084730277
distributional_gaussian_nll_joint_base_spatial_no_donors,2025-05-03,wk inc flu hosp,2,2025-05-17,48,quantile,0.25,51.14022582605361
distributional_gaussian_nll_joint_base_spatial_no_donors,2025-05-03,wk inc flu hosp,2,2025-05-17,48,quantile,0.5,93.83400899617544
distributional_gaussian_nll_joint_base_spatial_no_donors,2025-05-03,wk inc flu hosp,2,2025-05-17,48,quantile,0.75,162.30451547163696
distributional_gaussian_nll_joint_base_spatial_no_donors,2025-05-03,wk inc flu hosp,2,2025-05-17,48,quantile,0.95,361.8869117818506
distributional_gaussian_nll_joint_base_spatial_no_donors,2025-05-03,wk inc flu hosp,3,2025-05-24,48,quantile,0.05,14.635271916970105
distributional_gaussian_nll_joint_base_spatial_no_donors,2025-05-03,wk inc flu hosp,3,2025-05-24,48,quantile,0.25,38.22659816908519
distributional_gaussian_nll_joint_base_spatial_no_donors,2025-05-03,wk inc flu hosp,3,2025-05-24,48,quantile,0.5,75.54458708210329
distributional_gaussian_nll_joint_base_spatial_no_donors,2025-05-03,wk inc flu hosp,3,2025-05-24,48,quantile,0.75,142.24426346074142
distributional_gaussian_nll_joint_base_spatial_no_donors,2025-05-03,wk inc flu hosp,3,2025-05-24,48,quantile,0.95,352.2695321971257
distributional_gaussian_nll_joint_base_spatial_no_donors,2025-05-17,wk inc flu hosp,0,2025-05-17,48,quantile,0.05,35.284829921239094
distributional_gaussian_nll_joint_base_spatial_no_donors,2025-05-17,wk inc flu hosp,0,2025-05-17,48,quantile,0.25,71.07685029050677
distributional_gaussian_nll_joint_base_spatial_no_donors,2025-05-17,wk inc flu hosp,0,2025-05-17,48,quantile,0.5,111.0425840739268
distributional_gaussian_nll_joint_base_spatial_no_donors,2025-05-17,wk inc flu hosp,0,2025-05-17,48,quantile,0.75,169.09566528129594
distributional_gaussian_nll_joint_base_spatial_no_donors,2025-05-17,wk inc flu hosp,0,2025-05-17,48,quantile,0.95,349.1644191653438
distributional_gaussian_nll_joint_base_spatial_no_donors,2025-05-17,wk inc flu hosp,1,2025-05-24,48,quantile,0.05,20.17275271292851
distributional_gaussian_nll_joint_base_spatial_no_donors,2025-05-17,wk inc flu hosp,1,2025-05-24,48,quantile,0.25,49.4672060740443
distributional_gaussian_nll_joint_base_spatial_no_donors,2025-05-17,wk inc flu hosp,1,2025-05-24,48,quantile,0.5,84.67239003285586
distributional_gaussian_nll_joint_base_spatial_no_donors,2025-05-17,wk inc flu hosp,1,2025-05-24,48,quantile,0.75,150.95579469935683
distributional_gaussian_nll_joint_base_spatial_no_donors,2025-05-17,wk inc flu hosp,1,2025-05-24,48,quantile,0.95,338.2374773012376
distributional_gaussian_nll_joint_base_spatial_no_donors,2025-05-17,wk inc flu hosp,2,2025-05-31,48,quantile,0.05,11.556599705872742
distributional_gaussian_nll_joint_base_spatial_no_donors,2025-05-17,wk inc flu hosp,2,2025-05-31,48,quantile,0.25,33.081495343031115
distributional_gaussian_nll_joint_base_spatial_no_donors,2025-05-17,wk inc flu hosp,2,2025-05-31,48,quantile,0.5,62.333744962687994
distributional_gaussian_nll_joint_base_spatial_no_donors,2025-05-17,wk inc flu hosp,2,2025-05-31,48,quantile,0.75,126.36658138949983
distributional_gaussian_nll_joint_base_spatial_no_donors,2025-05-17,wk inc flu hosp,2,2025-05-31,48,quantile,0.95,329.8125196569355
distributional_gaussian_nll_joint_base_spatial_no_donors,2025-05-17,wk inc flu hosp,3,2025-06-07,48,quantile,0.05,7.490398846293988
distributional_gaussian_nll_joint_base_spatial_no_donors,2025-05-17,wk inc flu hosp,3,2025-06-07,48,quantile,0.25,25.474411060590292
distributional_gaussian_nll_joint_base_spatial_no_donors,2025-05-17,wk inc flu hosp,3,2025-06-07,48,quantile,0.5,49.69501438053992
distributional_gaussian_nll_joint_base_spatial_no_donors,2025-05-17,wk inc flu hosp,3,2025-06-07,48,quantile,0.75,107.95203548289794
distributional_gaussian_nll_joint_base_spatial_no_donors,2025-05-17,wk inc flu hosp,3,2025-06-07,48,quantile,0.95,317.57539429273584
distributional_gaussian_nll_joint_base_spatial_no_donors,2025-05-24,wk inc flu hosp,0,2025-05-24,48,quantile,0.05,36.15350957663484
distributional_gaussian_nll_joint_base_spatial_no_donors,2025-05-24,wk inc flu hosp,0,2025-05-24,48,quantile,0.25,73.59848317708193
distributional_gaussian_nll_joint_base_spatial_no_donors,2025-05-24,wk inc flu hosp,0,2025-05-24,48,quantile,0.5,122.41109336980233
distributional_gaussian_nll_joint_base_spatial_no_donors,2025-05-24,wk inc flu hosp,0,2025-05-24,48,quantile,0.75,203.98493299610493
distributional_gaussian_nll_joint_base_spatial_no_donors,2025-05-24,wk inc flu hosp,0,2025-05-24,48,quantile,0.95,391.5997658430699
distributional_gaussian_nll_joint_base_spatial_no_donors,2025-05-24,wk inc flu hosp,1,2025-05-31,48,quantile,0.05,21.77451083964224
distributional_gaussian_nll_joint_base_spatial_no_donors,2025-05-24,wk inc flu hosp,1,2025-05-31,48,quantile,0.25,52.182642000338696
distributional_gaussian_nll_joint_base_spatial_no_donors,2025-05-24,wk inc flu hosp,1,2025-05-31,48,quantile,0.5,97.86423695986554
distributional_gaussian_nll_joint_base_spatial_no_donors,2025-05-24,wk inc flu hosp,1,2025-05-31,48,quantile,0.75,175.51570821312816
distributional_gaussian_nll_joint_base_spatial_no_donors,2025-05-24,wk inc flu hosp,1,2025-05-31,48,quantile,0.95,410.77462137414216
distributional_gaussian_nll_joint_base_spatial_no_donors,2025-05-24,wk inc flu hosp,2,2025-06-07,48,quantile,0.05,11.43312270167715
distributional_gaussian_nll_joint_base_spatial_no_donors,2025-05-24,wk inc flu hosp,2,2025-06-07,48,quantile,0.25,35.28259395694995
distributional_gaussian_nll_joint_base_spatial_no_donors,2025-05-24,wk inc flu hosp,2,2025-06-07,48,quantile,0.5,69.46586471408943
distributional_gaussian_nll_joint_base_spatial_no_donors,2025-05-24,wk inc flu hosp,2,2025-06-07,48,quantile,0.75,147.44472118028085
distributional_gaussian_nll_joint_base_spatial_no_donors,2025-05-24,wk inc flu hosp,2,2025-06-07,48,quantile,0.95,397.8791755527768
distributional_gaussian_nll_joint_base_spatial_no_donors,2025-05-24,wk inc flu hosp,3,2025-06-14,48,quantile,0.05,8.12565922476631
distributional_gaussian_nll_joint_base_spatial_no_donors,2025-05-24,wk inc flu hosp,3,2025-06-14,48,quantile,0.25,25.932197036848486
distributional_gaussian_nll_joint_base_spatial_no_donors,2025-05-24,wk inc flu hosp,3,2025-06-14,48,quantile,0.5,58.238340509230724
distributional_gaussian_nll_joint_base_spatial_no_donors,2025-05-24,wk inc flu hosp,3,2025-06-14,48,quantile,0.75,133.21105268436844
distributional_gaussian_nll_joint_base_spatial_no_donors,2025-05-24,wk inc flu hosp,3,2025-06-14,48,quantile,0.95,368.3808113754463
distributional_gaussian_nll_joint_base_spatial_no_donors,2025-05-31,wk inc flu hosp,0,2025-05-31,48,quantile,0.05,24.00581812139275
distributional_gaussian_nll_joint_base_spatial_no_donors,2025-05-31,wk inc flu hosp,0,2025-05-31,48,quantile,0.25,53.16687962590058
distributional_gaussian_nll_joint_base_spatial_no_donors,2025-05-31,wk inc flu hosp,0,2025-05-31,48,quantile,0.5,91.31978284526008
distributional_gaussian_nll_joint_base_spatial_no_donors,2025-05-31,wk inc flu hosp,0,2025-05-31,48,quantile,0.75,157.36538432901227
distributional_gaussian_nll_joint_base_spatial_no_donors,2025-05-31,wk inc flu hosp,0,2025-05-31,48,quantile,0.95,336.6721956060867
distributional_gaussian_nll_joint_base_spatial_no_donors,2025-05-31,wk inc flu hosp,1,2025-06-07,48,quantile,0.05,14.417983589813765
distributional_gaussian_nll_joint_base_spatial_no_donors,2025-05-31,wk inc flu hosp,1,2025-06-07,48,quantile,0.25,36.96446741899287
distributional_gaussian_nll_joint_base_spatial_no_donors,2025-05-31,wk inc flu hosp,1,2025-06-07,48,quantile,0.5,70.18244238456066
distributional_gaussian_nll_joint_base_spatial_no_donors,2025-05-31,wk inc flu hosp,1,2025-06-07,48,quantile,0.75,134.76545960283943
distributional_gaussian_nll_joint_base_spatial_no_donors,2025-05-31,wk inc flu hosp,1,2025-06-07,48,quantile,0.95,327.7805402021191
distributional_gaussian_nll_joint_base_spatial_no_donors,2025-05-31,wk inc flu hosp,2,2025-06-14,48,quantile,0.05,7.7424672477527565
distributional_gaussian_nll_joint_base_spatial_no_donors,2025-05-31,wk inc flu hosp,2,2025-06-14,48,quantile,0.25,23.750722990876675
distributional_gaussian_nll_joint_base_spatial_no_donors,2025-05-31,wk inc flu hosp,2,2025-06-14,48,quantile,0.5,51.57104795413382
distributional_gaussian_nll_joint_base_spatial_no_donors,2025-05-31,wk inc flu hosp,2,2025-06-14,48,quantile,0.75,113.31695988168926
distributional_gaussian_nll_joint_base_spatial_no_donors,2025-05-31,wk inc flu hosp,2,2025-06-14,48,quantile,0.95,317.98713724587077
distributional_gaussian_nll_joint_base_spatial_no_donors,2025-05-31,wk inc flu hosp,3,2025-06-21,48,quantile,0.05,4.835271226411935
distributional_gaussian_nll_joint_base_spatial_no_donors,2025-05-31,wk inc flu hosp,3,2025-06-21,48,quantile,0.25,17.485618001613588
distributional_gaussian_nll_joint_base_spatial_no_donors,2025-05-31,wk inc flu hosp,3,2025-06-21,48,quantile,0.5,40.73920190522085
distributional_gaussian_nll_joint_base_spatial_no_donors,2025-05-31,wk inc flu hosp,3,2025-06-21,48,quantile,0.75,91.01092024128127
distributional_gaussian_nll_joint_base_spatial_no_donors,2025-05-31,wk inc flu hosp,3,2025-06-21,48,quantile,0.95,288.18586120828
distributional_gaussian_nll_joint_base_spatial_no_donors,2025-09-20,wk inc flu hosp,0,2025-09-20,48,quantile,0.05,33.75628189689929
distributional_gaussian_nll_joint_base_spatial_no_donors,2025-09-20,wk inc flu hosp,0,2025-09-20,48,quantile,0.25,62.806022538125816
distributional_gaussian_nll_joint_base_spatial_no_donors,2025-09-20,wk inc flu hosp,0,2025-09-20,48,quantile,0.5,96.33005619702627
distributional_gaussian_nll_joint_base_spatial_no_donors,2025-09-20,wk inc flu hosp,0,2025-09-20,48,quantile,0.75,146.2684344146631
distributional_gaussian_nll_joint_base_spatial_no_donors,2025-09-20,wk inc flu hosp,0,2025-09-20,48,quantile,0.95,273.01570310771103
distributional_gaussian_nll_joint_base_spatial_no_donors,2025-09-20,wk inc flu hosp,1,2025-09-27,48,quantile,0.05,27.990314299690496
distributional_gaussian_nll_joint_base_spatial_no_donors,2025-09-20,wk inc flu hosp,1,2025-09-27,48,quantile,0.25,60.17609585923904
distributional_gaussian_nll_joint_base_spatial_no_donors,2025-09-20,wk inc flu hosp,1,2025-09-27,48,quantile,0.5,99.16913593754343
distributional_gaussian_nll_joint_base_spatial_no_donors,2025-09-20,wk inc flu hosp,1,2025-09-27,48,quantile,0.75,157.93309018837644
distributional_gaussian_nll_joint_base_spatial_no_donors,2025-09-20,wk inc flu hosp,1,2025-09-27,48,quantile,0.95,334.87769324472515
distributional_gaussian_nll_joint_base_spatial_no_donors,2025-09-20,wk inc flu hosp,2,2025-10-04,48,quantile,0.05,23.286934344072854
distributional_gaussian_nll_joint_base_spatial_no_donors,2025-09-20,wk inc flu hosp,2,2025-10-04,48,quantile,0.25,52.2738968943619
distributional_gaussian_nll_joint_base_spatial_no_donors,2025-09-20,wk inc flu hosp,2,2025-10-04,48,quantile,0.5,93.87258866383678
distributional_gaussian_nll_joint_base_spatial_no_donors,2025-09-20,wk inc flu hosp,2,2025-10-04,48,quantile,0.75,164.09942336908603
distributional_gaussian_nll_joint_base_spatial_no_donors,2025-09-20,wk inc flu hosp,2,2025-10-04,48,quantile,0.95,388.8587614053954
distributional_gaussian_nll_joint_base_spatial_no_donors,2025-09-20,wk inc flu hosp,3,2025-10-11,48,quantile,0.05,20.217916687356592
distributional_gaussian_nll_joint_base_spatial_no_donors,2025-09-20,wk inc flu hosp,3,2025-10-11,48,quantile,0.25,48.47488436363393
distributional_gaussian_nll_joint_base_spatial_no_donors,2025-09-20,wk inc flu hosp,3,2025-10-11,48,quantile,0.5,95.0601696275557
distributional_gaussian_nll_joint_base_spatial_no_donors,2025-09-20,wk inc flu hosp,3,2025-10-11,48,quantile,0.75,176.78508509952263
distributional_gaussian_nll_joint_base_spatial_no_donors,2025-09-20,wk inc flu hosp,3,2025-10-11,48,quantile,0.95,424.5737954550467
distributional_gaussian_nll_joint_base_spatial_no_donors,2025-09-27,wk inc flu hosp,0,2025-09-27,48,quantile,0.05,26.583775359969582
distributional_gaussian_nll_joint_base_spatial_no_donors,2025-09-27,wk inc flu hosp,0,2025-09-27,48,quantile,0.25,54.28688495043602
distributional_gaussian_nll_joint_base_spatial_no_donors,2025-09-27,wk inc flu hosp,0,2025-09-27,48,quantile,0.5,86.91654790104229
distributional_gaussian_nll_joint_base_spatial_no_donors,2025-09-27,wk inc flu hosp,0,2025-09-27,48,quantile,0.75,146.06795921246567
distributional_gaussian_nll_joint_base_spatial_no_donors,2025-09-27,wk inc flu hosp,0,2025-09-27,48,quantile,0.95,294.6282395793969
distributional_gaussian_nll_joint_base_spatial_no_donors,2025-09-27,wk inc flu hosp,1,2025-10-04,48,quantile,0.05,23.587307739299057
distributional_gaussian_nll_joint_base_spatial_no_donors,2025-09-27,wk inc flu hosp,1,2025-10-04,48,quantile,0.25,51.4984866821567
distributional_gaussian_nll_joint_base_spatial_no_donors,2025-09-27,wk inc flu hosp,1,2025-10-04,48,quantile,0.5,88.502657350772
distributional_gaussian_nll_joint_base_spatial_no_donors,2025-09-27,wk inc flu hosp,1,2025-10-04,48,quantile,0.75,157.0098099051391
distributional_gaussian_nll_joint_base_spatial_no_donors,2025-09-27,wk inc flu hosp,1,2025-10-04,48,quantile,0.95,365.5564373994258
distributional_gaussian_nll_joint_base_spatial_no_donors,2025-09-27,wk inc flu hosp,2,2025-10-11,48,quantile,0.05,20.29152440551163
distributional_gaussian_nll_joint_base_spatial_no_donors,2025-09-27,wk inc flu hosp,2,2025-10-11,48,quantile,0.25,49.6664763679676
distributional_gaussian_nll_joint_base_spatial_no_donors,2025-09-27,wk inc flu hosp,2,2025-10-11,48,quantile,0.5,89.77055641712741
distributional_gaussian_nll_joint_base_spatial_no_donors,2025-09-27,wk inc flu hosp,2,2025-10-11,48,quantile,0.75,166.68477018473163
distributional_gaussian_nll_joint_base_spatial_no_donors,2025-09-27,wk inc flu hosp,2,2025-10-11,48,quantile,0.95,420.8940579054448
distributional_gaussian_nll_joint_base_spatial_no_donors,2025-09-27,wk inc flu hosp,3,2025-10-18,48,quantile,0.05,18.30861456110233
distributional_gaussian_nll_joint_base_spatial_no_donors,2025-09-27,wk inc flu hosp,3,2025-10-18,48,quantile,0.25,49.421023591878644
distributional_gaussian_nll_joint_base_spatial_no_donors,2025-09-27,wk inc flu hosp,3,2025-10-18,48,quantile,0.5,93.83898788828608
distributional_gaussian_nll_joint_base_spatial_no_donors,2025-09-27,wk inc flu hosp,3,2025-10-18,48,quantile,0.75,177.77158167618023
distributional_gaussian_nll_joint_base_spatial_no_donors,2025-09-27,wk inc flu hosp,3,2025-10-18,48,quantile,0.95,475.40859796249197
distributional_gaussian_nll_joint_base_spatial_no_donors,2025-11-22,wk inc flu hosp,0,2025-11-22,48,quantile,0.05,171.0951676085782
distributional_gaussian_nll_joint_base_spatial_no_donors,2025-11-22,wk inc flu hosp,0,2025-11-22,48,quantile,0.25,265.64132099673975
distributional_gaussian_nll_joint_base_spatial_no_donors,2025-11-22,wk inc flu hosp,0,2025-11-22,48,quantile,0.5,363.2837931735478
distributional_gaussian_nll_joint_base_spatial_no_donors,2025-11-22,wk inc flu hosp,0,2025-11-22,48,quantile,0.75,498.53002368547106
distributional_gaussian_nll_joint_base_spatial_no_donors,2025-11-22,wk inc flu hosp,0,2025-11-22,48,quantile,0.95,814.8358737923122
distributional_gaussian_nll_joint_base_spatial_no_donors,2025-11-22,wk inc flu hosp,1,2025-11-29,48,quantile,0.05,165.1727704412541
distributional_gaussian_nll_joint_base_spatial_no_donors,2025-11-22,wk inc flu hosp,1,2025-11-29,48,quantile,0.25,285.2185567554998
distributional_gaussian_nll_joint_base_spatial_no_donors,2025-11-22,wk inc flu hosp,1,2025-11-29,48,quantile,0.5,430.20438587613035
distributional_gaussian_nll_joint_base_spatial_no_donors,2025-11-22,wk inc flu hosp,1,2025-11-29,48,quantile,0.75,646.3737081698409
distributional_gaussian_nll_joint_base_spatial_no_donors,2025-11-22,wk inc flu hosp,1,2025-11-29,48,quantile,0.95,1118.261983281361
distributional_gaussian_nll_joint_base_spatial_no_donors,2025-11-22,wk inc flu hosp,2,2025-12-06,48,quantile,0.05,165.97424871861352
distributional_gaussian_nll_joint_base_spatial_no_donors,2025-11-22,wk inc flu hosp,2,2025-12-06,48,quantile,0.25,338.81712079641693
distributional_gaussian_nll_joint_base_spatial_no_donors,2025-11-22,wk inc flu hosp,2,2025-12-06,48,quantile,0.5,561.5062034483992
distributional_gaussian_nll_joint_base_spatial_no_donors,2025-11-22,wk inc flu hosp,2,2025-12-06,48,quantile,0.75,956.575608302559
distributional_gaussian_nll_joint_base_spatial_no_donors,2025-11-22,wk inc flu hosp,2,2025-12-06,48,quantile,0.95,1959.954603022686
distributional_gaussian_nll_joint_base_spatial_no_donors,2025-11-22,wk inc flu hosp,3,2025-12-13,48,quantile,0.05,153.41139782639556
distributional_gaussian_nll_joint_base_spatial_no_donors,2025-11-22,wk inc flu hosp,3,2025-12-13,48,quantile,0.25,347.2933700129563
distributional_gaussian_nll_joint_base_spatial_no_donors,2025-11-22,wk inc flu hosp,3,2025-12-13,48,quantile,0.5,617.1823703895701
distributional_gaussian_nll_joint_base_spatial_no_donors,2025-11-22,wk inc flu hosp,3,2025-12-13,48,quantile,0.75,1100.096336499168
distributional_gaussian_nll_joint_base_spatial_no_donors,2025-11-22,wk inc flu hosp,3,2025-12-13,48,quantile,0.95,2408.7796672925506
distributional_gaussian_nll_joint_base_spatial_no_donors,2025-11-29,wk inc flu hosp,0,2025-11-29,48,quantile,0.05,262.17278061660784
distributional_gaussian_nll_joint_base_spatial_no_donors,2025-11-29,wk inc flu hosp,0,2025-11-29,48,quantile,0.25,409.1824064039548
distributional_gaussian_nll_joint_base_spatial_no_donors,2025-11-29,wk inc flu hosp,0,2025-11-29,48,quantile,0.5,557.9535106839693
distributional_gaussian_nll_joint_base_spatial_no_donors,2025-11-29,wk inc flu hosp,0,2025-11-29,48,quantile,0.75,777.6743609841031
distributional_gaussian_nll_joint_base_spatial_no_donors,2025-11-29,wk inc flu hosp,0,2025-11-29,48,quantile,0.95,1228.000630680092
distributional_gaussian_nll_joint_base_spatial_no_donors,2025-11-29,wk inc flu hosp,1,2025-12-06,48,quantile,0.05,257.8948270864806
distributional_gaussian_nll_joint_base_spatial_no_donors,2025-11-29,wk inc flu hosp,1,2025-12-06,48,quantile,0.25,459.5523763293529
distributional_gaussian_nll_joint_base_spatial_no_donors,2025-11-29,wk inc flu hosp,1,2025-12-06,48,quantile,0.5,665.7005830948058
distributional_gaussian_nll_joint_base_spatial_no_donors,2025-11-29,wk inc flu hosp,1,2025-12-06,48,quantile,0.75,985.2944248290787
distributional_gaussian_nll_joint_base_spatial_no_donors,2025-11-29,wk inc flu hosp,1,2025-12-06,48,quantile,0.95,1748.2698161543194
distributional_gaussian_nll_joint_base_spatial_no_donors,2025-11-29,wk inc flu hosp,2,2025-12-13,48,quantile,0.05,258.7637400555579
distributional_gaussian_nll_joint_base_spatial_no_donors,2025-11-29,wk inc flu hosp,2,2025-12-13,48,quantile,0.25,520.1576146350985
distributional_gaussian_nll_joint_base_spatial_no_donors,2025-11-29,wk inc flu hosp,2,2025-12-13,48,quantile,0.5,828.9760926993358
distributional_gaussian_nll_joint_base_spatial_no_donors,2025-11-29,wk inc flu hosp,2,2025-12-13,48,quantile,0.75,1366.0907408737585
distributional_gaussian_nll_joint_base_spatial_no_donors,2025-11-29,wk inc flu hosp,2,2025-12-13,48,quantile,0.95,2877.1142531912183
distributional_gaussian_nll_joint_base_spatial_no_donors,2025-11-29,wk inc flu hosp,3,2025-12-20,48,quantile,0.05,238.73910327192823
distributional_gaussian_nll_joint_base_spatial_no_donors,2025-11-29,wk inc flu hosp,3,2025-12-20,48,quantile,0.25,525.8895549007107
distributional_gaussian_nll_joint_base_spatial_no_donors,2025-11-29,wk inc flu hosp,3,2025-12-20,48,quantile,0.5,909.851034367194
distributional_gaussian_nll_joint_base_spatial_no_donors,2025-11-29,wk inc flu hosp,3,2025-12-20,48,quantile,0.75,1594.7040881528123
distributional_gaussian_nll_joint_base_spatial_no_donors,2025-11-29,wk inc flu hosp,3,2025-12-20,48,quantile,0.95,3792.3759909764212
distributional_gaussian_nll_joint_base_spatial_no_donors,2025-12-06,wk inc flu hosp,0,2025-12-06,48,quantile,0.05,374.2708983523292
distributional_gaussian_nll_joint_base_spatial_no_donors,2025-12-06,wk inc flu hosp,0,2025-12-06,48,quantile,0.25,592.75512869612
distributional_gaussian_nll_joint_base_spatial_no_donors,2025-12-06,wk inc flu hosp,0,2025-12-06,48,quantile,0.5,842.8871729152695
distributional_gaussian_nll_joint_base_spatial_no_donors,2025-12-06,wk inc flu hosp,0,2025-12-06,48,quantile,0.75,1147.0139993051034
distributional_gaussian_nll_joint_base_spatial_no_donors,2025-12-06,wk inc flu hosp,0,2025-12-06,48,quantile,0.95,1815.1250432541315
distributional_gaussian_nll_joint_base_spatial_no_donors,2025-12-06,wk inc flu hosp,1,2025-12-13,48,quantile,0.05,373.85929311687426
distributional_gaussian_nll_joint_base_spatial_no_donors,2025-12-06,wk inc flu hosp,1,2025-12-13,48,quantile,0.25,662.0030200222018
distributional_gaussian_nll_joint_base_spatial_no_donors,2025-12-06,wk inc flu hosp,1,2025-12-13,48,quantile,0.5,1025.1103512016084
distributional_gaussian_nll_joint_base_spatial_no_donors,2025-12-06,wk inc flu hosp,1,2025-12-13,48,quantile,0.75,1553.4282770924988
distributional_gaussian_nll_joint_base_spatial_no_donors,2025-12-06,wk inc flu hosp,1,2025-12-13,48,quantile,0.95,2830.2453806901176
distributional_gaussian_nll_joint_base_spatial_no_donors,2025-12-06,wk inc flu hosp,2,2025-12-20,48,quantile,0.05,378.5158908376021
distributional_gaussian_nll_joint_base_spatial_no_donors,2025-12-06,wk inc flu hosp,2,2025-12-20,48,quantile,0.25,827.8913255419349
distributional_gaussian_nll_joint_base_spatial_no_donors,2025-12-06,wk inc flu hosp,2,2025-12-20,48,quantile,0.5,1403.4285099212823
distributional_gaussian_nll_joint_base_spatial_no_donors,2025-12-06,wk inc flu hosp,2,2025-12-20,48,quantile,0.75,2410.8660691141768
distributional_gaussian_nll_joint_base_spatial_no_donors,2025-12-06,wk inc flu hosp,2,2025-12-20,48,quantile,0.95,5264.169239437062
distributional_gaussian_nll_joint_base_spatial_no_donors,2025-12-06,wk inc flu hosp,3,2025-12-27,48,quantile,0.05,334.04912000856575
distributional_gaussian_nll_joint_base_spatial_no_donors,2025-12-06,wk inc flu hosp,3,2025-12-27,48,quantile,0.25,875.160640549283
distributional_gaussian_nll_joint_base_spatial_no_donors,2025-12-06,wk inc flu hosp,3,2025-12-27,48,quantile,0.5,1627.7578700544952
distributional_gaussian_nll_joint_base_spatial_no_donors,2025-12-06,wk inc flu hosp,3,2025-12-27,48,quantile,0.75,3066.316949414425
distributional_gaussian_nll_joint_base_spatial_no_donors,2025-12-06,wk inc flu hosp,3,2025-12-27,48,quantile,0.95,7539.471928962888
distributional_gaussian_nll_joint_base_spatial_no_donors,2025-12-13,wk inc flu hosp,0,2025-12-13,48,quantile,0.05,460.4663240004338
distributional_gaussian_nll_joint_base_spatial_no_donors,2025-12-13,wk inc flu hosp,0,2025-12-13,48,quantile,0.25,712.5060329379072
distributional_gaussian_nll_joint_base_spatial_no_donors,2025-12-13,wk inc flu hosp,0,2025-12-13,48,quantile,0.5,970.2193438169234
distributional_gaussian_nll_joint_base_spatial_no_donors,2025-12-13,wk inc flu hosp,0,2025-12-13,48,quantile,0.75,1285.8357028046012
distributional_gaussian_nll_joint_base_spatial_no_donors,2025-12-13,wk inc flu hosp,0,2025-12-13,48,quantile,0.95,1905.6106426110734
distributional_gaussian_nll_joint_base_spatial_no_donors,2025-12-13,wk inc flu hosp,1,2025-12-20,48,quantile,0.05,457.731711492945
distributional_gaussian_nll_joint_base_spatial_no_donors,2025-12-13,wk inc flu hosp,1,2025-12-20,48,quantile,0.25,785.4013228179697
distributional_gaussian_nll_joint_base_spatial_no_donors,2025-12-13,wk inc flu hosp,1,2025-12-20,48,quantile,0.5,1183.178380871736
distributional_gaussian_nll_joint_base_spatial_no_donors,2025-12-13,wk inc flu hosp,1,2025-12-20,48,quantile,0.75,1740.1853978939816
distributional_gaussian_nll_joint_base_spatial_no_donors,2025-12-13,wk inc flu hosp,1,2025-12-20,48,quantile,0.95,2977.1672414479235
distributional_gaussian_nll_joint_base_spatial_no_donors,2025-12-13,wk inc flu hosp,2,2025-12-27,48,quantile,0.05,497.34362006815206
distributional_gaussian_nll_joint_base_spatial_no_donors,2025-12-13,wk inc flu hosp,2,2025-12-27,48,quantile,0.25,1056.6417839188584
distributional_gaussian_nll_joint_base_spatial_no_donors,2025-12-13,wk inc flu hosp,2,2025-12-27,48,quantile,0.5,1759.1473291798175
distributional_gaussian_nll_joint_base_spatial_no_donors,2025-12-13,wk inc flu hosp,2,2025-12-27,48,quantile,0.75,2945.144758082281
distributional_gaussian_nll_joint_base_spatial_no_donors,2025-12-13,wk inc flu hosp,2,2025-12-27,48,quantile,0.95,6013.136955189422
distributional_gaussian_nll_joint_base_spatial_no_donors,2025-12-13,wk inc flu hosp,3,2026-01-03,48,quantile,0.05,444.7458092423394
distributional_gaussian_nll_joint_base_spatial_no_donors,2025-12-13,wk inc flu hosp,3,2026-01-03,48,quantile,0.25,1077.7150727232588
distributional_gaussian_nll_joint_base_spatial_no_donors,2025-12-13,wk inc flu hosp,3,2026-01-03,48,quantile,0.5,1906.1430845060158
distributional_gaussian_nll_joint_base_spatial_no_donors,2025-12-13,wk inc flu hosp,3,2026-01-03,48,quantile,0.75,3500.4373334585416
distributional_gaussian_nll_joint_base_spatial_no_donors,2025-12-13,wk inc flu hosp,3,2026-01-03,48,quantile,0.95,7937.430274578237
distributional_gaussian_nll_joint_base_spatial_no_donors,2025-12-20,wk inc flu hosp,0,2025-12-20,48,quantile,0.05,673.9451724559688
distributional_gaussian_nll_joint_base_spatial_no_donors,2025-12-20,wk inc flu hosp,0,2025-12-20,48,quantile,0.25,995.4173009515669
distributional_gaussian_nll_joint_base_spatial_no_donors,2025-12-20,wk inc flu hosp,0,2025-12-20,48,quantile,0.5,1349.4911065767787
distributional_gaussian_nll_joint_base_spatial_no_donors,2025-12-20,wk inc flu hosp,0,2025-12-20,48,quantile,0.75,1804.4225955328702
distributional_gaussian_nll_joint_base_spatial_no_donors,2025-12-20,wk inc flu hosp,0,2025-12-20,48,quantile,0.95,2698.9621797563386
distributional_gaussian_nll_joint_base_spatial_no_donors,2025-12-20,wk inc flu hosp,1,2025-12-27,48,quantile,0.05,596.6944603939319
distributional_gaussian_nll_joint_base_spatial_no_donors,2025-12-20,wk inc flu hosp,1,2025-12-27,48,quantile,0.25,1086.2124838523978
distributional_gaussian_nll_joint_base_spatial_no_donors,2025-12-20,wk inc flu hosp,1,2025-12-27,48,quantile,0.5,1644.65271218042
distributional_gaussian_nll_joint_base_spatial_no_donors,2025-12-20,wk inc flu hosp,1,2025-12-27,48,quantile,0.75,2471.913643027631
distributional_gaussian_nll_joint_base_spatial_no_donors,2025-12-20,wk inc flu hosp,1,2025-12-27,48,quantile,0.95,4369.907217912652
distributional_gaussian_nll_joint_base_spatial_no_donors,2025-12-20,wk inc flu hosp,2,2026-01-03,48,quantile,0.05,616.9647614930213
distributional_gaussian_nll_joint_base_spatial_no_donors,2025-12-20,wk inc flu hosp,2,2026-01-03,48,quantile,0.25,1272.5744441981647
distributional_gaussian_nll_joint_base_spatial_no_donors,2025-12-20,wk inc flu hosp,2,2026-01-03,48,quantile,0.5,2117.621656628171
distributional_gaussian_nll_joint_base_spatial_no_donors,2025-12-20,wk inc flu hosp,2,2026-01-03,48,quantile,0.75,3514.2537833244514
distributional_gaussian_nll_joint_base_spatial_no_donors,2025-12-20,wk inc flu hosp,2,2026-01-03,48,quantile,0.95,7059.632863438057
distributional_gaussian_nll_joint_base_spatial_no_donors,2025-12-20,wk inc flu hosp,3,2026-01-10,48,quantile,0.05,512.3952865860605
distributional_gaussian_nll_joint_base_spatial_no_donors,2025-12-20,wk inc flu hosp,3,2026-01-10,48,quantile,0.25,1194.2932516163173
distributional_gaussian_nll_joint_base_spatial_no_donors,2025-12-20,wk inc flu hosp,3,2026-01-10,48,quantile,0.5,2115.004282735581
distributional_gaussian_nll_joint_base_spatial_no_donors,2025-12-20,wk inc flu hosp,3,2026-01-10,48,quantile,0.75,3719.9730202076053
distributional_gaussian_nll_joint_base_spatial_no_donors,2025-12-20,wk inc flu hosp,3,2026-01-10,48,quantile,0.95,8197.286505119238
distributional_gaussian_nll_joint_base_spatial_no_donors,2025-12-27,wk inc flu hosp,0,2025-12-27,48,quantile,0.05,1090.133762453076
distributional_gaussian_nll_joint_base_spatial_no_donors,2025-12-27,wk inc flu hosp,0,2025-12-27,48,quantile,0.25,1655.018978042527
distributional_gaussian_nll_joint_base_spatial_no_donors,2025-12-27,wk inc flu hosp,0,2025-12-27,48,quantile,0.5,2242.8958122864046
distributional_gaussian_nll_joint_base_spatial_no_donors,2025-12-27,wk inc flu hosp,0,2025-12-27,48,quantile,0.75,2991.8997657850205
distributional_gaussian_nll_joint_base_spatial_no_donors,2025-12-27,wk inc flu hosp,0,2025-12-27,48,quantile,0.95,4537.269634360725
distributional_gaussian_nll_joint_base_spatial_no_donors,2025-12-27,wk inc flu hosp,1,2026-01-03,48,quantile,0.05,966.0207633582737
distributional_gaussian_nll_joint_base_spatial_no_donors,2025-12-27,wk inc flu hosp,1,2026-01-03,48,quantile,0.25,1645.060905354871
distributional_gaussian_nll_joint_base_spatial_no_donors,2025-12-27,wk inc flu hosp,1,2026-01-03,48,quantile,0.5,2438.8251146847188
distributional_gaussian_nll_joint_base_spatial_no_donors,2025-12-27,wk inc flu hosp,1,2026-01-03,48,quantile,0.75,3589.9681144926317
distributional_gaussian_nll_joint_base_spatial_no_donors,2025-12-27,wk inc flu hosp,1,2026-01-03,48,quantile,0.95,6372.687971570531
distributional_gaussian_nll_joint_base_spatial_no_donors,2025-12-27,wk inc flu hosp,2,2026-01-10,48,quantile,0.05,875.5739655343784
distributional_gaussian_nll_joint_base_spatial_no_donors,2025-12-27,wk inc flu hosp,2,2026-01-10,48,quantile,0.25,1735.7325562814262
distributional_gaussian_nll_joint_base_spatial_no_donors,2025-12-27,wk inc flu hosp,2,2026-01-10,48,quantile,0.5,2833.1782560145175
distributional_gaussian_nll_joint_base_spatial_no_donors,2025-12-27,wk inc flu hosp,2,2026-01-10,48,quantile,0.75,4430.017657301583
distributional_gaussian_nll_joint_base_spatial_no_donors,2025-12-27,wk inc flu hosp,2,2026-01-10,48,quantile,0.95,8599.296238515233
distributional_gaussian_nll_joint_base_spatial_no_donors,2025-12-27,wk inc flu hosp,3,2026-01-17,48,quantile,0.05,714.0382977647196
distributional_gaussian_nll_joint_base_spatial_no_donors,2025-12-27,wk inc flu hosp,3,2026-01-17,48,quantile,0.25,1598.465098815892
distributional_gaussian_nll_joint_base_spatial_no_donors,2025-12-27,wk inc flu hosp,3,2026-01-17,48,quantile,0.5,2749.4007860488596
distributional_gaussian_nll_joint_base_spatial_no_donors,2025-12-27,wk inc flu hosp,3,2026-01-17,48,quantile,0.75,4584.570722775454
distributional_gaussian_nll_joint_base_spatial_no_donors,2025-12-27,wk inc flu hosp,3,2026-01-17,48,quantile,0.95,9687.744937123145
distributional_gaussian_nll_joint_base_spatial_no_donors,2026-01-03,wk inc flu hosp,0,2026-01-03,48,quantile,0.05,1232.0480614057778
distributional_gaussian_nll_joint_base_spatial_no_donors,2026-01-03,wk inc flu hosp,0,2026-01-03,48,quantile,0.25,1767.7850091326936
distributional_gaussian_nll_joint_base_spatial_no_donors,2026-01-03,wk inc flu hosp,0,2026-01-03,48,quantile,0.5,2223.3881260978333
distributional_gaussian_nll_joint_base_spatial_no_donors,2026-01-03,wk inc flu hosp,0,2026-01-03,48,quantile,0.75,2804.47723242719
distributional_gaussian_nll_joint_base_spatial_no_donors,2026-01-03,wk inc flu hosp,0,2026-01-03,48,quantile,0.95,3968.37912554817
distributional_gaussian_nll_joint_base_spatial_no_donors,2026-01-03,wk inc flu hosp,1,2026-01-10,48,quantile,0.05,992.6810271674323
distributional_gaussian_nll_joint_base_spatial_no_donors,2026-01-03,wk inc flu hosp,1,2026-01-10,48,quantile,0.25,1560.9558759966746
distributional_gaussian_nll_joint_base_spatial_no_donors,2026-01-03,wk inc flu hosp,1,2026-01-10,48,quantile,0.5,2164.3324628669925
distributional_gaussian_nll_joint_base_spatial_no_donors,2026-01-03,wk inc flu hosp,1,2026-01-10,48,quantile,0.75,2991.3876397323975
distributional_gaussian_nll_joint_base_spatial_no_donors,2026-01-03,wk inc flu hosp,1,2026-01-10,48,quantile,0.95,4791.186713442959
distributional_gaussian_nll_joint_base_spatial_no_donors,2026-01-03,wk inc flu hosp,2,2026-01-17,48,quantile,0.05,732.5474336671981
distributional_gaussian_nll_joint_base_spatial_no_donors,2026-01-03,wk inc flu hosp,2,2026-01-17,48,quantile,0.25,1360.9256768241407
distributional_gaussian_nll_joint_base_spatial_no_donors,2026-01-03,wk inc flu hosp,2,2026-01-17,48,quantile,0.5,2115.7214471703646
distributional_gaussian_nll_joint_base_spatial_no_donors,2026-01-03,wk inc flu hosp,2,2026-01-17,48,quantile,0.75,3230.725109336985
distributional_gaussian_nll_joint_base_spatial_no_donors,2026-01-03,wk inc flu hosp,2,2026-01-17,48,quantile,0.95,6061.742168634279
distributional_gaussian_nll_joint_base_spatial_no_donors,2026-01-03,wk inc flu hosp,3,2026-01-24,48,quantile,0.05,607.6671750615824
distributional_gaussian_nll_joint_base_spatial_no_donors,2026-01-03,wk inc flu hosp,3,2026-01-24,48,quantile,0.25,1271.9184496279763
distributional_gaussian_nll_joint_base_spatial_no_donors,2026-01-03,wk inc flu hosp,3,2026-01-24,48,quantile,0.5,2089.4101543148
distributional_gaussian_nll_joint_base_spatial_no_donors,2026-01-03,wk inc flu hosp,3,2026-01-24,48,quantile,0.75,3429.325066851213
distributional_gaussian_nll_joint_base_spatial_no_donors,2026-01-03,wk inc flu hosp,3,2026-01-24,48,quantile,0.95,6991.403066349289
distributional_gaussian_nll_joint_base_spatial_no_donors,2026-01-10,wk inc flu hosp,0,2026-01-10,48,quantile,0.05,1208.1532691066554
distributional_gaussian_nll_joint_base_spatial_no_donors,2026-01-10,wk inc flu hosp,0,2026-01-10,48,quantile,0.25,1616.6314778480864
distributional_gaussian_nll_joint_base_spatial_no_donors,2026-01-10,wk inc flu hosp,0,2026-01-10,48,quantile,0.5,1980.323253585554
distributional_gaussian_nll_joint_base_spatial_no_donors,2026-01-10,wk inc flu hosp,0,2026-01-10,48,quantile,0.75,2392.736109832207
distributional_gaussian_nll_joint_base_spatial_no_donors,2026-01-10,wk inc flu hosp,0,2026-01-10,48,quantile,0.95,3190.753243309468
distributional_gaussian_nll_joint_base_spatial_no_donors,2026-01-10,wk inc flu hosp,1,2026-01-17,48,quantile,0.05,971.2287039677697
distributional_gaussian_nll_joint_base_spatial_no_donors,2026-01-10,wk inc flu hosp,1,2026-01-17,48,quantile,0.25,1452.8606901562916
distributional_gaussian_nll_joint_base_spatial_no_donors,2026-01-10,wk inc flu hosp,1,2026-01-17,48,quantile,0.5,1892.3256308823438
distributional_gaussian_nll_joint_base_spatial_no_donors,2026-01-10,wk inc flu hosp,1,2026-01-17,48,quantile,0.75,2489.3649301618298
distributional_gaussian_nll_joint_base_spatial_no_donors,2026-01-10,wk inc flu hosp,1,2026-01-17,48,quantile,0.95,3678.481759708532
distributional_gaussian_nll_joint_base_spatial_no_donors,2026-01-10,wk inc flu hosp,2,2026-01-24,48,quantile,0.05,736.3025003901087
distributional_gaussian_nll_joint_base_spatial_no_donors,2026-01-10,wk inc flu hosp,2,2026-01-24,48,quantile,0.25,1266.082490798116
distributional_gaussian_nll_joint_base_spatial_no_donors,2026-01-10,wk inc flu hosp,2,2026-01-24,48,quantile,0.5,1883.4562197701448
distributional_gaussian_nll_joint_base_spatial_no_donors,2026-01-10,wk inc flu hosp,2,2026-01-24,48,quantile,0.75,2760.4599747871357
distributional_gaussian_nll_joint_base_spatial_no_donors,2026-01-10,wk inc flu hosp,2,2026-01-24,48,quantile,0.95,4595.734735130154
distributional_gaussian_nll_joint_base_spatial_no_donors,2026-01-10,wk inc flu hosp,3,2026-01-31,48,quantile,0.05,600.8776604167635
distributional_gaussian_nll_joint_base_spatial_no_donors,2026-01-10,wk inc flu hosp,3,2026-01-31,48,quantile,0.25,1164.7564260157803
distributional_gaussian_nll_joint_base_spatial_no_donors,2026-01-10,wk inc flu hosp,3,2026-01-31,48,quantile,0.5,1904.2829562999398
distributional_gaussian_nll_joint_base_spatial_no_donors,2026-01-10,wk inc flu hosp,3,2026-01-31,48,quantile,0.75,2981.809888989067
distributional_gaussian_nll_joint_base_spatial_no_donors,2026-01-10,wk inc flu hosp,3,2026-01-31,48,quantile,0.95,5441.707013777968
distributional_gaussian_nll_joint_base_spatial_no_donors,2026-01-17,wk inc flu hosp,0,2026-01-17,48,quantile,0.05,948.0556904962358
distributional_gaussian_nll_joint_base_spatial_no_donors,2026-01-17,wk inc flu hosp,0,2026-01-17,48,quantile,0.25,1251.0988069300515
distributional_gaussian_nll_joint_base_spatial_no_donors,2026-01-17,wk inc flu hosp,0,2026-01-17,48,quantile,0.5,1566.9245283211844
distributional_gaussian_nll_joint_base_spatial_no_donors,2026-01-17,wk inc flu hosp,0,2026-01-17,48,quantile,0.75,1969.72683343593
distributional_gaussian_nll_joint_base_spatial_no_donors,2026-01-17,wk inc flu hosp,0,2026-01-17,48,quantile,0.95,2592.4229334650954
distributional_gaussian_nll_joint_base_spatial_no_donors,2026-01-17,wk inc flu hosp,1,2026-01-24,48,quantile,0.05,769.4454371194604
distributional_gaussian_nll_joint_base_spatial_no_donors,2026-01-17,wk inc flu hosp,1,2026-01-24,48,quantile,0.25,1146.178128486248
distributional_gaussian_nll_joint_base_spatial_no_donors,2026-01-17,wk inc flu hosp,1,2026-01-24,48,quantile,0.5,1557.2193617263097
distributional_gaussian_nll_joint_base_spatial_no_donors,2026-01-17,wk inc flu hosp,1,2026-01-24,48,quantile,0.75,2139.8251812701146
distributional_gaussian_nll_joint_base_spatial_no_donors,2026-01-17,wk inc flu hosp,1,2026-01-24,48,quantile,0.95,3254.4014108490046
distributional_gaussian_nll_joint_base_spatial_no_donors,2026-01-17,wk inc flu hosp,2,2026-01-31,48,quantile,0.05,578.4734576540625
distributional_gaussian_nll_joint_base_spatial_no_donors,2026-01-17,wk inc flu hosp,2,2026-01-31,48,quantile,0.25,1032.9200428835134
distributional_gaussian_nll_joint_base_spatial_no_donors,2026-01-17,wk inc flu hosp,2,2026-01-31,48,quantile,0.5,1540.555850907344
distributional_gaussian_nll_joint_base_spatial_no_donors,2026-01-17,wk inc flu hosp,2,2026-01-31,48,quantile,0.75,2274.1495333026937
distributional_gaussian_nll_joint_base_spatial_no_donors,2026-01-17,wk inc flu hosp,2,2026-01-31,48,quantile,0.95,3944.412835537875
distributional_gaussian_nll_joint_base_spatial_no_donors,2026-01-17,wk inc flu hosp,3,2026-02-07,48,quantile,0.05,473.6684752200441
distributional_gaussian_nll_joint_base_spatial_no_donors,2026-01-17,wk inc flu hosp,3,2026-02-07,48,quantile,0.25,941.4194895946232
distributional_gaussian_nll_joint_base_spatial_no_donors,2026-01-17,wk inc flu hosp,3,2026-02-07,48,quantile,0.5,1519.2562973008544
distributional_gaussian_nll_joint_base_spatial_no_donors,2026-01-17,wk inc flu hosp,3,2026-02-07,48,quantile,0.75,2344.7949611333424
distributional_gaussian_nll_joint_base_spatial_no_donors,2026-01-17,wk inc flu hosp,3,2026-02-07,48,quantile,0.95,4472.4261360181845
distributional_gaussian_nll_joint_base_spatial_no_donors,2026-01-24,wk inc flu hosp,0,2026-01-24,48,quantile,0.05,552.9398692748858
distributional_gaussian_nll_joint_base_spatial_no_donors,2026-01-24,wk inc flu hosp,0,2026-01-24,48,quantile,0.25,783.8587246205452
distributional_gaussian_nll_joint_base_spatial_no_donors,2026-01-24,wk inc flu hosp,0,2026-01-24,48,quantile,0.5,979.4930080066317
distributional_gaussian_nll_joint_base_spatial_no_donors,2026-01-24,wk inc flu hosp,0,2026-01-24,48,quantile,0.75,1246.342780552895
distributional_gaussian_nll_joint_base_spatial_no_donors,2026-01-24,wk inc flu hosp,0,2026-01-24,48,quantile,0.95,1807.7454945450854
distributional_gaussian_nll_joint_base_spatial_no_donors,2026-01-24,wk inc flu hosp,1,2026-01-31,48,quantile,0.05,421.5929847233337
distributional_gaussian_nll_joint_base_spatial_no_donors,2026-01-24,wk inc flu hosp,1,2026-01-31,48,quantile,0.25,696.0423206500723
distributional_gaussian_nll_joint_base_spatial_no_donors,2026-01-24,wk inc flu hosp,1,2026-01-31,48,quantile,0.5,947.0031391368635
distributional_gaussian_nll_joint_base_spatial_no_donors,2026-01-24,wk inc flu hosp,1,2026-01-31,48,quantile,0.75,1248.2828267430932
distributional_gaussian_nll_joint_base_spatial_no_donors,2026-01-24,wk inc flu hosp,1,2026-01-31,48,quantile,0.95,1990.7550183859926
distributional_gaussian_nll_joint_base_spatial_no_donors,2026-01-24,wk inc flu hosp,2,2026-02-07,48,quantile,0.05,320.85214564460136
distributional_gaussian_nll_joint_base_spatial_no_donors,2026-01-24,wk inc flu hosp,2,2026-02-07,48,quantile,0.25,634.7741570350984
distributional_gaussian_nll_joint_base_spatial_no_donors,2026-01-24,wk inc flu hosp,2,2026-02-07,48,quantile,0.5,940.0171675588072
distributional_gaussian_nll_joint_base_spatial_no_donors,2026-01-24,wk inc flu hosp,2,2026-02-07,48,quantile,0.75,1344.9812621686824
distributional_gaussian_nll_joint_base_spatial_no_donors,2026-01-24,wk inc flu hosp,2,2026-02-07,48,quantile,0.95,2398.2058091063436
distributional_gaussian_nll_joint_base_spatial_no_donors,2026-01-24,wk inc flu hosp,3,2026-02-14,48,quantile,0.05,254.06413703460356
distributional_gaussian_nll_joint_base_spatial_no_donors,2026-01-24,wk inc flu hosp,3,2026-02-14,48,quantile,0.25,562.2044862413736
distributional_gaussian_nll_joint_base_spatial_no_donors,2026-01-24,wk inc flu hosp,3,2026-02-14,48,quantile,0.5,894.0912610367513
distributional_gaussian_nll_joint_base_spatial_no_donors,2026-01-24,wk inc flu hosp,3,2026-02-14,48,quantile,0.75,1357.7436579581577
distributional_gaussian_nll_joint_base_spatial_no_donors,2026-01-24,wk inc flu hosp,3,2026-02-14,48,quantile,0.95,2543.345267811814
distributional_gaussian_nll_joint_base_spatial_no_donors,2026-01-31,wk inc flu hosp,0,2026-01-31,48,quantile,0.05,461.07062652386253
distributional_gaussian_nll_joint_base_spatial_no_donors,2026-01-31,wk inc flu hosp,0,2026-01-31,48,quantile,0.25,627.9063333483268
distributional_gaussian_nll_joint_base_spatial_no_donors,2026-01-31,wk inc flu hosp,0,2026-01-31,48,quantile,0.5,766.0546109484369
distributional_gaussian_nll_joint_base_spatial_no_donors,2026-01-31,wk inc flu hosp,0,2026-01-31,48,quantile,0.75,946.6218290124552
distributional_gaussian_nll_joint_base_spatial_no_donors,2026-01-31,wk inc flu hosp,0,2026-01-31,48,quantile,0.95,1309.60734005607
distributional_gaussian_nll_joint_base_spatial_no_donors,2026-01-31,wk inc flu hosp,1,2026-02-07,48,quantile,0.05,344.10192451082185
distributional_gaussian_nll_joint_base_spatial_no_donors,2026-01-31,wk inc flu hosp,1,2026-02-07,48,quantile,0.25,533.2725311608483
distributional_gaussian_nll_joint_base_spatial_no_donors,2026-01-31,wk inc flu hosp,1,2026-02-07,48,quantile,0.5,737.4165080281659
distributional_gaussian_nll_joint_base_spatial_no_donors,2026-01-31,wk inc flu hosp,1,2026-02-07,48,quantile,0.75,982.9653921936638
distributional_gaussian_nll_joint_base_spatial_no_donors,2026-01-31,wk inc flu hosp,1,2026-02-07,48,quantile,0.95,1471.5332868077542
distributional_gaussian_nll_joint_base_spatial_no_donors,2026-01-31,wk inc flu hosp,2,2026-02-14,48,quantile,0.05,257.7291405317562
distributional_gaussian_nll_joint_base_spatial_no_donors,2026-01-31,wk inc flu hosp,2,2026-02-14,48,quantile,0.25,440.59671403730715
distributional_gaussian_nll_joint_base_spatial_no_donors,2026-01-31,wk inc flu hosp,2,2026-02-14,48,quantile,0.5,675.8044795758493
distributional_gaussian_nll_joint_base_spatial_no_donors,2026-01-31,wk inc flu hosp,2,2026-02-14,48,quantile,0.75,984.2563944154726
distributional_gaussian_nll_joint_base_spatial_no_donors,2026-01-31,wk inc flu hosp,2,2026-02-14,48,quantile,0.95,1735.7990333005118
distributional_gaussian_nll_joint_base_spatial_no_donors,2026-01-31,wk inc flu hosp,3,2026-02-21,48,quantile,0.05,197.20102928979523
distributional_gaussian_nll_joint_base_spatial_no_donors,2026-01-31,wk inc flu hosp,3,2026-02-21,48,quantile,0.25,395.2024244118154
distributional_gaussian_nll_joint_base_spatial_no_donors,2026-01-31,wk inc flu hosp,3,2026-02-21,48,quantile,0.5,611.2723907503068
distributional_gaussian_nll_joint_base_spatial_no_donors,2026-01-31,wk inc flu hosp,3,2026-02-21,48,quantile,0.75,954.2466101551594
distributional_gaussian_nll_joint_base_spatial_no_donors,2026-01-31,wk inc flu hosp,3,2026-02-21,48,quantile,0.95,1786.9516721017021
distributional_gaussian_nll_joint_base_spatial_no_donors,2026-02-07,wk inc flu hosp,0,2026-02-07,48,quantile,0.05,567.0693521423509
distributional_gaussian_nll_joint_base_spatial_no_donors,2026-02-07,wk inc flu hosp,0,2026-02-07,48,quantile,0.25,766.3831055586877
distributional_gaussian_nll_joint_base_spatial_no_donors,2026-02-07,wk inc flu hosp,0,2026-02-07,48,quantile,0.5,935.0504733107068
distributional_gaussian_nll_joint_base_spatial_no_donors,2026-02-07,wk inc flu hosp,0,2026-02-07,48,quantile,0.75,1135.1516084225054
distributional_gaussian_nll_joint_base_spatial_no_donors,2026-02-07,wk inc flu hosp,0,2026-02-07,48,quantile,0.95,1472.9851752098016
distributional_gaussian_nll_joint_base_spatial_no_donors,2026-02-07,wk inc flu hosp,1,2026-02-14,48,quantile,0.05,473.8155289971246
distributional_gaussian_nll_joint_base_spatial_no_donors,2026-02-07,wk inc flu hosp,1,2026-02-14,48,quantile,0.25,679.3996668195812
distributional_gaussian_nll_joint_base_spatial_no_donors,2026-02-07,wk inc flu hosp,1,2026-02-14,48,quantile,0.5,889.4415409456553
distributional_gaussian_nll_joint_base_spatial_no_donors,2026-02-07,wk inc flu hosp,1,2026-02-14,48,quantile,0.75,1154.344818478032
distributional_gaussian_nll_joint_base_spatial_no_donors,2026-02-07,wk inc flu hosp,1,2026-02-14,48,quantile,0.95,1653.3990479962313
distributional_gaussian_nll_joint_base_spatial_no_donors,2026-02-07,wk inc flu hosp,2,2026-02-21,48,quantile,0.05,320.0111992463008
distributional_gaussian_nll_joint_base_spatial_no_donors,2026-02-07,wk inc flu hosp,2,2026-02-21,48,quantile,0.25,535.0783583737366
distributional_gaussian_nll_joint_base_spatial_no_donors,2026-02-07,wk inc flu hosp,2,2026-02-21,48,quantile,0.5,783.0153012499163
distributional_gaussian_nll_joint_base_spatial_no_donors,2026-02-07,wk inc flu hosp,2,2026-02-21,48,quantile,0.75,1123.4190407616993
distributional_gaussian_nll_joint_base_spatial_no_donors,2026-02-07,wk inc flu hosp,2,2026-02-21,48,quantile,0.95,1873.2037632636102
distributional_gaussian_nll_joint_base_spatial_no_donors,2026-02-07,wk inc flu hosp,3,2026-02-28,48,quantile,0.05,245.34487594543057
distributional_gaussian_nll_joint_base_spatial_no_donors,2026-02-07,wk inc flu hosp,3,2026-02-28,48,quantile,0.25,451.88448181234946
distributional_gaussian_nll_joint_base_spatial_no_donors,2026-02-07,wk inc flu hosp,3,2026-02-28,48,quantile,0.5,706.9091780310332
distributional_gaussian_nll_joint_base_spatial_no_donors,2026-02-07,wk inc flu hosp,3,2026-02-28,48,quantile,0.75,1115.7813768975548
distributional_gaussian_nll_joint_base_spatial_no_donors,2026-02-07,wk inc flu hosp,3,2026-02-28,48,quantile,0.95,1985.1155540934599
distributional_gaussian_nll_joint_base_spatial_no_donors,2026-02-14,wk inc flu hosp,0,2026-02-14,48,quantile,0.05,687.8514858359455
distributional_gaussian_nll_joint_base_spatial_no_donors,2026-02-14,wk inc flu hosp,0,2026-02-14,48,quantile,0.25,885.2129337367309
distributional_gaussian_nll_joint_base_spatial_no_donors,2026-02-14,wk inc flu hosp,0,2026-02-14,48,quantile,0.5,1045.177668816759
distributional_gaussian_nll_joint_base_spatial_no_donors,2026-02-14,wk inc flu hosp,0,2026-02-14,48,quantile,0.75,1239.1845399299286
distributional_gaussian_nll_joint_base_spatial_no_donors,2026-02-14,wk inc flu hosp,0,2026-02-14,48,quantile,0.95,1603.5124671759675
distributional_gaussian_nll_joint_base_spatial_no_donors,2026-02-14,wk inc flu hosp,1,2026-02-21,48,quantile,0.05,564.7020130891922
distributional_gaussian_nll_joint_base_spatial_no_donors,2026-02-14,wk inc flu hosp,1,2026-02-21,48,quantile,0.25,764.0511426591628
distributional_gaussian_nll_joint_base_spatial_no_donors,2026-02-14,wk inc flu hosp,1,2026-02-21,48,quantile,0.5,974.2125082116909
distributional_gaussian_nll_joint_base_spatial_no_donors,2026-02-14,wk inc flu hosp,1,2026-02-21,48,quantile,0.75,1223.9689283820135
distributional_gaussian_nll_joint_base_spatial_no_donors,2026-02-14,wk inc flu hosp,1,2026-02-21,48,quantile,0.95,1712.63697436372
distributional_gaussian_nll_joint_base_spatial_no_donors,2026-02-14,wk inc flu hosp,2,2026-02-28,48,quantile,0.05,433.26781120075816
distributional_gaussian_nll_joint_base_spatial_no_donors,2026-02-14,wk inc flu hosp,2,2026-02-28,48,quantile,0.25,661.1440611970295
distributional_gaussian_nll_joint_base_spatial_no_donors,2026-02-14,wk inc flu hosp,2,2026-02-28,48,quantile,0.5,889.5189127608235
distributional_gaussian_nll_joint_base_spatial_no_donors,2026-02-14,wk inc flu hosp,2,2026-02-28,48,quantile,0.75,1205.87106468289
distributional_gaussian_nll_joint_base_spatial_no_donors,2026-02-14,wk inc flu hosp,2,2026-02-28,48,quantile,0.95,1879.0110857719978
distributional_gaussian_nll_joint_base_spatial_no_donors,2026-02-14,wk inc flu hosp,3,2026-03-07,48,quantile,0.05,336.50043946699077
distributional_gaussian_nll_joint_base_spatial_no_donors,2026-02-14,wk inc flu hosp,3,2026-03-07,48,quantile,0.25,558.4724517949569
distributional_gaussian_nll_joint_base_spatial_no_donors,2026-02-14,wk inc flu hosp,3,2026-03-07,48,quantile,0.5,788.8946120887445
distributional_gaussian_nll_joint_base_spatial_no_donors,2026-02-14,wk inc flu hosp,3,2026-03-07,48,quantile,0.75,1143.9326092521187
distributional_gaussian_nll_joint_base_spatial_no_donors,2026-02-14,wk inc flu hosp,3,2026-03-07,48,quantile,0.95,1933.468615125247
distributional_gaussian_nll_joint_base_spatial_no_donors,2026-02-21,wk inc flu hosp,0,2026-02-21,48,quantile,0.05,665.9255867092459
distributional_gaussian_nll_joint_base_spatial_no_donors,2026-02-21,wk inc flu hosp,0,2026-02-21,48,quantile,0.25,838.18074067861
distributional_gaussian_nll_joint_base_spatial_no_donors,2026-02-21,wk inc flu hosp,0,2026-02-21,48,quantile,0.5,992.1958975980087
distributional_gaussian_nll_joint_base_spatial_no_donors,2026-02-21,wk inc flu hosp,0,2026-02-21,48,quantile,0.75,1174.3623067549702
distributional_gaussian_nll_joint_base_spatial_no_donors,2026-02-21,wk inc flu hosp,0,2026-02-21,48,quantile,0.95,1465.169464275369
distributional_gaussian_nll_joint_base_spatial_no_donors,2026-02-21,wk inc flu hosp,1,2026-02-28,48,quantile,0.05,557.5335463652518
distributional_gaussian_nll_joint_base_spatial_no_donors,2026-02-21,wk inc flu hosp,1,2026-02-28,48,quantile,0.25,742.6165989589513
distributional_gaussian_nll_joint_base_spatial_no_donors,2026-02-21,wk inc flu hosp,1,2026-02-28,48,quantile,0.5,914.8506002346824
distributional_gaussian_nll_joint_base_spatial_no_donors,2026-02-21,wk inc flu hosp,1,2026-02-28,48,quantile,0.75,1142.4669646644768
distributional_gaussian_nll_joint_base_spatial_no_donors,2026-02-21,wk inc flu hosp,1,2026-02-28,48,quantile,0.95,1519.4658893403503
distributional_gaussian_nll_joint_base_spatial_no_donors,2026-02-21,wk inc flu hosp,2,2026-03-07,48,quantile,0.05,429.7045064165784
distributional_gaussian_nll_joint_base_spatial_no_donors,2026-02-21,wk inc flu hosp,2,2026-03-07,48,quantile,0.25,629.9472525328722
distributional_gaussian_nll_joint_base_spatial_no_donors,2026-02-21,wk inc flu hosp,2,2026-03-07,48,quantile,0.5,818.1219655010657
distributional_gaussian_nll_joint_base_spatial_no_donors,2026-02-21,wk inc flu hosp,2,2026-03-07,48,quantile,0.75,1094.6532328067988
distributional_gaussian_nll_joint_base_spatial_no_donors,2026-02-21,wk inc flu hosp,2,2026-03-07,48,quantile,0.95,1616.0499498818058
distributional_gaussian_nll_joint_base_spatial_no_donors,2026-02-21,wk inc flu hosp,3,2026-03-14,48,quantile,0.05,347.43183970908
distributional_gaussian_nll_joint_base_spatial_no_donors,2026-02-21,wk inc flu hosp,3,2026-03-14,48,quantile,0.25,551.1393444225201
distributional_gaussian_nll_joint_base_spatial_no_donors,2026-02-21,wk inc flu hosp,3,2026-03-14,48,quantile,0.5,756.3021333419858
distributional_gaussian_nll_joint_base_spatial_no_donors,2026-02-21,wk inc flu hosp,3,2026-03-14,48,quantile,0.75,1031.597445428015
distributional_gaussian_nll_joint_base_spatial_no_donors,2026-02-21,wk inc flu hosp,3,2026-03-14,48,quantile,0.95,1621.4146641552898
distributional_gaussian_nll_joint_base_spatial_no_donors,2026-02-28,wk inc flu hosp,0,2026-02-28,48,quantile,0.05,572.3683561652479
distributional_gaussian_nll_joint_base_spatial_no_donors,2026-02-28,wk inc flu hosp,0,2026-02-28,48,quantile,0.25,711.5142791248409
distributional_gaussian_nll_joint_base_spatial_no_donors,2026-02-28,wk inc flu hosp,0,2026-02-28,48,quantile,0.5,827.4343871993163
distributional_gaussian_nll_joint_base_spatial_no_donors,2026-02-28,wk inc flu hosp,0,2026-02-28,48,quantile,0.75,956.7246219162292
distributional_gaussian_nll_joint_base_spatial_no_donors,2026-02-28,wk inc flu hosp,0,2026-02-28,48,quantile,0.95,1196.668144275261
distributional_gaussian_nll_joint_base_spatial_no_donors,2026-02-28,wk inc flu hosp,1,2026-03-07,48,quantile,0.05,478.1301941731966
distributional_gaussian_nll_joint_base_spatial_no_donors,2026-02-28,wk inc flu hosp,1,2026-03-07,48,quantile,0.25,638.9233635091284
distributional_gaussian_nll_joint_base_spatial_no_donors,2026-02-28,wk inc flu hosp,1,2026-03-07,48,quantile,0.5,769.4916821567006
distributional_gaussian_nll_joint_base_spatial_no_donors,2026-02-28,wk inc flu hosp,1,2026-03-07,48,quantile,0.75,934.0121672578186
distributional_gaussian_nll_joint_base_spatial_no_donors,2026-02-28,wk inc flu hosp,1,2026-03-07,48,quantile,0.95,1241.2564443207596
distributional_gaussian_nll_joint_base_spatial_no_donors,2026-02-28,wk inc flu hosp,2,2026-03-14,48,quantile,0.05,356.86007350762554
distributional_gaussian_nll_joint_base_spatial_no_donors,2026-02-28,wk inc flu hosp,2,2026-03-14,48,quantile,0.25,527.6018503061273
distributional_gaussian_nll_joint_base_spatial_no_donors,2026-02-28,wk inc flu hosp,2,2026-03-14,48,quantile,0.5,681.5356839024896
distributional_gaussian_nll_joint_base_spatial_no_donors,2026-02-28,wk inc flu hosp,2,2026-03-14,48,quantile,0.75,896.8872061266987
distributional_gaussian_nll_joint_base_spatial_no_donors,2026-02-28,wk inc flu hosp,2,2026-03-14,48,quantile,0.95,1348.6957818237033
distributional_gaussian_nll_joint_base_spatial_no_donors,2026-02-28,wk inc flu hosp,3,2026-03-21,48,quantile,0.05,280.3787096484501
distributional_gaussian_nll_joint_base_spatial_no_donors,2026-02-28,wk inc flu hosp,3,2026-03-21,48,quantile,0.25,449.56411337292275
distributional_gaussian_nll_joint_base_spatial_no_donors,2026-02-28,wk inc flu hosp,3,2026-03-21,48,quantile,0.5,606.448855854225
distributional_gaussian_nll_joint_base_spatial_no_donors,2026-02-28,wk inc flu hosp,3,2026-03-21,48,quantile,0.75,812.3396249073382
distributional_gaussian_nll_joint_base_spatial_no_donors,2026-02-28,wk inc flu hosp,3,2026-03-21,48,quantile,0.95,1351.7251836697124
distributional_gaussian_nll_joint_base_spatial_no_donors,2026-03-07,wk inc flu hosp,0,2026-03-07,48,quantile,0.05,417.1883448181661
distributional_gaussian_nll_joint_base_spatial_no_donors,2026-03-07,wk inc flu hosp,0,2026-03-07,48,quantile,0.25,517.1109803085299
distributional_gaussian_nll_joint_base_spatial_no_donors,2026-03-07,wk inc flu hosp,0,2026-03-07,48,quantile,0.5,603.4500899573188
distributional_gaussian_nll_joint_base_spatial_no_donors,2026-03-07,wk inc flu hosp,0,2026-03-07,48,quantile,0.75,703.9968774249188
distributional_gaussian_nll_joint_base_spatial_no_donors,2026-03-07,wk inc flu hosp,0,2026-03-07,48,quantile,0.95,873.3943513590505
distributional_gaussian_nll_joint_base_spatial_no_donors,2026-03-07,wk inc flu hosp,1,2026-03-14,48,quantile,0.05,346.7758441773851
distributional_gaussian_nll_joint_base_spatial_no_donors,2026-03-07,wk inc flu hosp,1,2026-03-14,48,quantile,0.25,448.90812322601676
distributional_gaussian_nll_joint_base_spatial_no_donors,2026-03-07,wk inc flu hosp,1,2026-03-14,48,quantile,0.5,556.5223099251809
distributional_gaussian_nll_joint_base_spatial_no_donors,2026-03-07,wk inc flu hosp,1,2026-03-14,48,quantile,0.75,672.8258051919304
distributional_gaussian_nll_joint_base_spatial_no_donors,2026-03-07,wk inc flu hosp,1,2026-03-14,48,quantile,0.95,892.7693656620175
distributional_gaussian_nll_joint_base_spatial_no_donors,2026-03-07,wk inc flu hosp,2,2026-03-21,48,quantile,0.05,258.1526134620743
distributional_gaussian_nll_joint_base_spatial_no_donors,2026-03-07,wk inc flu hosp,2,2026-03-21,48,quantile,0.25,378.8261344449747
distributional_gaussian_nll_joint_base_spatial_no_donors,2026-03-07,wk inc flu hosp,2,2026-03-21,48,quantile,0.5,491.84223407354267
distributional_gaussian_nll_joint_base_spatial_no_donors,2026-03-07,wk inc flu hosp,2,2026-03-21,48,quantile,0.75,649.1688597034038
distributional_gaussian_nll_joint_base_spatial_no_donors,2026-03-07,wk inc flu hosp,2,2026-03-21,48,quantile,0.95,968.9294636813498
distributional_gaussian_nll_joint_base_spatial_no_donors,2026-03-07,wk inc flu hosp,3,2026-03-28,48,quantile,0.05,189.97457452651378
distributional_gaussian_nll_joint_base_spatial_no_donors,2026-03-07,wk inc flu hosp,3,2026-03-28,48,quantile,0.25,300.2199314153362
distributional_gaussian_nll_joint_base_spatial_no_donors,2026-03-07,wk inc flu hosp,3,2026-03-28,48,quantile,0.5,418.7212132803709
distributional_gaussian_nll_joint_base_spatial_no_donors,2026-03-07,wk inc flu hosp,3,2026-03-28,48,quantile,0.75,577.8333868088646
distributional_gaussian_nll_joint_base_spatial_no_donors,2026-03-07,wk inc flu hosp,3,2026-03-28,48,quantile,0.95,933.2026813498958
distributional_gaussian_nll_joint_base_spatial_no_donors,2026-03-14,wk inc flu hosp,0,2026-03-14,48,quantile,0.05,337.64763239723766
distributional_gaussian_nll_joint_base_spatial_no_donors,2026-03-14,wk inc flu hosp,0,2026-03-14,48,quantile,0.25,433.3217868235031
distributional_gaussian_nll_joint_base_spatial_no_donors,2026-03-14,wk inc flu hosp,0,2026-03-14,48,quantile,0.5,524.6528150117092
distributional_gaussian_nll_joint_base_spatial_no_donors,2026-03-14,wk inc flu hosp,0,2026-03-14,48,quantile,0.75,635.190056960393
distributional_gaussian_nll_joint_base_spatial_no_donors,2026-03-14,wk inc flu hosp,0,2026-03-14,48,quantile,0.95,836.2121902648987
distributional_gaussian_nll_joint_base_spatial_no_donors,2026-03-14,wk inc flu hosp,1,2026-03-21,48,quantile,0.05,257.31398451786526
distributional_gaussian_nll_joint_base_spatial_no_donors,2026-03-14,wk inc flu hosp,1,2026-03-21,48,quantile,0.25,357.3939589456809
distributional_gaussian_nll_joint_base_spatial_no_donors,2026-03-14,wk inc flu hosp,1,2026-03-21,48,quantile,0.5,458.17596182862826
distributional_gaussian_nll_joint_base_spatial_no_donors,2026-03-14,wk inc flu hosp,1,2026-03-21,48,quantile,0.75,586.5598538853458
distributional_gaussian_nll_joint_base_spatial_no_donors,2026-03-14,wk inc flu hosp,1,2026-03-21,48,quantile,0.95,817.9393225244703
distributional_gaussian_nll_joint_base_spatial_no_donors,2026-03-14,wk inc flu hosp,2,2026-03-28,48,quantile,0.05,187.17185498841454
distributional_gaussian_nll_joint_base_spatial_no_donors,2026-03-14,wk inc flu hosp,2,2026-03-28,48,quantile,0.25,289.3112052156423
distributional_gaussian_nll_joint_base_spatial_no_donors,2026-03-14,wk inc flu hosp,2,2026-03-28,48,quantile,0.5,396.6713350609287
distributional_gaussian_nll_joint_base_spatial_no_donors,2026-03-14,wk inc flu hosp,2,2026-03-28,48,quantile,0.75,526.2168578666638
distributional_gaussian_nll_joint_base_spatial_no_donors,2026-03-14,wk inc flu hosp,2,2026-03-28,48,quantile,0.95,827.4327708708938
distributional_gaussian_nll_joint_base_spatial_no_donors,2026-03-14,wk inc flu hosp,3,2026-04-04,48,quantile,0.05,138.00224771323826
distributional_gaussian_nll_joint_base_spatial_no_donors,2026-03-14,wk inc flu hosp,3,2026-04-04,48,quantile,0.25,230.47296865802664
distributional_gaussian_nll_joint_base_spatial_no_donors,2026-03-14,wk inc flu hosp,3,2026-04-04,48,quantile,0.5,323.9099692701084
distributional_gaussian_nll_joint_base_spatial_no_donors,2026-03-14,wk inc flu hosp,3,2026-04-04,48,quantile,0.75,457.61714301185657
distributional_gaussian_nll_joint_base_spatial_no_donors,2026-03-14,wk inc flu hosp,3,2026-04-04,48,quantile,0.95,760.4483175797948
distributional_gaussian_nll_joint_base_spatial_no_donors,2026-03-21,wk inc flu hosp,0,2026-03-21,48,quantile,0.05,244.34995995686648
distributional_gaussian_nll_joint_base_spatial_no_donors,2026-03-21,wk inc flu hosp,0,2026-03-21,48,quantile,0.25,344.94595519093355
distributional_gaussian_nll_joint_base_spatial_no_donors,2026-03-21,wk inc flu hosp,0,2026-03-21,48,quantile,0.5,441.78875028661594
distributional_gaussian_nll_joint_base_spatial_no_donors,2026-03-21,wk inc flu hosp,0,2026-03-21,48,quantile,0.75,558.8216539924334
distributional_gaussian_nll_joint_base_spatial_no_donors,2026-03-21,wk inc flu hosp,0,2026-03-21,48,quantile,0.95,804.8978719609362
distributional_gaussian_nll_joint_base_spatial_no_donors,2026-03-21,wk inc flu hosp,1,2026-03-28,48,quantile,0.05,177.085481750997
distributional_gaussian_nll_joint_base_spatial_no_donors,2026-03-21,wk inc flu hosp,1,2026-03-28,48,quantile,0.25,278.4356084595472
distributional_gaussian_nll_joint_base_spatial_no_donors,2026-03-21,wk inc flu hosp,1,2026-03-28,48,quantile,0.5,378.3470584424474
distributional_gaussian_nll_joint_base_spatial_no_donors,2026-03-21,wk inc flu hosp,1,2026-03-28,48,quantile,0.75,515.7339890545393
distributional_gaussian_nll_joint_base_spatial_no_donors,2026-03-21,wk inc flu hosp,1,2026-03-28,48,quantile,0.95,801.66449766605
distributional_gaussian_nll_joint_base_spatial_no_donors,2026-03-21,wk inc flu hosp,2,2026-04-04,48,quantile,0.05,119.5293542579536
distributional_gaussian_nll_joint_base_spatial_no_donors,2026-03-21,wk inc flu hosp,2,2026-04-04,48,quantile,0.25,207.81514305289875
distributional_gaussian_nll_joint_base_spatial_no_donors,2026-03-21,wk inc flu hosp,2,2026-04-04,48,quantile,0.5,300.6270141747477
distributional_gaussian_nll_joint_base_spatial_no_donors,2026-03-21,wk inc flu hosp,2,2026-04-04,48,quantile,0.75,445.64763512987673
distributional_gaussian_nll_joint_base_spatial_no_donors,2026-03-21,wk inc flu hosp,2,2026-04-04,48,quantile,0.95,757.2534342893866
distributional_gaussian_nll_joint_base_spatial_no_donors,2026-03-21,wk inc flu hosp,3,2026-04-11,48,quantile,0.05,85.06407467370471
distributional_gaussian_nll_joint_base_spatial_no_donors,2026-03-21,wk inc flu hosp,3,2026-04-11,48,quantile,0.25,158.49834354865132
distributional_gaussian_nll_joint_base_spatial_no_donors,2026-03-21,wk inc flu hosp,3,2026-04-11,48,quantile,0.5,244.15027810720454
distributional_gaussian_nll_joint_base_spatial_no_donors,2026-03-21,wk inc flu hosp,3,2026-04-11,48,quantile,0.75,384.5258959348074
distributional_gaussian_nll_joint_base_spatial_no_donors,2026-03-21,wk inc flu hosp,3,2026-04-11,48,quantile,0.95,712.9117039083912
distributional_gaussian_nll_joint_base_spatial_no_donors,2026-03-28,wk inc flu hosp,0,2026-03-28,48,quantile,0.05,128.48109871408644
distributional_gaussian_nll_joint_base_spatial_no_donors,2026-03-28,wk inc flu hosp,0,2026-03-28,48,quantile,0.25,198.6185989759816
distributional_gaussian_nll_joint_base_spatial_no_donors,2026-03-28,wk inc flu hosp,0,2026-03-28,48,quantile,0.5,266.5253906284542
distributional_gaussian_nll_joint_base_spatial_no_donors,2026-03-28,wk inc flu hosp,0,2026-03-28,48,quantile,0.75,361.71191543163536
distributional_gaussian_nll_joint_base_spatial_no_donors,2026-03-28,wk inc flu hosp,0,2026-03-28,48,quantile,0.95,544.7703285420624
distributional_gaussian_nll_joint_base_spatial_no_donors,2026-03-28,wk inc flu hosp,1,2026-04-04,48,quantile,0.05,96.39859455657475
distributional_gaussian_nll_joint_base_spatial_no_donors,2026-03-28,wk inc flu hosp,1,2026-04-04,48,quantile,0.25,159.84542488387245
distributional_gaussian_nll_joint_base_spatial_no_donors,2026-03-28,wk inc flu hosp,1,2026-04-04,48,quantile,0.5,227.92762235357696
distributional_gaussian_nll_joint_base_spatial_no_donors,2026-03-28,wk inc flu hosp,1,2026-04-04,48,quantile,0.75,324.91617471826567
distributional_gaussian_nll_joint_base_spatial_no_donors,2026-03-28,wk inc flu hosp,1,2026-04-04,48,quantile,0.95,537.0841549224408
distributional_gaussian_nll_joint_base_spatial_no_donors,2026-03-28,wk inc flu hosp,2,2026-04-11,48,quantile,0.05,64.59259205602858
distributional_gaussian_nll_joint_base_spatial_no_donors,2026-03-28,wk inc flu hosp,2,2026-04-11,48,quantile,0.25,119.1185967310414
distributional_gaussian_nll_joint_base_spatial_no_donors,2026-03-28,wk inc flu hosp,2,2026-04-11,48,quantile,0.5,181.38506801708002
distributional_gaussian_nll_joint_base_spatial_no_donors,2026-03-28,wk inc flu hosp,2,2026-04-11,48,quantile,0.75,278.73990321885447
distributional_gaussian_nll_joint_base_spatial_no_donors,2026-03-28,wk inc flu hosp,2,2026-04-11,48,quantile,0.95,516.1368252817502
distributional_gaussian_nll_joint_base_spatial_no_donors,2026-03-28,wk inc flu hosp,3,2026-04-18,48,quantile,0.05,44.73386752793723
distributional_gaussian_nll_joint_base_spatial_no_donors,2026-03-28,wk inc flu hosp,3,2026-04-18,48,quantile,0.25,91.29052342357284
distributional_gaussian_nll_joint_base_spatial_no_donors,2026-03-28,wk inc flu hosp,3,2026-04-18,48,quantile,0.5,144.69049742477762
distributional_gaussian_nll_joint_base_spatial_no_donors,2026-03-28,wk inc flu hosp,3,2026-04-18,48,quantile,0.75,239.2457461485423
distributional_gaussian_nll_joint_base_spatial_no_donors,2026-03-28,wk inc flu hosp,3,2026-04-18,48,quantile,0.95,479.44938143450884
distributional_gaussian_nll_joint_base_spatial_no_donors,2026-04-04,wk inc flu hosp,0,2026-04-04,48,quantile,0.05,57.22539615405186
distributional_gaussian_nll_joint_base_spatial_no_donors,2026-04-04,wk inc flu hosp,0,2026-04-04,48,quantile,0.25,102.23765119725164
distributional_gaussian_nll_joint_base_spatial_no_donors,2026-04-04,wk inc flu hosp,0,2026-04-04,48,quantile,0.5,151.93558830685373
distributional_gaussian_nll_joint_base_spatial_no_donors,2026-04-04,wk inc flu hosp,0,2026-04-04,48,quantile,0.75,206.2336473999383
distributional_gaussian_nll_joint_base_spatial_no_donors,2026-04-04,wk inc flu hosp,0,2026-04-04,48,quantile,0.95,377.85994100456537
distributional_gaussian_nll_joint_base_spatial_no_donors,2026-04-04,wk inc flu hosp,1,2026-04-11,48,quantile,0.05,39.286840492029754
distributional_gaussian_nll_joint_base_spatial_no_donors,2026-04-04,wk inc flu hosp,1,2026-04-11,48,quantile,0.25,76.76555151791702
distributional_gaussian_nll_joint_base_spatial_no_donors,2026-04-04,wk inc flu hosp,1,2026-04-11,48,quantile,0.5,119.8025048970402
distributional_gaussian_nll_joint_base_spatial_no_donors,2026-04-04,wk inc flu hosp,1,2026-04-11,48,quantile,0.75,176.43575933846412
distributional_gaussian_nll_joint_base_spatial_no_donors,2026-04-04,wk inc flu hosp,1,2026-04-11,48,quantile,0.95,344.5318932666693
distributional_gaussian_nll_joint_base_spatial_no_donors,2026-04-04,wk inc flu hosp,2,2026-04-18,48,quantile,0.05,27.26717293419371
distributional_gaussian_nll_joint_base_spatial_no_donors,2026-04-04,wk inc flu hosp,2,2026-04-18,48,quantile,0.25,57.12589522424052
distributional_gaussian_nll_joint_base_spatial_no_donors,2026-04-04,wk inc flu hosp,2,2026-04-18,48,quantile,0.5,92.58089658123305
distributional_gaussian_nll_joint_base_spatial_no_donors,2026-04-04,wk inc flu hosp,2,2026-04-18,48,quantile,0.75,144.0311885889085
distributional_gaussian_nll_joint_base_spatial_no_donors,2026-04-04,wk inc flu hosp,2,2026-04-18,48,quantile,0.95,300.30855765021886
distributional_gaussian_nll_joint_base_spatial_no_donors,2026-04-04,wk inc flu hosp,3,2026-04-25,48,quantile,0.05,20.287957655019405
distributional_gaussian_nll_joint_base_spatial_no_donors,2026-04-04,wk inc flu hosp,3,2026-04-25,48,quantile,0.25,44.19962519207749
distributional_gaussian_nll_joint_base_spatial_no_donors,2026-04-04,wk inc flu hosp,3,2026-04-25,48,quantile,0.5,75.65566300536376
distributional_gaussian_nll_joint_base_spatial_no_donors,2026-04-04,wk inc flu hosp,3,2026-04-25,48,quantile,0.75,126.85152014070715
distributional_gaussian_nll_joint_base_spatial_no_donors,2026-04-04,wk inc flu hosp,3,2026-04-25,48,quantile,0.95,271.4468769982477
distributional_gaussian_nll_joint_base_spatial_no_donors,2026-04-11,wk inc flu hosp,0,2026-04-11,48,quantile,0.05,51.04599477386111
distributional_gaussian_nll_joint_base_spatial_no_donors,2026-04-11,wk inc flu hosp,0,2026-04-11,48,quantile,0.25,88.9897610668364
distributional_gaussian_nll_joint_base_spatial_no_donors,2026-04-11,wk inc flu hosp,0,2026-04-11,48,quantile,0.5,128.38050084195208
distributional_gaussian_nll_joint_base_spatial_no_donors,2026-04-11,wk inc flu hosp,0,2026-04-11,48,quantile,0.75,184.41497426754154
distributional_gaussian_nll_joint_base_spatial_no_donors,2026-04-11,wk inc flu hosp,0,2026-04-11,48,quantile,0.95,319.62447470490974
distributional_gaussian_nll_joint_base_spatial_no_donors,2026-04-11,wk inc flu hosp,1,2026-04-18,48,quantile,0.05,34.586365023969705
distributional_gaussian_nll_joint_base_spatial_no_donors,2026-04-11,wk inc flu hosp,1,2026-04-18,48,quantile,0.25,65.83785343485911
distributional_gaussian_nll_joint_base_spatial_no_donors,2026-04-11,wk inc flu hosp,1,2026-04-18,48,quantile,0.5,104.27862137063363
distributional_gaussian_nll_joint_base_spatial_no_donors,2026-04-11,wk inc flu hosp,1,2026-04-18,48,quantile,0.75,160.42964165326066
distributional_gaussian_nll_joint_base_spatial_no_donors,2026-04-11,wk inc flu hosp,1,2026-04-18,48,quantile,0.95,292.6459451148735
distributional_gaussian_nll_joint_base_spatial_no_donors,2026-04-11,wk inc flu hosp,2,2026-04-25,48,quantile,0.05,22.275377140194678
distributional_gaussian_nll_joint_base_spatial_no_donors,2026-04-11,wk inc flu hosp,2,2026-04-25,48,quantile,0.25,48.504510627147
distributional_gaussian_nll_joint_base_spatial_no_donors,2026-04-11,wk inc flu hosp,2,2026-04-25,48,quantile,0.5,81.5472464602488
distributional_gaussian_nll_joint_base_spatial_no_donors,2026-04-11,wk inc flu hosp,2,2026-04-25,48,quantile,0.75,139.63121029234748
distributional_gaussian_nll_joint_base_spatial_no_donors,2026-04-11,wk inc flu hosp,2,2026-04-25,48,quantile,0.95,293.929487733186
distributional_gaussian_nll_joint_base_spatial_no_donors,2026-04-18,wk inc flu hosp,0,2026-04-18,48,quantile,0.05,33.900603088742145
distributional_gaussian_nll_joint_base_spatial_no_donors,2026-04-18,wk inc flu hosp,0,2026-04-18,48,quantile,0.25,61.01721791125934
distributional_gaussian_nll_joint_base_spatial_no_donors,2026-04-18,wk inc flu hosp,0,2026-04-18,48,quantile,0.5,93.48681817877764
distributional_gaussian_nll_joint_base_spatial_no_donors,2026-04-18,wk inc flu hosp,0,2026-04-18,48,quantile,0.75,140.46548399509726
distributional_gaussian_nll_joint_base_spatial_no_donors,2026-04-18,wk inc flu hosp,0,2026-04-18,48,quantile,0.95,256.0725931483255
distributional_gaussian_nll_joint_base_spatial_no_donors,2026-04-18,wk inc flu hosp,1,2026-04-25,48,quantile,0.05,23.549643713558247
distributional_gaussian_nll_joint_base_spatial_no_donors,2026-04-18,wk inc flu hosp,1,2026-04-25,48,quantile,0.25,46.08313310084455
distributional_gaussian_nll_joint_base_spatial_no_donors,2026-04-18,wk inc flu hosp,1,2026-04-25,48,quantile,0.5,76.41674675526141
distributional_gaussian_nll_joint_base_spatial_no_donors,2026-04-18,wk inc flu hosp,1,2026-04-25,48,quantile,0.75,122.3489957918606
distributional_gaussian_nll_joint_base_spatial_no_donors,2026-04-18,wk inc flu hosp,1,2026-04-25,48,quantile,0.95,234.15477803473345
distributional_gaussian_nll_joint_base_spatial_no_donors,2026-04-25,wk inc flu hosp,0,2026-04-25,48,quantile,0.05,36.29980744201392
distributional_gaussian_nll_joint_base_spatial_no_donors,2026-04-25,wk inc flu hosp,0,2026-04-25,48,quantile,0.25,62.469142166119866
distributional_gaussian_nll_joint_base_spatial_no_donors,2026-04-25,wk inc flu hosp,0,2026-04-25,48,quantile,0.5,87.85249151394815
distributional_gaussian_nll_joint_base_spatial_no_donors,2026-04-25,wk inc flu hosp,0,2026-04-25,48,quantile,0.75,126.10840428576233
distributional_gaussian_nll_joint_base_spatial_no_donors,2026-04-25,wk inc flu hosp,0,2026-04-25,48,quantile,0.95,211.4874795879148
