date,location_name,total_hosp,location
2024-10-05,Alabama,1,01
2024-10-12,Alabama,5,01
2024-10-19,Alabama,13,01
2024-10-26,Alabama,19,01
2024-11-02,Alabama,13,01
2024-11-09,Alabama,32,01
2024-11-16,Alabama,44,01
2024-11-23,Alabama,50,01
2024-11-30,Alabama,65,01
2024-12-07,Alabama,102,01
2024-12-14,Alabama,193,01
2024-12-21,Alabama,432,01
2024-12-28,Alabama,661,01
2025-01-04,Alabama,684,01
2025-01-11,Alabama,473,01
2025-01-18,Alabama,488,01
2025-01-25,Alabama,626,01
2025-02-01,Alabama,734,01
2025-02-08,Alabama,660,01
2025-02-15,Alabama,415,01
2025-02-22,Alabama,286,01
2025-03-01,Alabama,329,01
2025-03-08,Alabama,314,01
2025-03-15,Alabama,272,01
2025-03-22,Alabama,192,01
2025-03-29,Alabama,169,01
2025-04-05,Alabama,85,01
2025-04-12,Alabama,53.99999999999999,01
2025-04-19,Alabama,49,01
2025-04-26,Alabama,35,01
2025-05-03,Alabama,27,01
2025-05-10,Alabama,33,01
2025-05-17,Alabama,37,01
2025-05-24,Alabama,28,01
2025-05-31,Alabama,11,01
2025-06-07,Alabama,14,01
2025-06-14,Alabama,18,01
2025-06-21,Alabama,22,01
2025-06-28,Alabama,27,01
2025-07-05,Alabama,15,01
2025-07-12,Alabama,11,01
2025-07-19,Alabama,13,01
2025-07-26,Alabama,16,01
2025-08-02,Alabama,19,01
2025-08-09,Alabama,17,01
2025-08-16,Alabama,27,01
2025-08-23,Alabama,24,01
2025-08-30,Alabama,29,01
2025-09-06,Alabama,23,01
2025-09-13,Alabama,30.999999999999996,01
2025-09-20,Alabama,15,01
2025-09-27,Alabama,18,01
2025-10-04,Alabama,21,01
2025-10-11,Alabama,14,01
2025-10-18,Alabama,12,01
2025-10-25,Alabama,11,01
2025-11-01,Alabama,15,01
2025-11-08,Alabama,18,01
2025-11-15,Alabama,31,01
2025-11-22,Alabama,37,01
2025-11-29,Alabama,46,01
2025-12-06,Alabama,67,01
2025-12-13,Alabama,104,01
2025-12-20,Alabama,275,01
2025-12-27,Alabama,498,01
2026-01-03,Alabama,501,01
2026-01-10,Alabama,316,01
2026-01-17,Alabama,206,01
2026-01-24,Alabama,250,01
2026-01-31,Alabama,262,01
2026-02-07,Alabama,355,01
2026-02-14,Alabama,437,01
2026-02-21,Alabama,333,01
2026-02-28,Alabama,180,01
2026-03-07,Alabama,145,01
2026-03-14,Alabama,105,01
2026-03-21,Alabama,58,01
2026-03-28,Alabama,45,01
2026-04-04,Alabama,30,01
2026-04-11,Alabama,33,01
2026-04-18,Alabama,26,01
2026-04-25,Alabama,26,01
2024-10-05,Alaska,3,02
2024-10-12,Alaska,3,02
2024-10-19,Alaska,3,02
2024-10-26,Alaska,7,02
2024-11-02,Alaska,8,02
2024-11-09,Alaska,5.999999999999999,02
2024-11-16,Alaska,9,02
2024-11-23,Alaska,7,02
2024-11-30,Alaska,10,02
2024-12-07,Alaska,18,02
2024-12-14,Alaska,27,02
2024-12-21,Alaska,22,02
2024-12-28,Alaska,35,02
2025-01-04,Alaska,64,02
2025-01-11,Alaska,45,02
2025-01-18,Alaska,33,02
2025-01-25,Alaska,29,02
2025-02-01,Alaska,30,02
2025-02-08,Alaska,26,02
2025-02-15,Alaska,53,02
2025-02-22,Alaska,52,02
2025-03-01,Alaska,57,02
2025-03-08,Alaska,62,02
2025-03-15,Alaska,30.999999999999993,02
2025-03-22,Alaska,26,02
2025-03-29,Alaska,32,02
2025-04-05,Alaska,17,02
2025-04-12,Alaska,15.999999999999998,02
2025-04-19,Alaska,12,02
2025-04-26,Alaska,9,02
2025-05-03,Alaska,9,02
2025-05-10,Alaska,5,02
2025-05-17,Alaska,6,02
2025-05-24,Alaska,10,02
2025-05-31,Alaska,8,02
2025-06-07,Alaska,11,02
2025-06-14,Alaska,11,02
2025-06-21,Alaska,17,02
2025-06-28,Alaska,5,02
2025-07-05,Alaska,3.9999999999999982,02
2025-07-12,Alaska,2,02
2025-07-19,Alaska,6,02
2025-07-26,Alaska,4,02
2025-08-02,Alaska,2,02
2025-08-09,Alaska,2,02
2025-08-16,Alaska,4,02
2025-08-23,Alaska,2,02
2025-08-30,Alaska,1.9999999999999996,02
2025-09-06,Alaska,3,02
2025-09-13,Alaska,12,02
2025-09-20,Alaska,1,02
2025-09-27,Alaska,1.0000000000000007,02
2025-10-04,Alaska,2,02
2025-10-11,Alaska,1.1102230246251565e-16,02
2025-10-18,Alaska,0,02
2025-10-25,Alaska,1,02
2025-11-01,Alaska,0,02
2025-11-08,Alaska,2.9999999999999996,02
2025-11-15,Alaska,0,02
2025-11-22,Alaska,3,02
2025-11-29,Alaska,8,02
2025-12-06,Alaska,13,02
2025-12-13,Alaska,13,02
2025-12-20,Alaska,45,02
2025-12-27,Alaska,86,02
2026-01-03,Alaska,75,02
2026-01-10,Alaska,46,02
2026-01-17,Alaska,38,02
2026-01-24,Alaska,26,02
2026-01-31,Alaska,28,02
2026-02-07,Alaska,16,02
2026-02-14,Alaska,15,02
2026-02-21,Alaska,8,02
2026-02-28,Alaska,5,02
2026-03-07,Alaska,16,02
2026-03-14,Alaska,13,02
2026-03-21,Alaska,10,02
2026-03-28,Alaska,9,02
2026-04-04,Alaska,7,02
2026-04-11,Alaska,10,02
2026-04-18,Alaska,3,02
2026-04-25,Alaska,5,02
2024-10-05,Arizona,81,04
2024-10-12,Arizona,9,04
2024-10-19,Arizona,29,04
2024-10-26,Arizona,375,04
2024-11-02,Arizona,141,04
2024-11-09,Arizona,272,04
2024-11-16,Arizona,356,04
2024-11-23,Arizona,488,04
2024-11-30,Arizona,558,04
2024-12-07,Arizona,882,04
2024-12-14,Arizona,1023,04
2024-12-21,Arizona,1534,04
2024-12-28,Arizona,2340,04
2025-01-04,Arizona,2846,04
2025-01-11,Arizona,1483,04
2025-01-18,Arizona,1077,04
2025-01-25,Arizona,999,04
2025-02-01,Arizona,836,04
2025-02-08,Arizona,836,04
2025-02-15,Arizona,711,04
2025-02-22,Arizona,647,04
2025-03-01,Arizona,657,04
2025-03-08,Arizona,499,04
2025-03-15,Arizona,393,04
2025-03-22,Arizona,346,04
2025-03-29,Arizona,238,04
2025-04-05,Arizona,111,04
2025-04-12,Arizona,93,04
2025-04-19,Arizona,88,04
2025-04-26,Arizona,77,04
2025-05-03,Arizona,80,04
2025-05-10,Arizona,53.00000000000001,04
2025-05-17,Arizona,69,04
2025-05-24,Arizona,38.00000000000001,04
2025-05-31,Arizona,55,04
2025-06-07,Arizona,32.00000000000001,04
2025-06-14,Arizona,35,04
2025-06-21,Arizona,18,04
2025-06-28,Arizona,11,04
2025-07-05,Arizona,24,04
2025-07-12,Arizona,15,04
2025-07-19,Arizona,10,04
2025-07-26,Arizona,6,04
2025-08-02,Arizona,5,04
2025-08-09,Arizona,11,04
2025-08-16,Arizona,17.999999999999996,04
2025-08-23,Arizona,6,04
2025-08-30,Arizona,26.999999999999996,04
2025-09-06,Arizona,11,04
2025-09-13,Arizona,14.000000000000002,04
2025-09-20,Arizona,16,04
2025-09-27,Arizona,13.000000000000002,04
2025-10-04,Arizona,19,04
2025-10-11,Arizona,9.000000000000002,04
2025-10-18,Arizona,12,04
2025-10-25,Arizona,15,04
2025-11-01,Arizona,11,04
2025-11-08,Arizona,17,04
2025-11-15,Arizona,18,04
2025-11-22,Arizona,47.00000000000001,04
2025-11-29,Arizona,47,04
2025-12-06,Arizona,41,04
2025-12-13,Arizona,80,04
2025-12-20,Arizona,132,04
2025-12-27,Arizona,316,04
2026-01-03,Arizona,362,04
2026-01-10,Arizona,223,04
2026-01-17,Arizona,145,04
2026-01-24,Arizona,198,04
2026-01-31,Arizona,263,04
2026-02-07,Arizona,346,04
2026-02-14,Arizona,415,04
2026-02-21,Arizona,354,04
2026-02-28,Arizona,284,04
2026-03-07,Arizona,237,04
2026-03-14,Arizona,196,04
2026-03-21,Arizona,136,04
2026-03-28,Arizona,125,04
2026-04-04,Arizona,74,04
2026-04-11,Arizona,67,04
2026-04-18,Arizona,61,04
2026-04-25,Arizona,67,04
2024-10-05,Arkansas,7,05
2024-10-12,Arkansas,1,05
2024-10-19,Arkansas,5,05
2024-10-26,Arkansas,3,05
2024-11-02,Arkansas,6,05
2024-11-09,Arkansas,11,05
2024-11-16,Arkansas,13,05
2024-11-23,Arkansas,7.999999999999999,05
2024-11-30,Arkansas,12,05
2024-12-07,Arkansas,32,05
2024-12-14,Arkansas,42,05
2024-12-21,Arkansas,59,05
2024-12-28,Arkansas,127,05
2025-01-04,Arkansas,212,05
2025-01-11,Arkansas,158,05
2025-01-18,Arkansas,223,05
2025-01-25,Arkansas,388,05
2025-02-01,Arkansas,551,05
2025-02-08,Arkansas,752,05
2025-02-15,Arkansas,543,05
2025-02-22,Arkansas,392,05
2025-03-01,Arkansas,363,05
2025-03-08,Arkansas,325,05
2025-03-15,Arkansas,229,05
2025-03-22,Arkansas,164,05
2025-03-29,Arkansas,111,05
2025-04-05,Arkansas,71,05
2025-04-12,Arkansas,32,05
2025-04-19,Arkansas,29,05
2025-04-26,Arkansas,24,05
2025-05-03,Arkansas,21,05
2025-05-10,Arkansas,13,05
2025-05-17,Arkansas,13,05
2025-05-24,Arkansas,14,05
2025-05-31,Arkansas,14,05
2025-06-07,Arkansas,14,05
2025-06-14,Arkansas,12,05
2025-06-21,Arkansas,14,05
2025-06-28,Arkansas,20,05
2025-07-05,Arkansas,5.0000000000000036,05
2025-07-12,Arkansas,8,05
2025-07-19,Arkansas,4,05
2025-07-26,Arkansas,4,05
2025-08-02,Arkansas,2.0000000000000004,05
2025-08-09,Arkansas,2,05
2025-08-16,Arkansas,4,05
2025-08-23,Arkansas,3,05
2025-08-30,Arkansas,1.0000000000000004,05
2025-09-06,Arkansas,2,05
2025-09-13,Arkansas,0.9999999999999997,05
2025-09-20,Arkansas,3,05
2025-09-27,Arkansas,9,05
2025-10-04,Arkansas,4,05
2025-10-11,Arkansas,5,05
2025-10-18,Arkansas,2,05
2025-10-25,Arkansas,3,05
2025-11-01,Arkansas,9,05
2025-11-08,Arkansas,9,05
2025-11-15,Arkansas,27,05
2025-11-22,Arkansas,18,05
2025-11-29,Arkansas,78,05
2025-12-06,Arkansas,56.00000000000001,05
2025-12-13,Arkansas,87,05
2025-12-20,Arkansas,145,05
2025-12-27,Arkansas,297,05
2026-01-03,Arkansas,278,05
2026-01-10,Arkansas,163,05
2026-01-17,Arkansas,142,05
2026-01-24,Arkansas,167,05
2026-01-31,Arkansas,209,05
2026-02-07,Arkansas,175,05
2026-02-14,Arkansas,231,05
2026-02-21,Arkansas,173,05
2026-02-28,Arkansas,125,05
2026-03-07,Arkansas,107,05
2026-03-14,Arkansas,77,05
2026-03-21,Arkansas,46,05
2026-03-28,Arkansas,31,05
2026-04-04,Arkansas,22,05
2026-04-11,Arkansas,9,05
2026-04-18,Arkansas,3,05
2026-04-25,Arkansas,2,05
2024-10-05,California,61,06
2024-10-12,California,61,06
2024-10-19,California,151,06
2024-10-26,California,275,06
2024-11-02,California,112,06
2024-11-09,California,177,06
2024-11-16,California,323,06
2024-11-23,California,526,06
2024-11-30,California,708,06
2024-12-07,California,1127,06
2024-12-14,California,1521,06
2024-12-21,California,2564,06
2024-12-28,California,3866,06
2025-01-04,California,4025,06
2025-01-11,California,3266,06
2025-01-18,California,3668,06
2025-01-25,California,4091,06
2025-02-01,California,4599,06
2025-02-08,California,3676,06
2025-02-15,California,2800,06
2025-02-22,California,2052,06
2025-03-01,California,1466,06
2025-03-08,California,1069,06
2025-03-15,California,997,06
2025-03-22,California,711,06
2025-03-29,California,596,06
2025-04-05,California,454,06
2025-04-12,California,422,06
2025-04-19,California,354,06
2025-04-26,California,255,06
2025-05-03,California,243,06
2025-05-10,California,182,06
2025-05-17,California,173,06
2025-05-24,California,186,06
2025-05-31,California,193,06
2025-06-07,California,149,06
2025-06-14,California,158,06
2025-06-21,California,123.99999999999999,06
2025-06-28,California,98,06
2025-07-05,California,86,06
2025-07-12,California,105,06
2025-07-19,California,73,06
2025-07-26,California,67,06
2025-08-02,California,71,06
2025-08-09,California,66,06
2025-08-16,California,74,06
2025-08-23,California,72,06
2025-08-30,California,90,06
2025-09-06,California,91,06
2025-09-13,California,90,06
2025-09-20,California,83,06
2025-09-27,California,105,06
2025-10-04,California,92,06
2025-10-11,California,96,06
2025-10-18,California,102,06
2025-10-25,California,102,06
2025-11-01,California,139,06
2025-11-08,California,151,06
2025-11-15,California,149,06
2025-11-22,California,148,06
2025-11-29,California,217,06
2025-12-06,California,262,06
2025-12-13,California,426,06
2025-12-20,California,719,06
2025-12-27,California,1247,06
2026-01-03,California,1563,06
2026-01-10,California,1494,06
2026-01-17,California,1396,06
2026-01-24,California,1624,06
2026-01-31,California,1648,06
2026-02-07,California,2074,06
2026-02-14,California,2150,06
2026-02-21,California,1566,06
2026-02-28,California,1314,06
2026-03-07,California,974,06
2026-03-14,California,671,06
2026-03-21,California,698,06
2026-03-28,California,424,06
2026-04-04,California,307,06
2026-04-11,California,256,06
2026-04-18,California,188,06
2026-04-25,California,222,06
2024-10-05,Colorado,7,08
2024-10-12,Colorado,1,08
2024-10-19,Colorado,5,08
2024-10-26,Colorado,29,08
2024-11-02,Colorado,25,08
2024-11-09,Colorado,20,08
2024-11-16,Colorado,29,08
2024-11-23,Colorado,31,08
2024-11-30,Colorado,67,08
2024-12-07,Colorado,90,08
2024-12-14,Colorado,129,08
2024-12-21,Colorado,179,08
2024-12-28,Colorado,475,08
2025-01-04,Colorado,760,08
2025-01-11,Colorado,499,08
2025-01-18,Colorado,441,08
2025-01-25,Colorado,456,08
2025-02-01,Colorado,543,08
2025-02-08,Colorado,622,08
2025-02-15,Colorado,583,08
2025-02-22,Colorado,484,08
2025-03-01,Colorado,381,08
2025-03-08,Colorado,311,08
2025-03-15,Colorado,215,08
2025-03-22,Colorado,162,08
2025-03-29,Colorado,121,08
2025-04-05,Colorado,86,08
2025-04-12,Colorado,62.00000000000001,08
2025-04-19,Colorado,40,08
2025-04-26,Colorado,42,08
2025-05-03,Colorado,30,08
2025-05-10,Colorado,36,08
2025-05-17,Colorado,19,08
2025-05-24,Colorado,15.000000000000002,08
2025-05-31,Colorado,19,08
2025-06-07,Colorado,20,08
2025-06-14,Colorado,17,08
2025-06-21,Colorado,3.9999999999999996,08
2025-06-28,Colorado,4,08
2025-07-05,Colorado,5,08
2025-07-12,Colorado,8,08
2025-07-19,Colorado,4.000000000000001,08
2025-07-26,Colorado,2,08
2025-08-02,Colorado,3,08
2025-08-09,Colorado,5,08
2025-08-16,Colorado,3.0000000000000004,08
2025-08-23,Colorado,0,08
2025-08-30,Colorado,4,08
2025-09-06,Colorado,3,08
2025-09-13,Colorado,1.0000000000000004,08
2025-09-20,Colorado,4,08
2025-09-27,Colorado,9,08
2025-10-04,Colorado,8,08
2025-10-11,Colorado,6,08
2025-10-18,Colorado,7,08
2025-10-25,Colorado,9,08
2025-11-01,Colorado,18,08
2025-11-08,Colorado,28,08
2025-11-15,Colorado,47,08
2025-11-22,Colorado,97,08
2025-11-29,Colorado,149,08
2025-12-06,Colorado,222,08
2025-12-13,Colorado,282,08
2025-12-20,Colorado,517,08
2025-12-27,Colorado,818,08
2026-01-03,Colorado,830,08
2026-01-10,Colorado,475,08
2026-01-17,Colorado,270,08
2026-01-24,Colorado,183,08
2026-01-31,Colorado,149,08
2026-02-07,Colorado,112,08
2026-02-14,Colorado,128,08
2026-02-21,Colorado,119,08
2026-02-28,Colorado,118,08
2026-03-07,Colorado,99,08
2026-03-14,Colorado,110,08
2026-03-21,Colorado,97,08
2026-03-28,Colorado,34.000000000000014,08
2026-04-04,Colorado,34,08
2026-04-11,Colorado,25,08
2026-04-18,Colorado,20,08
2026-04-25,Colorado,41,08
2024-10-05,Connecticut,9,09
2024-10-12,Connecticut,1,09
2024-10-19,Connecticut,11,09
2024-10-26,Connecticut,13,09
2024-11-02,Connecticut,10,09
2024-11-09,Connecticut,4,09
2024-11-16,Connecticut,5,09
2024-11-23,Connecticut,3.9999999999999996,09
2024-11-30,Connecticut,11,09
2024-12-07,Connecticut,13,09
2024-12-14,Connecticut,24,09
2024-12-21,Connecticut,45,09
2024-12-28,Connecticut,148,09
2025-01-04,Connecticut,306,09
2025-01-11,Connecticut,258,09
2025-01-18,Connecticut,251,09
2025-01-25,Connecticut,385,09
2025-02-01,Connecticut,493,09
2025-02-08,Connecticut,538,09
2025-02-15,Connecticut,499,09
2025-02-22,Connecticut,372,09
2025-03-01,Connecticut,278,09
2025-03-08,Connecticut,187,09
2025-03-15,Connecticut,153,09
2025-03-22,Connecticut,118,09
2025-03-29,Connecticut,77,09
2025-04-05,Connecticut,53,09
2025-04-12,Connecticut,40,09
2025-04-19,Connecticut,34,09
2025-04-26,Connecticut,53,09
2025-05-03,Connecticut,25,09
2025-05-10,Connecticut,9,09
2025-05-17,Connecticut,17,09
2025-05-24,Connecticut,14,09
2025-05-31,Connecticut,16,09
2025-06-07,Connecticut,8.000000000000002,09
2025-06-14,Connecticut,4,09
2025-06-21,Connecticut,4,09
2025-06-28,Connecticut,1,09
2025-07-05,Connecticut,2,09
2025-07-12,Connecticut,5,09
2025-07-19,Connecticut,4,09
2025-07-26,Connecticut,4,09
2025-08-02,Connecticut,5,09
2025-08-09,Connecticut,9,09
2025-08-16,Connecticut,7,09
2025-08-23,Connecticut,4,09
2025-08-30,Connecticut,5.999999999999999,09
2025-09-06,Connecticut,6,09
2025-09-13,Connecticut,10,09
2025-09-20,Connecticut,8,09
2025-09-27,Connecticut,7,09
2025-10-04,Connecticut,8,09
2025-10-11,Connecticut,2.0000000000000004,09
2025-10-18,Connecticut,3,09
2025-10-25,Connecticut,10,09
2025-11-01,Connecticut,8,09
2025-11-08,Connecticut,15.999999999999998,09
2025-11-15,Connecticut,11,09
2025-11-22,Connecticut,30,09
2025-11-29,Connecticut,74,09
2025-12-06,Connecticut,125,09
2025-12-13,Connecticut,206,09
2025-12-20,Connecticut,447,09
2025-12-27,Connecticut,652,09
2026-01-03,Connecticut,778,09
2026-01-10,Connecticut,478,09
2026-01-17,Connecticut,240,09
2026-01-24,Connecticut,117,09
2026-01-31,Connecticut,83,09
2026-02-07,Connecticut,55,09
2026-02-14,Connecticut,32,09
2026-02-21,Connecticut,33,09
2026-02-28,Connecticut,39,09
2026-03-07,Connecticut,36,09
2026-03-14,Connecticut,36,09
2026-03-21,Connecticut,32,09
2026-03-28,Connecticut,41,09
2026-04-04,Connecticut,34,09
2026-04-11,Connecticut,29,09
2026-04-18,Connecticut,34,09
2026-04-25,Connecticut,18,09
2024-10-05,Delaware,1,10
2024-10-12,Delaware,1,10
2024-10-19,Delaware,1,10
2024-10-26,Delaware,1,10
2024-11-02,Delaware,0,10
2024-11-09,Delaware,1,10
2024-11-16,Delaware,4,10
2024-11-23,Delaware,6.999999999999999,10
2024-11-30,Delaware,5,10
2024-12-07,Delaware,15.000000000000002,10
2024-12-14,Delaware,15,10
2024-12-21,Delaware,43,10
2024-12-28,Delaware,96,10
2025-01-04,Delaware,185,10
2025-01-11,Delaware,108,10
2025-01-18,Delaware,94,10
2025-01-25,Delaware,117,10
2025-02-01,Delaware,198,10
2025-02-08,Delaware,231,10
2025-02-15,Delaware,230,10
2025-02-22,Delaware,164,10
2025-03-01,Delaware,125,10
2025-03-08,Delaware,81,10
2025-03-15,Delaware,64,10
2025-03-22,Delaware,48,10
2025-03-29,Delaware,34,10
2025-04-05,Delaware,24,10
2025-04-12,Delaware,14,10
2025-04-19,Delaware,10,10
2025-04-26,Delaware,4.000000000000001,10
2025-05-03,Delaware,10,10
2025-05-10,Delaware,5,10
2025-05-17,Delaware,0,10
2025-05-24,Delaware,1,10
2025-05-31,Delaware,0,10
2025-06-07,Delaware,4.85722573273506e-17,10
2025-06-14,Delaware,5,10
2025-06-21,Delaware,3,10
2025-06-28,Delaware,1,10
2025-07-05,Delaware,3,10
2025-07-12,Delaware,2,10
2025-07-19,Delaware,1,10
2025-07-26,Delaware,0,10
2025-08-02,Delaware,1.0928757898653885e-16,10
2025-08-09,Delaware,0,10
2025-08-16,Delaware,0,10
2025-08-23,Delaware,0,10
2025-08-30,Delaware,2,10
2025-09-06,Delaware,0,10
2025-09-13,Delaware,0,10
2025-09-20,Delaware,2,10
2025-09-27,Delaware,1.1102230246251565e-16,10
2025-10-04,Delaware,1,10
2025-10-11,Delaware,7,10
2025-10-18,Delaware,1,10
2025-10-25,Delaware,0,10
2025-11-01,Delaware,3,10
2025-11-08,Delaware,3.9999999999999996,10
2025-11-15,Delaware,7,10
2025-11-22,Delaware,13,10
2025-11-29,Delaware,13,10
2025-12-06,Delaware,17,10
2025-12-13,Delaware,39,10
2025-12-20,Delaware,99,10
2025-12-27,Delaware,211,10
2026-01-03,Delaware,209,10
2026-01-10,Delaware,174,10
2026-01-17,Delaware,134,10
2026-01-24,Delaware,101,10
2026-01-31,Delaware,74,10
2026-02-07,Delaware,51,10
2026-02-14,Delaware,48,10
2026-02-21,Delaware,49,10
2026-02-28,Delaware,40,10
2026-03-07,Delaware,31,10
2026-03-14,Delaware,38,10
2026-03-21,Delaware,24,10
2026-03-28,Delaware,3.9999999999999996,10
2026-04-04,Delaware,7,10
2026-04-11,Delaware,6.000000000000001,10
2026-04-18,Delaware,2,10
2026-04-25,Delaware,4,10
2024-10-05,District of Columbia,1,11
2024-10-12,District of Columbia,1,11
2024-10-19,District of Columbia,1,11
2024-10-26,District of Columbia,1,11
2024-11-02,District of Columbia,1,11
2024-11-09,District of Columbia,2,11
2024-11-16,District of Columbia,1,11
2024-11-23,District of Columbia,8,11
2024-11-30,District of Columbia,5,11
2024-12-07,District of Columbia,1.9999999999999998,11
2024-12-14,District of Columbia,4,11
2024-12-21,District of Columbia,16,11
2024-12-28,District of Columbia,38,11
2025-01-04,District of Columbia,96.00000000000001,11
2025-01-11,District of Columbia,44,11
2025-01-18,District of Columbia,58,11
2025-01-25,District of Columbia,207,11
2025-02-01,District of Columbia,196.99999999999994,11
2025-02-08,District of Columbia,259,11
2025-02-15,District of Columbia,82.99999999999997,11
2025-02-22,District of Columbia,102,11
2025-03-01,District of Columbia,120,11
2025-03-08,District of Columbia,103,11
2025-03-15,District of Columbia,81,11
2025-03-22,District of Columbia,67,11
2025-03-29,District of Columbia,69,11
2025-04-05,District of Columbia,28,11
2025-04-12,District of Columbia,8,11
2025-04-19,District of Columbia,7,11
2025-04-26,District of Columbia,7,11
2025-05-03,District of Columbia,4,11
2025-05-10,District of Columbia,6.000000000000001,11
2025-05-17,District of Columbia,2,11
2025-05-24,District of Columbia,2.0000000000000004,11
2025-05-31,District of Columbia,5,11
2025-06-07,District of Columbia,3.9999999999999996,11
2025-06-14,District of Columbia,2,11
2025-06-21,District of Columbia,1.0000000000000002,11
2025-06-28,District of Columbia,2,11
2025-07-05,District of Columbia,1.1102230246251565e-16,11
2025-07-12,District of Columbia,0,11
2025-07-19,District of Columbia,2,11
2025-07-26,District of Columbia,0,11
2025-08-02,District of Columbia,1.942890293094024e-16,11
2025-08-09,District of Columbia,2,11
2025-08-16,District of Columbia,0.9999999999999997,11
2025-08-23,District of Columbia,0,11
2025-08-30,District of Columbia,0.9999999999999996,11
2025-09-06,District of Columbia,0,11
2025-09-13,District of Columbia,0,11
2025-09-20,District of Columbia,0,11
2025-09-27,District of Columbia,1,11
2025-10-04,District of Columbia,6,11
2025-10-11,District of Columbia,2.9999999999999996,11
2025-10-18,District of Columbia,2,11
2025-10-25,District of Columbia,2.9999999999999996,11
2025-11-01,District of Columbia,0,11
2025-11-08,District of Columbia,0,11
2025-11-15,District of Columbia,7,11
2025-11-22,District of Columbia,14,11
2025-11-29,District of Columbia,14,11
2025-12-06,District of Columbia,25.999999999999996,11
2025-12-13,District of Columbia,33,11
2025-12-20,District of Columbia,47,11
2025-12-27,District of Columbia,98,11
2026-01-03,District of Columbia,106,11
2026-01-10,District of Columbia,83,11
2026-01-17,District of Columbia,50,11
2026-01-24,District of Columbia,33,11
2026-01-31,District of Columbia,14.999999999999998,11
2026-02-07,District of Columbia,10,11
2026-02-14,District of Columbia,9,11
2026-02-21,District of Columbia,7,11
2026-02-28,District of Columbia,5,11
2026-03-07,District of Columbia,12,11
2026-03-14,District of Columbia,8,11
2026-03-21,District of Columbia,1,11
2026-03-28,District of Columbia,5.551115123125783e-17,11
2026-04-04,District of Columbia,1,11
2026-04-11,District of Columbia,0.9999999999999999,11
2026-04-18,District of Columbia,5,11
2026-04-25,District of Columbia,1.0000000000000018,11
2024-10-05,Florida,107,12
2024-10-12,Florida,35,12
2024-10-19,Florida,269,12
2024-10-26,Florida,229,12
2024-11-02,Florida,114,12
2024-11-09,Florida,365,12
2024-11-16,Florida,386,12
2024-11-23,Florida,443,12
2024-11-30,Florida,612,12
2024-12-07,Florida,714,12
2024-12-14,Florida,891,12
2024-12-21,Florida,1261,12
2024-12-28,Florida,2077,12
2025-01-04,Florida,2871,12
2025-01-11,Florida,2454,12
2025-01-18,Florida,2708,12
2025-01-25,Florida,3241,12
2025-02-01,Florida,3787,12
2025-02-08,Florida,3349,12
2025-02-15,Florida,2614,12
2025-02-22,Florida,2076,12
2025-03-01,Florida,1630,12
2025-03-08,Florida,1322,12
2025-03-15,Florida,1107,12
2025-03-22,Florida,920,12
2025-03-29,Florida,724,12
2025-04-05,Florida,591,12
2025-04-12,Florida,409,12
2025-04-19,Florida,343,12
2025-04-26,Florida,268,12
2025-05-03,Florida,241,12
2025-05-10,Florida,239,12
2025-05-17,Florida,219,12
2025-05-24,Florida,215,12
2025-05-31,Florida,232,12
2025-06-07,Florida,212,12
2025-06-14,Florida,227,12
2025-06-21,Florida,217,12
2025-06-28,Florida,193,12
2025-07-05,Florida,181,12
2025-07-12,Florida,177,12
2025-07-19,Florida,170,12
2025-07-26,Florida,173,12
2025-08-02,Florida,151,12
2025-08-09,Florida,132,12
2025-08-16,Florida,139,12
2025-08-23,Florida,124,12
2025-08-30,Florida,187,12
2025-09-06,Florida,185,12
2025-09-13,Florida,145,12
2025-09-20,Florida,150,12
2025-09-27,Florida,181,12
2025-10-04,Florida,142,12
2025-10-11,Florida,171,12
2025-10-18,Florida,196,12
2025-10-25,Florida,221,12
2025-11-01,Florida,236,12
2025-11-08,Florida,301,12
2025-11-15,Florida,388,12
2025-11-22,Florida,619,12
2025-11-29,Florida,729,12
2025-12-06,Florida,881,12
2025-12-13,Florida,912,12
2025-12-20,Florida,1536,12
2025-12-27,Florida,2185,12
2026-01-03,Florida,2604,12
2026-01-10,Florida,2469,12
2026-01-17,Florida,1788,12
2026-01-24,Florida,1533,12
2026-01-31,Florida,1571,12
2026-02-07,Florida,1922,12
2026-02-14,Florida,2476,12
2026-02-21,Florida,2018,12
2026-02-28,Florida,1296,12
2026-03-07,Florida,1034,12
2026-03-14,Florida,732,12
2026-03-21,Florida,490,12
2026-03-28,Florida,330,12
2026-04-04,Florida,197,12
2026-04-11,Florida,152,12
2026-04-18,Florida,165,12
2026-04-25,Florida,173,12
2024-10-05,Georgia,3,13
2024-10-12,Georgia,1,13
2024-10-19,Georgia,11,13
2024-10-26,Georgia,17,13
2024-11-02,Georgia,14,13
2024-11-09,Georgia,42,13
2024-11-16,Georgia,44,13
2024-11-23,Georgia,48,13
2024-11-30,Georgia,56,13
2024-12-07,Georgia,88,13
2024-12-14,Georgia,215,13
2024-12-21,Georgia,397,13
2024-12-28,Georgia,800,13
2025-01-04,Georgia,1144,13
2025-01-11,Georgia,823,13
2025-01-18,Georgia,992,13
2025-01-25,Georgia,1195,13
2025-02-01,Georgia,1373,13
2025-02-08,Georgia,1301,13
2025-02-15,Georgia,744,13
2025-02-22,Georgia,461,13
2025-03-01,Georgia,437,13
2025-03-08,Georgia,396,13
2025-03-15,Georgia,365,13
2025-03-22,Georgia,235,13
2025-03-29,Georgia,190,13
2025-04-05,Georgia,162,13
2025-04-12,Georgia,84,13
2025-04-19,Georgia,64,13
2025-04-26,Georgia,44,13
2025-05-03,Georgia,44,13
2025-05-10,Georgia,44,13
2025-05-17,Georgia,34,13
2025-05-24,Georgia,21,13
2025-05-31,Georgia,26,13
2025-06-07,Georgia,28,13
2025-06-14,Georgia,31,13
2025-06-21,Georgia,18,13
2025-06-28,Georgia,24,13
2025-07-05,Georgia,8.999999999999996,13
2025-07-12,Georgia,17,13
2025-07-19,Georgia,21,13
2025-07-26,Georgia,14,13
2025-08-02,Georgia,21.999999999999996,13
2025-08-09,Georgia,11,13
2025-08-16,Georgia,18.999999999999996,13
2025-08-23,Georgia,19,13
2025-08-30,Georgia,19,13
2025-09-06,Georgia,13,13
2025-09-13,Georgia,17,13
2025-09-20,Georgia,20,13
2025-09-27,Georgia,22,13
2025-10-04,Georgia,27,13
2025-10-11,Georgia,15,13
2025-10-18,Georgia,25,13
2025-10-25,Georgia,32,13
2025-11-01,Georgia,31,13
2025-11-08,Georgia,47,13
2025-11-15,Georgia,62,13
2025-11-22,Georgia,106,13
2025-11-29,Georgia,166,13
2025-12-06,Georgia,182,13
2025-12-13,Georgia,330,13
2025-12-20,Georgia,674,13
2025-12-27,Georgia,1399,13
2026-01-03,Georgia,1316,13
2026-01-10,Georgia,705,13
2026-01-17,Georgia,349.00000000000006,13
2026-01-24,Georgia,341,13
2026-01-31,Georgia,338,13
2026-02-07,Georgia,363,13
2026-02-14,Georgia,440,13
2026-02-21,Georgia,374,13
2026-02-28,Georgia,245.00000000000003,13
2026-03-07,Georgia,225,13
2026-03-14,Georgia,150,13
2026-03-21,Georgia,99,13
2026-03-28,Georgia,55,13
2026-04-04,Georgia,73,13
2026-04-11,Georgia,41.999999999999986,13
2026-04-18,Georgia,38,13
2026-04-25,Georgia,27,13
2024-10-05,Hawaii,1,15
2024-10-12,Hawaii,3,15
2024-10-19,Hawaii,3,15
2024-10-26,Hawaii,5,15
2024-11-02,Hawaii,3,15
2024-11-09,Hawaii,7,15
2024-11-16,Hawaii,15,15
2024-11-23,Hawaii,8,15
2024-11-30,Hawaii,14,15
2024-12-07,Hawaii,20,15
2024-12-14,Hawaii,34,15
2024-12-21,Hawaii,42,15
2024-12-28,Hawaii,57,15
2025-01-04,Hawaii,125,15
2025-01-11,Hawaii,113,15
2025-01-18,Hawaii,91,15
2025-01-25,Hawaii,88,15
2025-02-01,Hawaii,70,15
2025-02-08,Hawaii,83,15
2025-02-15,Hawaii,79,15
2025-02-22,Hawaii,86,15
2025-03-01,Hawaii,67,15
2025-03-08,Hawaii,63,15
2025-03-15,Hawaii,56,15
2025-03-22,Hawaii,42,15
2025-03-29,Hawaii,31,15
2025-04-05,Hawaii,39,15
2025-04-12,Hawaii,24,15
2025-04-19,Hawaii,24,15
2025-04-26,Hawaii,24,15
2025-05-03,Hawaii,34,15
2025-05-10,Hawaii,30,15
2025-05-17,Hawaii,25,15
2025-05-24,Hawaii,18,15
2025-05-31,Hawaii,19,15
2025-06-07,Hawaii,9.999999999999998,15
2025-06-14,Hawaii,14,15
2025-06-21,Hawaii,4.999999999999999,15
2025-06-28,Hawaii,8,15
2025-07-05,Hawaii,9,15
2025-07-12,Hawaii,4,15
2025-07-19,Hawaii,3,15
2025-07-26,Hawaii,6,15
2025-08-02,Hawaii,4,15
2025-08-09,Hawaii,6,15
2025-08-16,Hawaii,4,15
2025-08-23,Hawaii,0,15
2025-08-30,Hawaii,4,15
2025-09-06,Hawaii,4,15
2025-09-13,Hawaii,6,15
2025-09-20,Hawaii,1,15
2025-09-27,Hawaii,3.000000000000001,15
2025-10-04,Hawaii,1,15
2025-10-11,Hawaii,3.9999999999999996,15
2025-10-18,Hawaii,5,15
2025-10-25,Hawaii,10,15
2025-11-01,Hawaii,7,15
2025-11-08,Hawaii,5,15
2025-11-15,Hawaii,16,15
2025-11-22,Hawaii,42,15
2025-11-29,Hawaii,29,15
2025-12-06,Hawaii,40,15
2025-12-13,Hawaii,71,15
2025-12-20,Hawaii,83,15
2025-12-27,Hawaii,88,15
2026-01-03,Hawaii,110,15
2026-01-10,Hawaii,83,15
2026-01-17,Hawaii,50,15
2026-01-24,Hawaii,45,15
2026-01-31,Hawaii,25.999999999999996,15
2026-02-07,Hawaii,32,15
2026-02-14,Hawaii,23,15
2026-02-21,Hawaii,20,15
2026-02-28,Hawaii,9.000000000000004,15
2026-03-07,Hawaii,18,15
2026-03-14,Hawaii,19,15
2026-03-21,Hawaii,24,15
2026-03-28,Hawaii,2.999999999999997,15
2026-04-04,Hawaii,2,15
2026-04-11,Hawaii,4,15
2026-04-18,Hawaii,4,15
2026-04-25,Hawaii,16,15
2024-10-05,Idaho,1,16
2024-10-12,Idaho,7,16
2024-10-19,Idaho,13,16
2024-10-26,Idaho,3,16
2024-11-02,Idaho,6,16
2024-11-09,Idaho,8,16
2024-11-16,Idaho,12,16
2024-11-23,Idaho,32,16
2024-11-30,Idaho,63,16
2024-12-07,Idaho,78,16
2024-12-14,Idaho,110,16
2024-12-21,Idaho,188,16
2024-12-28,Idaho,333,16
2025-01-04,Idaho,252.00000000000003,16
2025-01-11,Idaho,136,16
2025-01-18,Idaho,125,16
2025-01-25,Idaho,105,16
2025-02-01,Idaho,162,16
2025-02-08,Idaho,175,16
2025-02-15,Idaho,152,16
2025-02-22,Idaho,152,16
2025-03-01,Idaho,124,16
2025-03-08,Idaho,95,16
2025-03-15,Idaho,99,16
2025-03-22,Idaho,83,16
2025-03-29,Idaho,50,16
2025-04-05,Idaho,27,16
2025-04-12,Idaho,27,16
2025-04-19,Idaho,13,16
2025-04-26,Idaho,21,16
2025-05-03,Idaho,16,16
2025-05-10,Idaho,11,16
2025-05-17,Idaho,11,16
2025-05-24,Idaho,11,16
2025-05-31,Idaho,5,16
2025-06-07,Idaho,7,16
2025-06-14,Idaho,9,16
2025-06-21,Idaho,7,16
2025-06-28,Idaho,1,16
2025-07-05,Idaho,4.999999999999999,16
2025-07-12,Idaho,4,16
2025-07-19,Idaho,2,16
2025-07-26,Idaho,2,16
2025-08-02,Idaho,2,16
2025-08-09,Idaho,2,16
2025-08-16,Idaho,1,16
2025-08-23,Idaho,1,16
2025-08-30,Idaho,3,16
2025-09-06,Idaho,0,16
2025-09-13,Idaho,3,16
2025-09-20,Idaho,1,16
2025-09-27,Idaho,0,16
2025-10-04,Idaho,2,16
2025-10-11,Idaho,1,16
2025-10-18,Idaho,4,16
2025-10-25,Idaho,4,16
2025-11-01,Idaho,8,16
2025-11-08,Idaho,20,16
2025-11-15,Idaho,11,16
2025-11-22,Idaho,26.999999999999996,16
2025-11-29,Idaho,29,16
2025-12-06,Idaho,44.99999999999999,16
2025-12-13,Idaho,35,16
2025-12-20,Idaho,101.99999999999999,16
2025-12-27,Idaho,152,16
2026-01-03,Idaho,235,16
2026-01-10,Idaho,157,16
2026-01-17,Idaho,120,16
2026-01-24,Idaho,97,16
2026-01-31,Idaho,101,16
2026-02-07,Idaho,107,16
2026-02-14,Idaho,115,16
2026-02-21,Idaho,119,16
2026-02-28,Idaho,106,16
2026-03-07,Idaho,68,16
2026-03-14,Idaho,75.00000000000001,16
2026-03-21,Idaho,50,16
2026-03-28,Idaho,43,16
2026-04-04,Idaho,26,16
2026-04-11,Idaho,15,16
2026-04-18,Idaho,7,16
2026-04-25,Idaho,6.000000000000001,16
2024-10-05,Illinois,5,17
2024-10-12,Illinois,3,17
2024-10-19,Illinois,11,17
2024-10-26,Illinois,25,17
2024-11-02,Illinois,27,17
2024-11-09,Illinois,36,17
2024-11-16,Illinois,34,17
2024-11-23,Illinois,86,17
2024-11-30,Illinois,83,17
2024-12-07,Illinois,107,17
2024-12-14,Illinois,242,17
2024-12-21,Illinois,489.00000000000006,17
2024-12-28,Illinois,1143,17
2025-01-04,Illinois,1595,17
2025-01-11,Illinois,1410,17
2025-01-18,Illinois,1383,17
2025-01-25,Illinois,1728,17
2025-02-01,Illinois,2146,17
2025-02-08,Illinois,2369,17
2025-02-15,Illinois,2064,17
2025-02-22,Illinois,1706,17
2025-03-01,Illinois,1311,17
2025-03-08,Illinois,960,17
2025-03-15,Illinois,718,17
2025-03-22,Illinois,509,17
2025-03-29,Illinois,355,17
2025-04-05,Illinois,297,17
2025-04-12,Illinois,156,17
2025-04-19,Illinois,156,17
2025-04-26,Illinois,124,17
2025-05-03,Illinois,81,17
2025-05-10,Illinois,58,17
2025-05-17,Illinois,52,17
2025-05-24,Illinois,74,17
2025-05-31,Illinois,56,17
2025-06-07,Illinois,28.000000000000004,17
2025-06-14,Illinois,24,17
2025-06-21,Illinois,23,17
2025-06-28,Illinois,33,17
2025-07-05,Illinois,42,17
2025-07-12,Illinois,30,17
2025-07-19,Illinois,11,17
2025-07-26,Illinois,7,17
2025-08-02,Illinois,14,17
2025-08-09,Illinois,11,17
2025-08-16,Illinois,16,17
2025-08-23,Illinois,11,17
2025-08-30,Illinois,7,17
2025-09-06,Illinois,5,17
2025-09-13,Illinois,11.999999999999998,17
2025-09-20,Illinois,9,17
2025-09-27,Illinois,7.000000000000001,17
2025-10-04,Illinois,14,17
2025-10-11,Illinois,15,17
2025-10-18,Illinois,27,17
2025-10-25,Illinois,21,17
2025-11-01,Illinois,38,17
2025-11-08,Illinois,29,17
2025-11-15,Illinois,47,17
2025-11-22,Illinois,87,17
2025-11-29,Illinois,132,17
2025-12-06,Illinois,200,17
2025-12-13,Illinois,264,17
2025-12-20,Illinois,611,17
2025-12-27,Illinois,1491,17
2026-01-03,Illinois,1741.0000000000002,17
2026-01-10,Illinois,1193,17
2026-01-17,Illinois,751,17
2026-01-24,Illinois,642,17
2026-01-31,Illinois,549,17
2026-02-07,Illinois,530,17
2026-02-14,Illinois,555,17
2026-02-21,Illinois,577,17
2026-02-28,Illinois,354,17
2026-03-07,Illinois,381,17
2026-03-14,Illinois,239,17
2026-03-21,Illinois,183,17
2026-03-28,Illinois,64,17
2026-04-04,Illinois,79,17
2026-04-11,Illinois,44.00000000000001,17
2026-04-18,Illinois,42,17
2026-04-25,Illinois,76,17
2024-10-05,Indiana,9,18
2024-10-12,Indiana,7,18
2024-10-19,Indiana,7,18
2024-10-26,Indiana,7,18
2024-11-02,Indiana,14,18
2024-11-09,Indiana,28,18
2024-11-16,Indiana,26,18
2024-11-23,Indiana,32,18
2024-11-30,Indiana,41,18
2024-12-07,Indiana,65,18
2024-12-14,Indiana,142,18
2024-12-21,Indiana,288,18
2024-12-28,Indiana,590,18
2025-01-04,Indiana,829,18
2025-01-11,Indiana,523,18
2025-01-18,Indiana,542,18
2025-01-25,Indiana,788,18
2025-02-01,Indiana,1295,18
2025-02-08,Indiana,1711,18
2025-02-15,Indiana,1717,18
2025-02-22,Indiana,1649,18
2025-03-01,Indiana,1210,18
2025-03-08,Indiana,900,18
2025-03-15,Indiana,599,18
2025-03-22,Indiana,392,18
2025-03-29,Indiana,237,18
2025-04-05,Indiana,126,18
2025-04-12,Indiana,87.00000000000001,18
2025-04-19,Indiana,52,18
2025-04-26,Indiana,43,18
2025-05-03,Indiana,34,18
2025-05-10,Indiana,27,18
2025-05-17,Indiana,25,18
2025-05-24,Indiana,18,18
2025-05-31,Indiana,20,18
2025-06-07,Indiana,15,18
2025-06-14,Indiana,5,18
2025-06-21,Indiana,11.000000000000002,18
2025-06-28,Indiana,15,18
2025-07-05,Indiana,10,18
2025-07-12,Indiana,4,18
2025-07-19,Indiana,7,18
2025-07-26,Indiana,6,18
2025-08-02,Indiana,7,18
2025-08-09,Indiana,12,18
2025-08-16,Indiana,8,18
2025-08-23,Indiana,9,18
2025-08-30,Indiana,10,18
2025-09-06,Indiana,13,18
2025-09-13,Indiana,10.999999999999998,18
2025-09-20,Indiana,13,18
2025-09-27,Indiana,7,18
2025-10-04,Indiana,18,18
2025-10-11,Indiana,12.000000000000002,18
2025-10-18,Indiana,17,18
2025-10-25,Indiana,17,18
2025-11-01,Indiana,19,18
2025-11-08,Indiana,22,18
2025-11-15,Indiana,41,18
2025-11-22,Indiana,60,18
2025-11-29,Indiana,86,18
2025-12-06,Indiana,118,18
2025-12-13,Indiana,163,18
2025-12-20,Indiana,351,18
2025-12-27,Indiana,699,18
2026-01-03,Indiana,906,18
2026-01-10,Indiana,642,18
2026-01-17,Indiana,383,18
2026-01-24,Indiana,316,18
2026-01-31,Indiana,335,18
2026-02-07,Indiana,350,18
2026-02-14,Indiana,277,18
2026-02-21,Indiana,359,18
2026-02-28,Indiana,292,18
2026-03-07,Indiana,288,18
2026-03-14,Indiana,246,18
2026-03-21,Indiana,185,18
2026-03-28,Indiana,58,18
2026-04-04,Indiana,51,18
2026-04-11,Indiana,31.000000000000004,18
2026-04-18,Indiana,37,18
2026-04-25,Indiana,19,18
2024-10-05,Iowa,3,19
2024-10-12,Iowa,1,19
2024-10-19,Iowa,3,19
2024-10-26,Iowa,9,19
2024-11-02,Iowa,5,19
2024-11-09,Iowa,4,19
2024-11-16,Iowa,5,19
2024-11-23,Iowa,5,19
2024-11-30,Iowa,4,19
2024-12-07,Iowa,13,19
2024-12-14,Iowa,23,19
2024-12-21,Iowa,42,19
2024-12-28,Iowa,118,19
2025-01-04,Iowa,190,19
2025-01-11,Iowa,266,19
2025-01-18,Iowa,246,19
2025-01-25,Iowa,304,19
2025-02-01,Iowa,457,19
2025-02-08,Iowa,607,19
2025-02-15,Iowa,516,19
2025-02-22,Iowa,404,19
2025-03-01,Iowa,355,19
2025-03-08,Iowa,271,19
2025-03-15,Iowa,187,19
2025-03-22,Iowa,99,19
2025-03-29,Iowa,55,19
2025-04-05,Iowa,43,19
2025-04-12,Iowa,24,19
2025-04-19,Iowa,11,19
2025-04-26,Iowa,14,19
2025-05-03,Iowa,4,19
2025-05-10,Iowa,3.9999999999999996,19
2025-05-17,Iowa,1,19
2025-05-24,Iowa,4.999999999999999,19
2025-05-31,Iowa,4,19
2025-06-07,Iowa,6,19
2025-06-14,Iowa,1,19
2025-06-21,Iowa,3,19
2025-06-28,Iowa,2,19
2025-07-05,Iowa,2.0000000000000004,19
2025-07-12,Iowa,0,19
2025-07-19,Iowa,3.000000000000001,19
2025-07-26,Iowa,0,19
2025-08-02,Iowa,1.9999999999999991,19
2025-08-09,Iowa,1,19
2025-08-16,Iowa,1.9999999999999996,19
2025-08-23,Iowa,3,19
2025-08-30,Iowa,0.9999999999999998,19
2025-09-06,Iowa,2,19
2025-09-13,Iowa,1.1102230246251565e-16,19
2025-09-20,Iowa,3,19
2025-09-27,Iowa,5.999999999999999,19
2025-10-04,Iowa,1,19
2025-10-11,Iowa,3.9999999999999987,19
2025-10-18,Iowa,1,19
2025-10-25,Iowa,1,19
2025-11-01,Iowa,3,19
2025-11-08,Iowa,9,19
2025-11-15,Iowa,8,19
2025-11-22,Iowa,5.000000000000002,19
2025-11-29,Iowa,19,19
2025-12-06,Iowa,22,19
2025-12-13,Iowa,30,19
2025-12-20,Iowa,90.00000000000001,19
2025-12-27,Iowa,263,19
2026-01-03,Iowa,382,19
2026-01-10,Iowa,280,19
2026-01-17,Iowa,261,19
2026-01-24,Iowa,241,19
2026-01-31,Iowa,223,19
2026-02-07,Iowa,231,19
2026-02-14,Iowa,222,19
2026-02-21,Iowa,199,19
2026-02-28,Iowa,119,19
2026-03-07,Iowa,77,19
2026-03-14,Iowa,112,19
2026-03-21,Iowa,68,19
2026-03-28,Iowa,27.999999999999993,19
2026-04-04,Iowa,20,19
2026-04-11,Iowa,17,19
2026-04-18,Iowa,16,19
2026-04-25,Iowa,16,19
2024-10-05,Kansas,1,20
2024-10-12,Kansas,1,20
2024-10-19,Kansas,3,20
2024-10-26,Kansas,7,20
2024-11-02,Kansas,10,20
2024-11-09,Kansas,7,20
2024-11-16,Kansas,11,20
2024-11-23,Kansas,17,20
2024-11-30,Kansas,20,20
2024-12-07,Kansas,36,20
2024-12-14,Kansas,90,20
2024-12-21,Kansas,120,20
2024-12-28,Kansas,225,20
2025-01-04,Kansas,353,20
2025-01-11,Kansas,236,20
2025-01-18,Kansas,200,20
2025-01-25,Kansas,216,20
2025-02-01,Kansas,390,20
2025-02-08,Kansas,483,20
2025-02-15,Kansas,519,20
2025-02-22,Kansas,413,20
2025-03-01,Kansas,308,20
2025-03-08,Kansas,251,20
2025-03-15,Kansas,164,20
2025-03-22,Kansas,120,20
2025-03-29,Kansas,68,20
2025-04-05,Kansas,40,20
2025-04-12,Kansas,29,20
2025-04-19,Kansas,29,20
2025-04-26,Kansas,8.999999999999996,20
2025-05-03,Kansas,6,20
2025-05-10,Kansas,4,20
2025-05-17,Kansas,8,20
2025-05-24,Kansas,11,20
2025-05-31,Kansas,9,20
2025-06-07,Kansas,2,20
2025-06-14,Kansas,1,20
2025-06-21,Kansas,5,20
2025-06-28,Kansas,6,20
2025-07-05,Kansas,3,20
2025-07-12,Kansas,2,20
2025-07-19,Kansas,3,20
2025-07-26,Kansas,3,20
2025-08-02,Kansas,3,20
2025-08-09,Kansas,1,20
2025-08-16,Kansas,5.551115123125783e-17,20
2025-08-23,Kansas,1,20
2025-08-30,Kansas,1,20
2025-09-06,Kansas,3,20
2025-09-13,Kansas,5,20
2025-09-20,Kansas,6,20
2025-09-27,Kansas,7,20
2025-10-04,Kansas,10,20
2025-10-11,Kansas,13,20
2025-10-18,Kansas,9,20
2025-10-25,Kansas,15.999999999999998,20
2025-11-01,Kansas,11,20
2025-11-08,Kansas,5.999999999999999,20
2025-11-15,Kansas,10,20
2025-11-22,Kansas,7.999999999999998,20
2025-11-29,Kansas,13,20
2025-12-06,Kansas,22,20
2025-12-13,Kansas,30,20
2025-12-20,Kansas,101,20
2025-12-27,Kansas,267,20
2026-01-03,Kansas,352,20
2026-01-10,Kansas,268,20
2026-01-17,Kansas,189,20
2026-01-24,Kansas,213,20
2026-01-31,Kansas,214,20
2026-02-07,Kansas,214,20
2026-02-14,Kansas,211,20
2026-02-21,Kansas,188,20
2026-02-28,Kansas,128,20
2026-03-07,Kansas,100,20
2026-03-14,Kansas,59,20
2026-03-21,Kansas,42,20
2026-03-28,Kansas,12.999999999999996,20
2026-04-04,Kansas,14,20
2026-04-11,Kansas,11,20
2026-04-18,Kansas,7,20
2026-04-25,Kansas,7.999999999999999,20
2024-10-05,Kentucky,1,21
2024-10-12,Kentucky,1,21
2024-10-19,Kentucky,5,21
2024-10-26,Kentucky,9,21
2024-11-02,Kentucky,7,21
2024-11-09,Kentucky,16,21
2024-11-16,Kentucky,18,21
2024-11-23,Kentucky,20,21
2024-11-30,Kentucky,24,21
2024-12-07,Kentucky,53,21
2024-12-14,Kentucky,79,21
2024-12-21,Kentucky,200,21
2024-12-28,Kentucky,515,21
2025-01-04,Kentucky,678,21
2025-01-11,Kentucky,463,21
2025-01-18,Kentucky,397,21
2025-01-25,Kentucky,439,21
2025-02-01,Kentucky,741,21
2025-02-08,Kentucky,1196,21
2025-02-15,Kentucky,1203,21
2025-02-22,Kentucky,896,21
2025-03-01,Kentucky,774.0000000000001,21
2025-03-08,Kentucky,633,21
2025-03-15,Kentucky,494,21
2025-03-22,Kentucky,372,21
2025-03-29,Kentucky,267,21
2025-04-05,Kentucky,175,21
2025-04-12,Kentucky,88,21
2025-04-19,Kentucky,49,21
2025-04-26,Kentucky,39,21
2025-05-03,Kentucky,21,21
2025-05-10,Kentucky,19,21
2025-05-17,Kentucky,15,21
2025-05-24,Kentucky,18,21
2025-05-31,Kentucky,21,21
2025-06-07,Kentucky,20,21
2025-06-14,Kentucky,19,21
2025-06-21,Kentucky,13,21
2025-06-28,Kentucky,12,21
2025-07-05,Kentucky,11,21
2025-07-12,Kentucky,8,21
2025-07-19,Kentucky,9,21
2025-07-26,Kentucky,16,21
2025-08-02,Kentucky,4.999999999999998,21
2025-08-09,Kentucky,2,21
2025-08-16,Kentucky,5.999999999999999,21
2025-08-23,Kentucky,4,21
2025-08-30,Kentucky,6.999999999999999,21
2025-09-06,Kentucky,8,21
2025-09-13,Kentucky,19,21
2025-09-20,Kentucky,14,21
2025-09-27,Kentucky,17,21
2025-10-04,Kentucky,15,21
2025-10-11,Kentucky,23,21
2025-10-18,Kentucky,19,21
2025-10-25,Kentucky,14,21
2025-11-01,Kentucky,13,21
2025-11-08,Kentucky,22,21
2025-11-15,Kentucky,25,21
2025-11-22,Kentucky,28,21
2025-11-29,Kentucky,49,21
2025-12-06,Kentucky,67,21
2025-12-13,Kentucky,104,21
2025-12-20,Kentucky,231,21
2025-12-27,Kentucky,547,21
2026-01-03,Kentucky,631,21
2026-01-10,Kentucky,438,21
2026-01-17,Kentucky,329,21
2026-01-24,Kentucky,283,21
2026-01-31,Kentucky,289,21
2026-02-07,Kentucky,260,21
2026-02-14,Kentucky,223,21
2026-02-21,Kentucky,243,21
2026-02-28,Kentucky,195,21
2026-03-07,Kentucky,241,21
2026-03-14,Kentucky,221,21
2026-03-21,Kentucky,122,21
2026-03-28,Kentucky,63.999999999999986,21
2026-04-04,Kentucky,51,21
2026-04-11,Kentucky,30.999999999999996,21
2026-04-18,Kentucky,26,21
2026-04-25,Kentucky,19,21
2024-10-05,Louisiana,11,22
2024-10-12,Louisiana,1,22
2024-10-19,Louisiana,27,22
2024-10-26,Louisiana,47,22
2024-11-02,Louisiana,27,22
2024-11-09,Louisiana,87,22
2024-11-16,Louisiana,84,22
2024-11-23,Louisiana,78,22
2024-11-30,Louisiana,135,22
2024-12-07,Louisiana,163,22
2024-12-14,Louisiana,252,22
2024-12-21,Louisiana,423,22
2024-12-28,Louisiana,590,22
2025-01-04,Louisiana,713,22
2025-01-11,Louisiana,446,22
2025-01-18,Louisiana,477,22
2025-01-25,Louisiana,521,22
2025-02-01,Louisiana,620,22
2025-02-08,Louisiana,494,22
2025-02-15,Louisiana,387,22
2025-02-22,Louisiana,330,22
2025-03-01,Louisiana,359,22
2025-03-08,Louisiana,398,22
2025-03-15,Louisiana,327,22
2025-03-22,Louisiana,230,22
2025-03-29,Louisiana,178,22
2025-04-05,Louisiana,121,22
2025-04-12,Louisiana,80,22
2025-04-19,Louisiana,70,22
2025-04-26,Louisiana,63,22
2025-05-03,Louisiana,44,22
2025-05-10,Louisiana,33,22
2025-05-17,Louisiana,41,22
2025-05-24,Louisiana,34,22
2025-05-31,Louisiana,37,22
2025-06-07,Louisiana,36,22
2025-06-14,Louisiana,37,22
2025-06-21,Louisiana,39,22
2025-06-28,Louisiana,29,22
2025-07-05,Louisiana,21.000000000000004,22
2025-07-12,Louisiana,19,22
2025-07-19,Louisiana,21,22
2025-07-26,Louisiana,17,22
2025-08-02,Louisiana,25,22
2025-08-09,Louisiana,21,22
2025-08-16,Louisiana,22,22
2025-08-23,Louisiana,27,22
2025-08-30,Louisiana,27,22
2025-09-06,Louisiana,20,22
2025-09-13,Louisiana,19,22
2025-09-20,Louisiana,25,22
2025-09-27,Louisiana,31,22
2025-10-04,Louisiana,33,22
2025-10-11,Louisiana,36,22
2025-10-18,Louisiana,43,22
2025-10-25,Louisiana,53,22
2025-11-01,Louisiana,44,22
2025-11-08,Louisiana,83,22
2025-11-15,Louisiana,107,22
2025-11-22,Louisiana,117,22
2025-11-29,Louisiana,116,22
2025-12-06,Louisiana,180,22
2025-12-13,Louisiana,248,22
2025-12-20,Louisiana,433,22
2025-12-27,Louisiana,688,22
2026-01-03,Louisiana,662,22
2026-01-10,Louisiana,438,22
2026-01-17,Louisiana,296,22
2026-01-24,Louisiana,332,22
2026-01-31,Louisiana,318,22
2026-02-07,Louisiana,324,22
2026-02-14,Louisiana,424,22
2026-02-21,Louisiana,342,22
2026-02-28,Louisiana,215,22
2026-03-07,Louisiana,186,22
2026-03-14,Louisiana,139,22
2026-03-21,Louisiana,98,22
2026-03-28,Louisiana,38,22
2026-04-04,Louisiana,26,22
2026-04-11,Louisiana,22,22
2026-04-18,Louisiana,20,22
2026-04-25,Louisiana,35,22
2024-10-05,Maine,1,23
2024-10-12,Maine,1,23
2024-10-19,Maine,1,23
2024-10-26,Maine,1,23
2024-11-02,Maine,0,23
2024-11-09,Maine,0.9999999999999998,23
2024-11-16,Maine,0,23
2024-11-23,Maine,2.42861286636753e-16,23
2024-11-30,Maine,2,23
2024-12-07,Maine,2,23
2024-12-14,Maine,2,23
2024-12-21,Maine,10,23
2024-12-28,Maine,31,23
2025-01-04,Maine,88,23
2025-01-11,Maine,92,23
2025-01-18,Maine,86,23
2025-01-25,Maine,109,23
2025-02-01,Maine,151,23
2025-02-08,Maine,205,23
2025-02-15,Maine,267,23
2025-02-22,Maine,266,23
2025-03-01,Maine,205,23
2025-03-08,Maine,200,23
2025-03-15,Maine,115,23
2025-03-22,Maine,83,23
2025-03-29,Maine,59,23
2025-04-05,Maine,55,23
2025-04-12,Maine,40,23
2025-04-19,Maine,23,23
2025-04-26,Maine,16,23
2025-05-03,Maine,10,23
2025-05-10,Maine,3,23
2025-05-17,Maine,2,23
2025-05-24,Maine,2,23
2025-05-31,Maine,1,23
2025-06-07,Maine,5.551115123125783e-17,23
2025-06-14,Maine,2,23
2025-06-21,Maine,2,23
2025-06-28,Maine,0,23
2025-07-05,Maine,1.0000000000000004,23
2025-07-12,Maine,1,23
2025-07-19,Maine,1,23
2025-07-26,Maine,1,23
2025-08-02,Maine,5.551115123125783e-17,23
2025-08-09,Maine,0,23
2025-08-16,Maine,0,23
2025-08-23,Maine,1,23
2025-08-30,Maine,1,23
2025-09-06,Maine,1,23
2025-09-13,Maine,2.0000000000000004,23
2025-09-20,Maine,0,23
2025-09-27,Maine,0,23
2025-10-04,Maine,1,23
2025-10-11,Maine,1,23
2025-10-18,Maine,3,23
2025-10-25,Maine,3,23
2025-11-01,Maine,2,23
2025-11-08,Maine,2.9999999999999996,23
2025-11-15,Maine,4,23
2025-11-22,Maine,8,23
2025-11-29,Maine,13,23
2025-12-06,Maine,20,23
2025-12-13,Maine,31,23
2025-12-20,Maine,82,23
2025-12-27,Maine,147,23
2026-01-03,Maine,255,23
2026-01-10,Maine,172,23
2026-01-17,Maine,118,23
2026-01-24,Maine,81,23
2026-01-31,Maine,69,23
2026-02-07,Maine,68,23
2026-02-14,Maine,47,23
2026-02-21,Maine,59,23
2026-02-28,Maine,43,23
2026-03-07,Maine,35,23
2026-03-14,Maine,30,23
2026-03-21,Maine,26,23
2026-03-28,Maine,9.999999999999998,23
2026-04-04,Maine,8,23
2026-04-11,Maine,6,23
2026-04-18,Maine,3,23
2026-04-25,Maine,9.999999999999998,23
2024-10-05,Maryland,3,24
2024-10-12,Maryland,1,24
2024-10-19,Maryland,5,24
2024-10-26,Maryland,1,24
2024-11-02,Maryland,4,24
2024-11-09,Maryland,9,24
2024-11-16,Maryland,11,24
2024-11-23,Maryland,16,24
2024-11-30,Maryland,21,24
2024-12-07,Maryland,37,24
2024-12-14,Maryland,73,24
2024-12-21,Maryland,131,24
2024-12-28,Maryland,195,24
2025-01-04,Maryland,457,24
2025-01-11,Maryland,372,24
2025-01-18,Maryland,466,24
2025-01-25,Maryland,611,24
2025-02-01,Maryland,810,24
2025-02-08,Maryland,1086,24
2025-02-15,Maryland,1081,24
2025-02-22,Maryland,764,24
2025-03-01,Maryland,548,24
2025-03-08,Maryland,379,24
2025-03-15,Maryland,291,24
2025-03-22,Maryland,210,24
2025-03-29,Maryland,135,24
2025-04-05,Maryland,129,24
2025-04-12,Maryland,94,24
2025-04-19,Maryland,62,24
2025-04-26,Maryland,47,24
2025-05-03,Maryland,41,24
2025-05-10,Maryland,21,24
2025-05-17,Maryland,10,24
2025-05-24,Maryland,26,24
2025-05-31,Maryland,38,24
2025-06-07,Maryland,34,24
2025-06-14,Maryland,13,24
2025-06-21,Maryland,6,24
2025-06-28,Maryland,6,24
2025-07-05,Maryland,7,24
2025-07-12,Maryland,4,24
2025-07-19,Maryland,3.999999999999999,24
2025-07-26,Maryland,18,24
2025-08-02,Maryland,6.000000000000001,24
2025-08-09,Maryland,3,24
2025-08-16,Maryland,5.999999999999999,24
2025-08-23,Maryland,7,24
2025-08-30,Maryland,6,24
2025-09-06,Maryland,3,24
2025-09-13,Maryland,6.000000000000001,24
2025-09-20,Maryland,6,24
2025-09-27,Maryland,4,24
2025-10-04,Maryland,3,24
2025-10-11,Maryland,9,24
2025-10-18,Maryland,6,24
2025-10-25,Maryland,17,24
2025-11-01,Maryland,14,24
2025-11-08,Maryland,20,24
2025-11-15,Maryland,35,24
2025-11-22,Maryland,66,24
2025-11-29,Maryland,101,24
2025-12-06,Maryland,138,24
2025-12-13,Maryland,238,24
2025-12-20,Maryland,400,24
2025-12-27,Maryland,644,24
2026-01-03,Maryland,803,24
2026-01-10,Maryland,587,24
2026-01-17,Maryland,282,24
2026-01-24,Maryland,169,24
2026-01-31,Maryland,113,24
2026-02-07,Maryland,90,24
2026-02-14,Maryland,78,24
2026-02-21,Maryland,70,24
2026-02-28,Maryland,38.00000000000001,24
2026-03-07,Maryland,48,24
2026-03-14,Maryland,51,24
2026-03-21,Maryland,52,24
2026-03-28,Maryland,9.000000000000004,24
2026-04-04,Maryland,10,24
2026-04-11,Maryland,8.999999999999998,24
2026-04-18,Maryland,6,24
2026-04-25,Maryland,11,24
2024-10-05,Massachusetts,1,25
2024-10-12,Massachusetts,1,25
2024-10-19,Massachusetts,1,25
2024-10-26,Massachusetts,1,25
2024-11-02,Massachusetts,3,25
2024-11-09,Massachusetts,40,25
2024-11-16,Massachusetts,19,25
2024-11-23,Massachusetts,53,25
2024-11-30,Massachusetts,72,25
2024-12-07,Massachusetts,96,25
2024-12-14,Massachusetts,136,25
2024-12-21,Massachusetts,150,25
2024-12-28,Massachusetts,297,25
2025-01-04,Massachusetts,593,25
2025-01-11,Massachusetts,619,25
2025-01-18,Massachusetts,790,25
2025-01-25,Massachusetts,1043,25
2025-02-01,Massachusetts,1428,25
2025-02-08,Massachusetts,1705,25
2025-02-15,Massachusetts,1606,25
2025-02-22,Massachusetts,1450,25
2025-03-01,Massachusetts,1296,25
2025-03-08,Massachusetts,789,25
2025-03-15,Massachusetts,458.99999999999994,25
2025-03-22,Massachusetts,329,25
2025-03-29,Massachusetts,238,25
2025-04-05,Massachusetts,152,25
2025-04-12,Massachusetts,123,25
2025-04-19,Massachusetts,90,25
2025-04-26,Massachusetts,88,25
2025-05-03,Massachusetts,76,25
2025-05-10,Massachusetts,39,25
2025-05-17,Massachusetts,31,25
2025-05-24,Massachusetts,30,25
2025-05-31,Massachusetts,26,25
2025-06-07,Massachusetts,19,25
2025-06-14,Massachusetts,24,25
2025-06-21,Massachusetts,8,25
2025-06-28,Massachusetts,21,25
2025-07-05,Massachusetts,21,25
2025-07-12,Massachusetts,16,25
2025-07-19,Massachusetts,11,25
2025-07-26,Massachusetts,4,25
2025-08-02,Massachusetts,8,25
2025-08-09,Massachusetts,6,25
2025-08-16,Massachusetts,7.999999999999999,25
2025-08-23,Massachusetts,7,25
2025-08-30,Massachusetts,8,25
2025-09-06,Massachusetts,14,25
2025-09-13,Massachusetts,13,25
2025-09-20,Massachusetts,10,25
2025-09-27,Massachusetts,13,25
2025-10-04,Massachusetts,17,25
2025-10-11,Massachusetts,5.000000000000001,25
2025-10-18,Massachusetts,10,25
2025-10-25,Massachusetts,13,25
2025-11-01,Massachusetts,21,25
2025-11-08,Massachusetts,25,25
2025-11-15,Massachusetts,39,25
2025-11-22,Massachusetts,52,25
2025-11-29,Massachusetts,75,25
2025-12-06,Massachusetts,139,25
2025-12-13,Massachusetts,245,25
2025-12-20,Massachusetts,488,25
2025-12-27,Massachusetts,957,25
2026-01-03,Massachusetts,1281,25
2026-01-10,Massachusetts,914,25
2026-01-17,Massachusetts,520,25
2026-01-24,Massachusetts,269,25
2026-01-31,Massachusetts,238,25
2026-02-07,Massachusetts,120,25
2026-02-14,Massachusetts,84,25
2026-02-21,Massachusetts,89,25
2026-02-28,Massachusetts,79,25
2026-03-07,Massachusetts,83,25
2026-03-14,Massachusetts,58,25
2026-03-21,Massachusetts,38,25
2026-03-28,Massachusetts,46.00000000000001,25
2026-04-04,Massachusetts,38,25
2026-04-11,Massachusetts,52,25
2026-04-18,Massachusetts,45,25
2026-04-25,Massachusetts,27,25
2024-10-05,Michigan,25,26
2024-10-12,Michigan,5,26
2024-10-19,Michigan,13,26
2024-10-26,Michigan,9,26
2024-11-02,Michigan,21,26
2024-11-09,Michigan,48,26
2024-11-16,Michigan,46,26
2024-11-23,Michigan,67,26
2024-11-30,Michigan,65,26
2024-12-07,Michigan,95,26
2024-12-14,Michigan,172,26
2024-12-21,Michigan,296,26
2024-12-28,Michigan,489,26
2025-01-04,Michigan,644,26
2025-01-11,Michigan,758,26
2025-01-18,Michigan,636,26
2025-01-25,Michigan,1013,26
2025-02-01,Michigan,1379,26
2025-02-08,Michigan,1721,26
2025-02-15,Michigan,1800,26
2025-02-22,Michigan,1805,26
2025-03-01,Michigan,1669,26
2025-03-08,Michigan,1264,26
2025-03-15,Michigan,855,26
2025-03-22,Michigan,948,26
2025-03-29,Michigan,636,26
2025-04-05,Michigan,305,26
2025-04-12,Michigan,255.00000000000003,26
2025-04-19,Michigan,196,26
2025-04-26,Michigan,127,26
2025-05-03,Michigan,117,26
2025-05-10,Michigan,93,26
2025-05-17,Michigan,62,26
2025-05-24,Michigan,51,26
2025-05-31,Michigan,52,26
2025-06-07,Michigan,32,26
2025-06-14,Michigan,34,26
2025-06-21,Michigan,30,26
2025-06-28,Michigan,32,26
2025-07-05,Michigan,19,26
2025-07-12,Michigan,19,26
2025-07-19,Michigan,16,26
2025-07-26,Michigan,21,26
2025-08-02,Michigan,17,26
2025-08-09,Michigan,16,26
2025-08-16,Michigan,25,26
2025-08-23,Michigan,28,26
2025-08-30,Michigan,29,26
2025-09-06,Michigan,26,26
2025-09-13,Michigan,29,26
2025-09-20,Michigan,20,26
2025-09-27,Michigan,22,26
2025-10-04,Michigan,14,26
2025-10-11,Michigan,15,26
2025-10-18,Michigan,17,26
2025-10-25,Michigan,17,26
2025-11-01,Michigan,12,26
2025-11-08,Michigan,27,26
2025-11-15,Michigan,44,26
2025-11-22,Michigan,53,26
2025-11-29,Michigan,76,26
2025-12-06,Michigan,95,26
2025-12-13,Michigan,214,26
2025-12-20,Michigan,471,26
2025-12-27,Michigan,929,26
2026-01-03,Michigan,1266,26
2026-01-10,Michigan,931,26
2026-01-17,Michigan,534,26
2026-01-24,Michigan,413,26
2026-01-31,Michigan,332,26
2026-02-07,Michigan,303,26
2026-02-14,Michigan,283,26
2026-02-21,Michigan,341,26
2026-02-28,Michigan,292,26
2026-03-07,Michigan,247,26
2026-03-14,Michigan,217,26
2026-03-21,Michigan,165,26
2026-03-28,Michigan,96,26
2026-04-04,Michigan,78,26
2026-04-11,Michigan,72,26
2026-04-18,Michigan,50,26
2026-04-25,Michigan,28,26
2024-10-05,Minnesota,1,27
2024-10-12,Minnesota,1,27
2024-10-19,Minnesota,177,27
2024-10-26,Minnesota,1,27
2024-11-02,Minnesota,4,27
2024-11-09,Minnesota,18,27
2024-11-16,Minnesota,8,27
2024-11-23,Minnesota,11.000000000000002,27
2024-11-30,Minnesota,18,27
2024-12-07,Minnesota,40,27
2024-12-14,Minnesota,91,27
2024-12-21,Minnesota,227,27
2024-12-28,Minnesota,543,27
2025-01-04,Minnesota,942,27
2025-01-11,Minnesota,893,27
2025-01-18,Minnesota,923,27
2025-01-25,Minnesota,925,27
2025-02-01,Minnesota,881,27
2025-02-08,Minnesota,716,27
2025-02-15,Minnesota,507,27
2025-02-22,Minnesota,397,27
2025-03-01,Minnesota,296,27
2025-03-08,Minnesota,213,27
2025-03-15,Minnesota,176,27
2025-03-22,Minnesota,197,27
2025-03-29,Minnesota,83,27
2025-04-05,Minnesota,68,27
2025-04-12,Minnesota,59,27
2025-04-19,Minnesota,38,27
2025-04-26,Minnesota,26.000000000000004,27
2025-05-03,Minnesota,31,27
2025-05-10,Minnesota,23,27
2025-05-17,Minnesota,8,27
2025-05-24,Minnesota,9,27
2025-05-31,Minnesota,13,27
2025-06-07,Minnesota,6.000000000000002,27
2025-06-14,Minnesota,12,27
2025-06-21,Minnesota,7.000000000000002,27
2025-06-28,Minnesota,4,27
2025-07-05,Minnesota,7,27
2025-07-12,Minnesota,7,27
2025-07-19,Minnesota,4,27
2025-07-26,Minnesota,4,27
2025-08-02,Minnesota,4,27
2025-08-09,Minnesota,1,27
2025-08-16,Minnesota,4.440892098500626e-16,27
2025-08-23,Minnesota,2,27
2025-08-30,Minnesota,3,27
2025-09-06,Minnesota,2,27
2025-09-13,Minnesota,6,27
2025-09-20,Minnesota,4,27
2025-09-27,Minnesota,2,27
2025-10-04,Minnesota,0,27
2025-10-11,Minnesota,6.999999999999999,27
2025-10-18,Minnesota,1,27
2025-10-25,Minnesota,5.000000000000002,27
2025-11-01,Minnesota,4,27
2025-11-08,Minnesota,9,27
2025-11-15,Minnesota,17,27
2025-11-22,Minnesota,34,27
2025-11-29,Minnesota,74,27
2025-12-06,Minnesota,105,27
2025-12-13,Minnesota,257,27
2025-12-20,Minnesota,542,27
2025-12-27,Minnesota,944,27
2026-01-03,Minnesota,1063,27
2026-01-10,Minnesota,705,27
2026-01-17,Minnesota,415,27
2026-01-24,Minnesota,329,27
2026-01-31,Minnesota,210.99999999999997,27
2026-02-07,Minnesota,183,27
2026-02-14,Minnesota,200,27
2026-02-21,Minnesota,196,27
2026-02-28,Minnesota,136,27
2026-03-07,Minnesota,157,27
2026-03-14,Minnesota,130,27
2026-03-21,Minnesota,114,27
2026-03-28,Minnesota,36,27
2026-04-04,Minnesota,33,27
2026-04-11,Minnesota,25.000000000000004,27
2026-04-18,Minnesota,23,27
2026-04-25,Minnesota,24,27
2024-10-05,Mississippi,21,28
2024-10-12,Mississippi,1,28
2024-10-19,Mississippi,9,28
2024-10-26,Mississippi,1,28
2024-11-02,Mississippi,15,28
2024-11-09,Mississippi,23,28
2024-11-16,Mississippi,24,28
2024-11-23,Mississippi,36,28
2024-11-30,Mississippi,28,28
2024-12-07,Mississippi,39,28
2024-12-14,Mississippi,62,28
2024-12-21,Mississippi,100,28
2024-12-28,Mississippi,212,28
2025-01-04,Mississippi,285,28
2025-01-11,Mississippi,229,28
2025-01-18,Mississippi,251,28
2025-01-25,Mississippi,350,28
2025-02-01,Mississippi,589,28
2025-02-08,Mississippi,503,28
2025-02-15,Mississippi,289,28
2025-02-22,Mississippi,223,28
2025-03-01,Mississippi,214,28
2025-03-08,Mississippi,181,28
2025-03-15,Mississippi,196,28
2025-03-22,Mississippi,106,28
2025-03-29,Mississippi,58,28
2025-04-05,Mississippi,55,28
2025-04-12,Mississippi,47,28
2025-04-19,Mississippi,29,28
2025-04-26,Mississippi,23,28
2025-05-03,Mississippi,15,28
2025-05-10,Mississippi,19,28
2025-05-17,Mississippi,16,28
2025-05-24,Mississippi,15,28
2025-05-31,Mississippi,20,28
2025-06-07,Mississippi,17,28
2025-06-14,Mississippi,17,28
2025-06-21,Mississippi,19,28
2025-06-28,Mississippi,12,28
2025-07-05,Mississippi,10,28
2025-07-12,Mississippi,15,28
2025-07-19,Mississippi,11.999999999999998,28
2025-07-26,Mississippi,12,28
2025-08-02,Mississippi,5,28
2025-08-09,Mississippi,12,28
2025-08-16,Mississippi,14.999999999999998,28
2025-08-23,Mississippi,16,28
2025-08-30,Mississippi,19,28
2025-09-06,Mississippi,17,28
2025-09-13,Mississippi,15,28
2025-09-20,Mississippi,13,28
2025-09-27,Mississippi,10,28
2025-10-04,Mississippi,15,28
2025-10-11,Mississippi,16,28
2025-10-18,Mississippi,18,28
2025-10-25,Mississippi,16,28
2025-11-01,Mississippi,16,28
2025-11-08,Mississippi,17,28
2025-11-15,Mississippi,21,28
2025-11-22,Mississippi,27,28
2025-11-29,Mississippi,24,28
2025-12-06,Mississippi,42,28
2025-12-13,Mississippi,74,28
2025-12-20,Mississippi,147,28
2025-12-27,Mississippi,247,28
2026-01-03,Mississippi,230,28
2026-01-10,Mississippi,194,28
2026-01-17,Mississippi,142,28
2026-01-24,Mississippi,115,28
2026-01-31,Mississippi,132,28
2026-02-07,Mississippi,200,28
2026-02-14,Mississippi,243,28
2026-02-21,Mississippi,227,28
2026-02-28,Mississippi,150,28
2026-03-07,Mississippi,135,28
2026-03-14,Mississippi,100,28
2026-03-21,Mississippi,64,28
2026-03-28,Mississippi,31,28
2026-04-04,Mississippi,18,28
2026-04-11,Mississippi,13,28
2026-04-18,Mississippi,14,28
2026-04-25,Mississippi,14,28
2024-10-05,Missouri,1,29
2024-10-12,Missouri,3,29
2024-10-19,Missouri,5,29
2024-10-26,Missouri,17,29
2024-11-02,Missouri,13,29
2024-11-09,Missouri,30,29
2024-11-16,Missouri,29,29
2024-11-23,Missouri,42,29
2024-11-30,Missouri,41,29
2024-12-07,Missouri,54,29
2024-12-14,Missouri,88,29
2024-12-21,Missouri,250,29
2024-12-28,Missouri,611,29
2025-01-04,Missouri,827,29
2025-01-11,Missouri,647,29
2025-01-18,Missouri,559,29
2025-01-25,Missouri,655,29
2025-02-01,Missouri,1039,29
2025-02-08,Missouri,1335,29
2025-02-15,Missouri,1425,29
2025-02-22,Missouri,1380,29
2025-03-01,Missouri,861,29
2025-03-08,Missouri,693,29
2025-03-15,Missouri,440,29
2025-03-22,Missouri,370,29
2025-03-29,Missouri,189,29
2025-04-05,Missouri,130,29
2025-04-12,Missouri,99,29
2025-04-19,Missouri,100,29
2025-04-26,Missouri,66.00000000000001,29
2025-05-03,Missouri,59,29
2025-05-10,Missouri,49,29
2025-05-17,Missouri,53,29
2025-05-24,Missouri,42,29
2025-05-31,Missouri,44,29
2025-06-07,Missouri,33,29
2025-06-14,Missouri,42,29
2025-06-21,Missouri,39,29
2025-06-28,Missouri,33,29
2025-07-05,Missouri,11,29
2025-07-12,Missouri,12,29
2025-07-19,Missouri,12,29
2025-07-26,Missouri,13,29
2025-08-02,Missouri,8,29
2025-08-09,Missouri,8,29
2025-08-16,Missouri,8,29
2025-08-23,Missouri,12,29
2025-08-30,Missouri,6.000000000000001,29
2025-09-06,Missouri,7,29
2025-09-13,Missouri,12,29
2025-09-20,Missouri,16,29
2025-09-27,Missouri,18,29
2025-10-04,Missouri,19,29
2025-10-11,Missouri,24,29
2025-10-18,Missouri,24,29
2025-10-25,Missouri,24,29
2025-11-01,Missouri,25,29
2025-11-08,Missouri,28,29
2025-11-15,Missouri,37,29
2025-11-22,Missouri,39,29
2025-11-29,Missouri,57,29
2025-12-06,Missouri,86,29
2025-12-13,Missouri,118,29
2025-12-20,Missouri,261,29
2025-12-27,Missouri,809,29
2026-01-03,Missouri,941,29
2026-01-10,Missouri,522,29
2026-01-17,Missouri,523,29
2026-01-24,Missouri,454,29
2026-01-31,Missouri,437,29
2026-02-07,Missouri,410,29
2026-02-14,Missouri,457,29
2026-02-21,Missouri,441,29
2026-02-28,Missouri,305.00000000000006,29
2026-03-07,Missouri,250,29
2026-03-14,Missouri,221,29
2026-03-21,Missouri,120,29
2026-03-28,Missouri,57,29
2026-04-04,Missouri,44,29
2026-04-11,Missouri,37,29
2026-04-18,Missouri,24,29
2026-04-25,Missouri,12,29
2024-10-05,Montana,1,30
2024-10-12,Montana,1,30
2024-10-19,Montana,5,30
2024-10-26,Montana,1,30
2024-11-02,Montana,0,30
2024-11-09,Montana,0,30
2024-11-16,Montana,4,30
2024-11-23,Montana,1.0000000000000002,30
2024-11-30,Montana,2,30
2024-12-07,Montana,2,30
2024-12-14,Montana,6,30
2024-12-21,Montana,27,30
2024-12-28,Montana,60,30
2025-01-04,Montana,71,30
2025-01-11,Montana,65,30
2025-01-18,Montana,80,30
2025-01-25,Montana,68,30
2025-02-01,Montana,108.99999999999999,30
2025-02-08,Montana,161,30
2025-02-15,Montana,159,30
2025-02-22,Montana,208,30
2025-03-01,Montana,191,30
2025-03-08,Montana,159,30
2025-03-15,Montana,125,30
2025-03-22,Montana,91,30
2025-03-29,Montana,59,30
2025-04-05,Montana,32,30
2025-04-12,Montana,34,30
2025-04-19,Montana,22,30
2025-04-26,Montana,11,30
2025-05-03,Montana,6,30
2025-05-10,Montana,0,30
2025-05-17,Montana,0,30
2025-05-24,Montana,2,30
2025-05-31,Montana,4,30
2025-06-07,Montana,1.9999999999999998,30
2025-06-14,Montana,1,30
2025-06-21,Montana,2,30
2025-06-28,Montana,1,30
2025-07-05,Montana,2,30
2025-07-12,Montana,3,30
2025-07-19,Montana,2,30
2025-07-26,Montana,0,30
2025-08-02,Montana,1.700029006457271e-16,30
2025-08-09,Montana,1,30
2025-08-16,Montana,1,30
2025-08-23,Montana,0,30
2025-08-30,Montana,2.9999999999999996,30
2025-09-06,Montana,5,30
2025-09-13,Montana,1.0000000000000002,30
2025-09-20,Montana,0,30
2025-09-27,Montana,1.214306433183765e-16,30
2025-10-04,Montana,6,30
2025-10-11,Montana,1.9999999999999996,30
2025-10-18,Montana,5,30
2025-10-25,Montana,6,30
2025-11-01,Montana,1,30
2025-11-08,Montana,0.9999999999999991,30
2025-11-15,Montana,7,30
2025-11-22,Montana,4,30
2025-11-29,Montana,13,30
2025-12-06,Montana,16,30
2025-12-13,Montana,24,30
2025-12-20,Montana,40,30
2025-12-27,Montana,122,30
2026-01-03,Montana,151.00000000000003,30
2026-01-10,Montana,123,30
2026-01-17,Montana,82,30
2026-01-24,Montana,64,30
2026-01-31,Montana,79,30
2026-02-07,Montana,84,30
2026-02-14,Montana,92,30
2026-02-21,Montana,53,30
2026-02-28,Montana,47.00000000000001,30
2026-03-07,Montana,38,30
2026-03-14,Montana,51,30
2026-03-21,Montana,34,30
2026-03-28,Montana,13,30
2026-04-04,Montana,14,30
2026-04-11,Montana,9,30
2026-04-18,Montana,5,30
2026-04-25,Montana,3.0000000000000004,30
2024-10-05,Nebraska,1,31
2024-10-12,Nebraska,1,31
2024-10-19,Nebraska,1,31
2024-10-26,Nebraska,3,31
2024-11-02,Nebraska,2,31
2024-11-09,Nebraska,4,31
2024-11-16,Nebraska,6,31
2024-11-23,Nebraska,5,31
2024-11-30,Nebraska,11,31
2024-12-07,Nebraska,13,31
2024-12-14,Nebraska,19,31
2024-12-21,Nebraska,78,31
2024-12-28,Nebraska,131,31
2025-01-04,Nebraska,211,31
2025-01-11,Nebraska,171,31
2025-01-18,Nebraska,128,31
2025-01-25,Nebraska,182,31
2025-02-01,Nebraska,308,31
2025-02-08,Nebraska,319,31
2025-02-15,Nebraska,311,31
2025-02-22,Nebraska,297,31
2025-03-01,Nebraska,197,31
2025-03-08,Nebraska,153,31
2025-03-15,Nebraska,80,31
2025-03-22,Nebraska,58,31
2025-03-29,Nebraska,39,31
2025-04-05,Nebraska,14,31
2025-04-12,Nebraska,16.000000000000004,31
2025-04-19,Nebraska,14,31
2025-04-26,Nebraska,12,31
2025-05-03,Nebraska,3,31
2025-05-10,Nebraska,10,31
2025-05-17,Nebraska,5,31
2025-05-24,Nebraska,2.0000000000000004,31
2025-05-31,Nebraska,2,31
2025-06-07,Nebraska,4,31
2025-06-14,Nebraska,0,31
2025-06-21,Nebraska,0,31
2025-06-28,Nebraska,0,31
2025-07-05,Nebraska,1,31
2025-07-12,Nebraska,1,31
2025-07-19,Nebraska,2,31
2025-07-26,Nebraska,2,31
2025-08-02,Nebraska,1,31
2025-08-09,Nebraska,0,31
2025-08-16,Nebraska,1,31
2025-08-23,Nebraska,2,31
2025-08-30,Nebraska,5,31
2025-09-06,Nebraska,3,31
2025-09-13,Nebraska,3.0000000000000004,31
2025-09-20,Nebraska,3,31
2025-09-27,Nebraska,3,31
2025-10-04,Nebraska,1,31
2025-10-11,Nebraska,4.999999999999999,31
2025-10-18,Nebraska,0,31
2025-10-25,Nebraska,3.0000000000000004,31
2025-11-01,Nebraska,1,31
2025-11-08,Nebraska,2,31
2025-11-15,Nebraska,1,31
2025-11-22,Nebraska,2,31
2025-11-29,Nebraska,13,31
2025-12-06,Nebraska,15,31
2025-12-13,Nebraska,28,31
2025-12-20,Nebraska,72,31
2025-12-27,Nebraska,165,31
2026-01-03,Nebraska,204,31
2026-01-10,Nebraska,165,31
2026-01-17,Nebraska,125,31
2026-01-24,Nebraska,144,31
2026-01-31,Nebraska,129,31
2026-02-07,Nebraska,142,31
2026-02-14,Nebraska,152,31
2026-02-21,Nebraska,141,31
2026-02-28,Nebraska,84,31
2026-03-07,Nebraska,59,31
2026-03-14,Nebraska,54,31
2026-03-21,Nebraska,41,31
2026-03-28,Nebraska,17,31
2026-04-04,Nebraska,15,31
2026-04-11,Nebraska,4.999999999999998,31
2026-04-18,Nebraska,8,31
2026-04-25,Nebraska,10,31
2024-10-05,Nevada,3,32
2024-10-12,Nevada,1,32
2024-10-19,Nevada,11,32
2024-10-26,Nevada,11,32
2024-11-02,Nevada,11,32
2024-11-09,Nevada,25,32
2024-11-16,Nevada,43,32
2024-11-23,Nevada,49,32
2024-11-30,Nevada,61,32
2024-12-07,Nevada,83,32
2024-12-14,Nevada,114,32
2024-12-21,Nevada,208,32
2024-12-28,Nevada,260,32
2025-01-04,Nevada,387,32
2025-01-11,Nevada,262,32
2025-01-18,Nevada,190,32
2025-01-25,Nevada,198,32
2025-02-01,Nevada,179,32
2025-02-08,Nevada,222,32
2025-02-15,Nevada,148,32
2025-02-22,Nevada,123,32
2025-03-01,Nevada,97,32
2025-03-08,Nevada,79,32
2025-03-15,Nevada,88,32
2025-03-22,Nevada,81,32
2025-03-29,Nevada,70,32
2025-04-05,Nevada,41,32
2025-04-12,Nevada,49,32
2025-04-19,Nevada,41,32
2025-04-26,Nevada,29,32
2025-05-03,Nevada,19,32
2025-05-10,Nevada,21,32
2025-05-17,Nevada,16,32
2025-05-24,Nevada,26,32
2025-05-31,Nevada,15,32
2025-06-07,Nevada,12.999999999999998,32
2025-06-14,Nevada,16,32
2025-06-21,Nevada,12,32
2025-06-28,Nevada,10,32
2025-07-05,Nevada,8,32
2025-07-12,Nevada,4,32
2025-07-19,Nevada,9,32
2025-07-26,Nevada,6,32
2025-08-02,Nevada,14,32
2025-08-09,Nevada,4,32
2025-08-16,Nevada,6.999999999999998,32
2025-08-23,Nevada,3,32
2025-08-30,Nevada,3,32
2025-09-06,Nevada,5,32
2025-09-13,Nevada,8,32
2025-09-20,Nevada,9,32
2025-09-27,Nevada,4,32
2025-10-04,Nevada,5,32
2025-10-11,Nevada,3.0000000000000004,32
2025-10-18,Nevada,10,32
2025-10-25,Nevada,10,32
2025-11-01,Nevada,6,32
2025-11-08,Nevada,13,32
2025-11-15,Nevada,18,32
2025-11-22,Nevada,12,32
2025-11-29,Nevada,13,32
2025-12-06,Nevada,32,32
2025-12-13,Nevada,54,32
2025-12-20,Nevada,128,32
2025-12-27,Nevada,273,32
2026-01-03,Nevada,251,32
2026-01-10,Nevada,199,32
2026-01-17,Nevada,129,32
2026-01-24,Nevada,97,32
2026-01-31,Nevada,115,32
2026-02-07,Nevada,104,32
2026-02-14,Nevada,120,32
2026-02-21,Nevada,90,32
2026-02-28,Nevada,68,32
2026-03-07,Nevada,60,32
2026-03-14,Nevada,51,32
2026-03-21,Nevada,48,32
2026-03-28,Nevada,45,32
2026-04-04,Nevada,34,32
2026-04-11,Nevada,21,32
2026-04-18,Nevada,20,32
2026-04-25,Nevada,23,32
2024-10-05,New Hampshire,0,33
2024-10-12,New Hampshire,0,33
2024-10-19,New Hampshire,0,33
2024-10-26,New Hampshire,0,33
2024-11-02,New Hampshire,1,33
2024-11-09,New Hampshire,5,33
2024-11-16,New Hampshire,6,33
2024-11-23,New Hampshire,11,33
2024-11-30,New Hampshire,14,33
2024-12-07,New Hampshire,16,33
2024-12-14,New Hampshire,22,33
2024-12-21,New Hampshire,24,33
2024-12-28,New Hampshire,53,33
2025-01-04,New Hampshire,108,33
2025-01-11,New Hampshire,90,33
2025-01-18,New Hampshire,86,33
2025-01-25,New Hampshire,144,33
2025-02-01,New Hampshire,174,33
2025-02-08,New Hampshire,203,33
2025-02-15,New Hampshire,205,33
2025-02-22,New Hampshire,212,33
2025-03-01,New Hampshire,190,33
2025-03-08,New Hampshire,145,33
2025-03-15,New Hampshire,79,33
2025-03-22,New Hampshire,53,33
2025-03-29,New Hampshire,34,33
2025-04-05,New Hampshire,17,33
2025-04-12,New Hampshire,22,33
2025-04-19,New Hampshire,22,33
2025-04-26,New Hampshire,9,33
2025-05-03,New Hampshire,6,33
2025-05-10,New Hampshire,7.999999999999999,33
2025-05-17,New Hampshire,3,33
2025-05-24,New Hampshire,1,33
2025-05-31,New Hampshire,3,33
2025-06-07,New Hampshire,0.9999999999999998,33
2025-06-14,New Hampshire,2,33
2025-06-21,New Hampshire,2,33
2025-06-28,New Hampshire,0,33
2025-07-05,New Hampshire,1,33
2025-07-12,New Hampshire,3,33
2025-07-19,New Hampshire,1.0000000000000004,33
2025-07-26,New Hampshire,3,33
2025-08-02,New Hampshire,3,33
2025-08-09,New Hampshire,3,33
2025-08-16,New Hampshire,5,33
2025-08-23,New Hampshire,0,33
2025-08-30,New Hampshire,2,33
2025-09-06,New Hampshire,0,33
2025-09-13,New Hampshire,0,33
2025-09-20,New Hampshire,1,33
2025-09-27,New Hampshire,0,33
2025-10-04,New Hampshire,4,33
2025-10-11,New Hampshire,4,33
2025-10-18,New Hampshire,2,33
2025-10-25,New Hampshire,1.1102230246251565e-16,33
2025-11-01,New Hampshire,2,33
2025-11-08,New Hampshire,0,33
2025-11-15,New Hampshire,5,33
2025-11-22,New Hampshire,12,33
2025-11-29,New Hampshire,11,33
2025-12-06,New Hampshire,25,33
2025-12-13,New Hampshire,46,33
2025-12-20,New Hampshire,95,33
2025-12-27,New Hampshire,196,33
2026-01-03,New Hampshire,290,33
2026-01-10,New Hampshire,224,33
2026-01-17,New Hampshire,154,33
2026-01-24,New Hampshire,118,33
2026-01-31,New Hampshire,49,33
2026-02-07,New Hampshire,61,33
2026-02-14,New Hampshire,60,33
2026-02-21,New Hampshire,55,33
2026-02-28,New Hampshire,31.999999999999996,33
2026-03-07,New Hampshire,35,33
2026-03-14,New Hampshire,21,33
2026-03-21,New Hampshire,27,33
2026-03-28,New Hampshire,15,33
2026-04-04,New Hampshire,17,33
2026-04-11,New Hampshire,6,33
2026-04-18,New Hampshire,9,33
2026-04-25,New Hampshire,3.0000000000000004,33
2024-10-05,New Jersey,35,34
2024-10-12,New Jersey,1,34
2024-10-19,New Jersey,1,34
2024-10-26,New Jersey,5,34
2024-11-02,New Jersey,28,34
2024-11-09,New Jersey,30.000000000000004,34
2024-11-16,New Jersey,37,34
2024-11-23,New Jersey,47,34
2024-11-30,New Jersey,67,34
2024-12-07,New Jersey,109,34
2024-12-14,New Jersey,174,34
2024-12-21,New Jersey,335,34
2024-12-28,New Jersey,723,34
2025-01-04,New Jersey,1326,34
2025-01-11,New Jersey,1078,34
2025-01-18,New Jersey,1259,34
2025-01-25,New Jersey,1591,34
2025-02-01,New Jersey,1794,34
2025-02-08,New Jersey,1888,34
2025-02-15,New Jersey,1517,34
2025-02-22,New Jersey,1205,34
2025-03-01,New Jersey,938,34
2025-03-08,New Jersey,630,34
2025-03-15,New Jersey,464.99999999999994,34
2025-03-22,New Jersey,345,34
2025-03-29,New Jersey,282,34
2025-04-05,New Jersey,248,34
2025-04-12,New Jersey,161,34
2025-04-19,New Jersey,137,34
2025-04-26,New Jersey,72,34
2025-05-03,New Jersey,70,34
2025-05-10,New Jersey,39.99999999999999,34
2025-05-17,New Jersey,43,34
2025-05-24,New Jersey,25,34
2025-05-31,New Jersey,30,34
2025-06-07,New Jersey,26,34
2025-06-14,New Jersey,24,34
2025-06-21,New Jersey,20,34
2025-06-28,New Jersey,25,34
2025-07-05,New Jersey,23,34
2025-07-12,New Jersey,18,34
2025-07-19,New Jersey,13,34
2025-07-26,New Jersey,10,34
2025-08-02,New Jersey,7,34
2025-08-09,New Jersey,9,34
2025-08-16,New Jersey,12,34
2025-08-23,New Jersey,11,34
2025-08-30,New Jersey,10,34
2025-09-06,New Jersey,14,34
2025-09-13,New Jersey,10,34
2025-09-20,New Jersey,11,34
2025-09-27,New Jersey,19,34
2025-10-04,New Jersey,16,34
2025-10-11,New Jersey,14,34
2025-10-18,New Jersey,30,34
2025-10-25,New Jersey,28,34
2025-11-01,New Jersey,35,34
2025-11-08,New Jersey,47,34
2025-11-15,New Jersey,56,34
2025-11-22,New Jersey,73,34
2025-11-29,New Jersey,154,34
2025-12-06,New Jersey,277,34
2025-12-13,New Jersey,588,34
2025-12-20,New Jersey,1082,34
2025-12-27,New Jersey,1466,34
2026-01-03,New Jersey,1724,34
2026-01-10,New Jersey,1208,34
2026-01-17,New Jersey,653,34
2026-01-24,New Jersey,399,34
2026-01-31,New Jersey,298,34
2026-02-07,New Jersey,202,34
2026-02-14,New Jersey,193,34
2026-02-21,New Jersey,231,34
2026-02-28,New Jersey,220,34
2026-03-07,New Jersey,173,34
2026-03-14,New Jersey,171,34
2026-03-21,New Jersey,161,34
2026-03-28,New Jersey,63,34
2026-04-04,New Jersey,65,34
2026-04-11,New Jersey,53.00000000000001,34
2026-04-18,New Jersey,29,34
2026-04-25,New Jersey,44,34
2024-10-05,New Mexico,3,35
2024-10-12,New Mexico,5,35
2024-10-19,New Mexico,5,35
2024-10-26,New Mexico,31,35
2024-11-02,New Mexico,2,35
2024-11-09,New Mexico,15.999999999999996,35
2024-11-16,New Mexico,21,35
2024-11-23,New Mexico,29,35
2024-11-30,New Mexico,55,35
2024-12-07,New Mexico,103,35
2024-12-14,New Mexico,108,35
2024-12-21,New Mexico,207,35
2024-12-28,New Mexico,234,35
2025-01-04,New Mexico,320.00000000000006,35
2025-01-11,New Mexico,252,35
2025-01-18,New Mexico,251,35
2025-01-25,New Mexico,196,35
2025-02-01,New Mexico,214,35
2025-02-08,New Mexico,215,35
2025-02-15,New Mexico,248,35
2025-02-22,New Mexico,248,35
2025-03-01,New Mexico,184,35
2025-03-08,New Mexico,178,35
2025-03-15,New Mexico,146,35
2025-03-22,New Mexico,110,35
2025-03-29,New Mexico,90,35
2025-04-05,New Mexico,58,35
2025-04-12,New Mexico,37,35
2025-04-19,New Mexico,31,35
2025-04-26,New Mexico,42,35
2025-05-03,New Mexico,32,35
2025-05-10,New Mexico,25,35
2025-05-17,New Mexico,11,35
2025-05-24,New Mexico,13.999999999999998,35
2025-05-31,New Mexico,7,35
2025-06-07,New Mexico,10,35
2025-06-14,New Mexico,6,35
2025-06-21,New Mexico,7.999999999999998,35
2025-06-28,New Mexico,3,35
2025-07-05,New Mexico,4,35
2025-07-12,New Mexico,3,35
2025-07-19,New Mexico,3,35
2025-07-26,New Mexico,3,35
2025-08-02,New Mexico,1,35
2025-08-09,New Mexico,1,35
2025-08-16,New Mexico,1.0000000000000002,35
2025-08-23,New Mexico,2,35
2025-08-30,New Mexico,0.9999999999999994,35
2025-09-06,New Mexico,4,35
2025-09-13,New Mexico,1.0000000000000002,35
2025-09-20,New Mexico,1,35
2025-09-27,New Mexico,3,35
2025-10-04,New Mexico,0,35
2025-10-11,New Mexico,6,35
2025-10-18,New Mexico,3,35
2025-10-25,New Mexico,5,35
2025-11-01,New Mexico,6,35
2025-11-08,New Mexico,7,35
2025-11-15,New Mexico,14,35
2025-11-22,New Mexico,17,35
2025-11-29,New Mexico,39,35
2025-12-06,New Mexico,35,35
2025-12-13,New Mexico,69,35
2025-12-20,New Mexico,162,35
2025-12-27,New Mexico,386,35
2026-01-03,New Mexico,409,35
2026-01-10,New Mexico,245,35
2026-01-17,New Mexico,145,35
2026-01-24,New Mexico,131,35
2026-01-31,New Mexico,103,35
2026-02-07,New Mexico,160,35
2026-02-14,New Mexico,73,35
2026-02-21,New Mexico,92,35
2026-02-28,New Mexico,92,35
2026-03-07,New Mexico,65,35
2026-03-14,New Mexico,60,35
2026-03-21,New Mexico,48,35
2026-03-28,New Mexico,11.999999999999996,35
2026-04-04,New Mexico,10,35
2026-04-11,New Mexico,9,35
2026-04-18,New Mexico,10,35
2026-04-25,New Mexico,7.000000000000001,35
2024-10-05,New York,15,36
2024-10-12,New York,1,36
2024-10-19,New York,11,36
2024-10-26,New York,17,36
2024-11-02,New York,15,36
2024-11-09,New York,54.99999999999999,36
2024-11-16,New York,63,36
2024-11-23,New York,103,36
2024-11-30,New York,145,36
2024-12-07,New York,275,36
2024-12-14,New York,432,36
2024-12-21,New York,736,36
2024-12-28,New York,1528,36
2025-01-04,New York,2593.9999999999995,36
2025-01-11,New York,2249,36
2025-01-18,New York,2617,36
2025-01-25,New York,2931,36
2025-02-01,New York,3128,36
2025-02-08,New York,2942,36
2025-02-15,New York,2492,36
2025-02-22,New York,2035,36
2025-03-01,New York,1630,36
2025-03-08,New York,1278,36
2025-03-15,New York,1107,36
2025-03-22,New York,894,36
2025-03-29,New York,611,36
2025-04-05,New York,508,36
2025-04-12,New York,395,36
2025-04-19,New York,283,36
2025-04-26,New York,209,36
2025-05-03,New York,157,36
2025-05-10,New York,105,36
2025-05-17,New York,63,36
2025-05-24,New York,50,36
2025-05-31,New York,41,36
2025-06-07,New York,26.999999999999996,36
2025-06-14,New York,29,36
2025-06-21,New York,27,36
2025-06-28,New York,22,36
2025-07-05,New York,22,36
2025-07-12,New York,24,36
2025-07-19,New York,19,36
2025-07-26,New York,19,36
2025-08-02,New York,13,36
2025-08-09,New York,12,36
2025-08-16,New York,14,36
2025-08-23,New York,21,36
2025-08-30,New York,17,36
2025-09-06,New York,19,36
2025-09-13,New York,15,36
2025-09-20,New York,9,36
2025-09-27,New York,27,36
2025-10-04,New York,22,36
2025-10-11,New York,23,36
2025-10-18,New York,30,36
2025-10-25,New York,31,36
2025-11-01,New York,59,36
2025-11-08,New York,79,36
2025-11-15,New York,186,36
2025-11-22,New York,355,36
2025-11-29,New York,701,36
2025-12-06,New York,1184,36
2025-12-13,New York,1934,36
2025-12-20,New York,3176,36
2025-12-27,New York,3869,36
2026-01-03,New York,3797,36
2026-01-10,New York,2384,36
2026-01-17,New York,1233,36
2026-01-24,New York,691,36
2026-01-31,New York,407,36
2026-02-07,New York,295,36
2026-02-14,New York,266,36
2026-02-21,New York,325,36
2026-02-28,New York,313,36
2026-03-07,New York,259,36
2026-03-14,New York,270,36
2026-03-21,New York,252,36
2026-03-28,New York,156,36
2026-04-04,New York,179,36
2026-04-11,New York,136,36
2026-04-18,New York,118,36
2026-04-25,New York,65,36
2024-10-05,North Carolina,1,37
2024-10-12,North Carolina,155,37
2024-10-19,North Carolina,97,37
2024-10-26,North Carolina,95,37
2024-11-02,North Carolina,14,37
2024-11-09,North Carolina,26.999999999999993,37
2024-11-16,North Carolina,38,37
2024-11-23,North Carolina,31,37
2024-11-30,North Carolina,43,37
2024-12-07,North Carolina,65,37
2024-12-14,North Carolina,173,37
2024-12-21,North Carolina,292,37
2024-12-28,North Carolina,611,37
2025-01-04,North Carolina,942,37
2025-01-11,North Carolina,833,37
2025-01-18,North Carolina,1109,37
2025-01-25,North Carolina,1582,37
2025-02-01,North Carolina,2082,37
2025-02-08,North Carolina,2280,37
2025-02-15,North Carolina,1694,37
2025-02-22,North Carolina,1174,37
2025-03-01,North Carolina,918,37
2025-03-08,North Carolina,822,37
2025-03-15,North Carolina,667,37
2025-03-22,North Carolina,434,37
2025-03-29,North Carolina,301,37
2025-04-05,North Carolina,188,37
2025-04-12,North Carolina,98,37
2025-04-19,North Carolina,60,37
2025-04-26,North Carolina,50,37
2025-05-03,North Carolina,39,37
2025-05-10,North Carolina,28,37
2025-05-17,North Carolina,18,37
2025-05-24,North Carolina,19,37
2025-05-31,North Carolina,18,37
2025-06-07,North Carolina,25,37
2025-06-14,North Carolina,18,37
2025-06-21,North Carolina,22,37
2025-06-28,North Carolina,23,37
2025-07-05,North Carolina,15,37
2025-07-12,North Carolina,12,37
2025-07-19,North Carolina,12,37
2025-07-26,North Carolina,14,37
2025-08-02,North Carolina,12,37
2025-08-09,North Carolina,12,37
2025-08-16,North Carolina,11,37
2025-08-23,North Carolina,11,37
2025-08-30,North Carolina,11,37
2025-09-06,North Carolina,11,37
2025-09-13,North Carolina,7.000000000000001,37
2025-09-20,North Carolina,19,37
2025-09-27,North Carolina,19.000000000000004,37
2025-10-04,North Carolina,19,37
2025-10-11,North Carolina,22,37
2025-10-18,North Carolina,23,37
2025-10-25,North Carolina,22,37
2025-11-01,North Carolina,27,37
2025-11-08,North Carolina,43,37
2025-11-15,North Carolina,174,37
2025-11-22,North Carolina,115.00000000000003,37
2025-11-29,North Carolina,159,37
2025-12-06,North Carolina,305,37
2025-12-13,North Carolina,525,37
2025-12-20,North Carolina,1201,37
2025-12-27,North Carolina,2461,37
2026-01-03,North Carolina,2374,37
2026-01-10,North Carolina,1360,37
2026-01-17,North Carolina,616.9999999999999,37
2026-01-24,North Carolina,497,37
2026-01-31,North Carolina,418,37
2026-02-07,North Carolina,369,37
2026-02-14,North Carolina,266,37
2026-02-21,North Carolina,298,37
2026-02-28,North Carolina,232.99999999999997,37
2026-03-07,North Carolina,199,37
2026-03-14,North Carolina,137,37
2026-03-21,North Carolina,82,37
2026-03-28,North Carolina,47,37
2026-04-04,North Carolina,35,37
2026-04-11,North Carolina,26,37
2026-04-18,North Carolina,13,37
2026-04-25,North Carolina,18,37
2024-10-05,North Dakota,1,38
2024-10-12,North Dakota,3,38
2024-10-19,North Dakota,1,38
2024-10-26,North Dakota,1,38
2024-11-02,North Dakota,2,38
2024-11-09,North Dakota,1.1102230246251565e-16,38
2024-11-16,North Dakota,1,38
2024-11-23,North Dakota,3.0000000000000004,38
2024-11-30,North Dakota,1,38
2024-12-07,North Dakota,2,38
2024-12-14,North Dakota,5,38
2024-12-21,North Dakota,8,38
2024-12-28,North Dakota,22,38
2025-01-04,North Dakota,56,38
2025-01-11,North Dakota,38,38
2025-01-18,North Dakota,61,38
2025-01-25,North Dakota,89,38
2025-02-01,North Dakota,104,38
2025-02-08,North Dakota,127,38
2025-02-15,North Dakota,85,38
2025-02-22,North Dakota,65,38
2025-03-01,North Dakota,47,38
2025-03-08,North Dakota,32,38
2025-03-15,North Dakota,36,38
2025-03-22,North Dakota,24,38
2025-03-29,North Dakota,25,38
2025-04-05,North Dakota,14,38
2025-04-12,North Dakota,11.999999999999998,38
2025-04-19,North Dakota,14,38
2025-04-26,North Dakota,11,38
2025-05-03,North Dakota,9,38
2025-05-10,North Dakota,4.999999999999999,38
2025-05-17,North Dakota,7,38
2025-05-24,North Dakota,3,38
2025-05-31,North Dakota,1,38
2025-06-07,North Dakota,5,38
2025-06-14,North Dakota,4,38
2025-06-21,North Dakota,2.9999999999999996,38
2025-06-28,North Dakota,1,38
2025-07-05,North Dakota,3.9999999999999996,38
2025-07-12,North Dakota,0,38
2025-07-19,North Dakota,0.9999999999999986,38
2025-07-26,North Dakota,0,38
2025-08-02,North Dakota,2.0000000000000004,38
2025-08-09,North Dakota,4,38
2025-08-16,North Dakota,3,38
2025-08-23,North Dakota,0,38
2025-08-30,North Dakota,1.0000000000000004,38
2025-09-06,North Dakota,2,38
2025-09-13,North Dakota,4,38
2025-09-20,North Dakota,2,38
2025-09-27,North Dakota,1.1102230246251565e-16,38
2025-10-04,North Dakota,3,38
2025-10-11,North Dakota,3,38
2025-10-18,North Dakota,1,38
2025-10-25,North Dakota,1.9999999999999998,38
2025-11-01,North Dakota,2,38
2025-11-08,North Dakota,4.999999999999999,38
2025-11-15,North Dakota,1,38
2025-11-22,North Dakota,2,38
2025-11-29,North Dakota,10,38
2025-12-06,North Dakota,9,38
2025-12-13,North Dakota,22,38
2025-12-20,North Dakota,55,38
2025-12-27,North Dakota,104,38
2026-01-03,North Dakota,159,38
2026-01-10,North Dakota,103,38
2026-01-17,North Dakota,95,38
2026-01-24,North Dakota,72,38
2026-01-31,North Dakota,61,38
2026-02-07,North Dakota,42,38
2026-02-14,North Dakota,30,38
2026-02-21,North Dakota,22,38
2026-02-28,North Dakota,18,38
2026-03-07,North Dakota,27,38
2026-03-14,North Dakota,22,38
2026-03-21,North Dakota,24,38
2026-03-28,North Dakota,14.999999999999998,38
2026-04-04,North Dakota,10,38
2026-04-11,North Dakota,11,38
2026-04-18,North Dakota,10,38
2026-04-25,North Dakota,3,38
2024-10-05,Ohio,1,39
2024-10-12,Ohio,3,39
2024-10-19,Ohio,21,39
2024-10-26,Ohio,459,39
2024-11-02,Ohio,17,39
2024-11-09,Ohio,24,39
2024-11-16,Ohio,40,39
2024-11-23,Ohio,40,39
2024-11-30,Ohio,55,39
2024-12-07,Ohio,93,39
2024-12-14,Ohio,152,39
2024-12-21,Ohio,308,39
2024-12-28,Ohio,725,39
2025-01-04,Ohio,1302,39
2025-01-11,Ohio,1044,39
2025-01-18,Ohio,1148,39
2025-01-25,Ohio,1735,39
2025-02-01,Ohio,2523,39
2025-02-08,Ohio,3269,39
2025-02-15,Ohio,3705,39
2025-02-22,Ohio,3266,39
2025-03-01,Ohio,2611,39
2025-03-08,Ohio,1905,39
2025-03-15,Ohio,1361,39
2025-03-22,Ohio,797,39
2025-03-29,Ohio,452.99999999999994,39
2025-04-05,Ohio,274,39
2025-04-12,Ohio,169,39
2025-04-19,Ohio,107,39
2025-04-26,Ohio,87,39
2025-05-03,Ohio,47,39
2025-05-10,Ohio,33,39
2025-05-17,Ohio,25,39
2025-05-24,Ohio,20,39
2025-05-31,Ohio,19,39
2025-06-07,Ohio,21,39
2025-06-14,Ohio,15,39
2025-06-21,Ohio,17,39
2025-06-28,Ohio,14,39
2025-07-05,Ohio,18,39
2025-07-12,Ohio,11,39
2025-07-19,Ohio,15,39
2025-07-26,Ohio,19,39
2025-08-02,Ohio,16,39
2025-08-09,Ohio,3,39
2025-08-16,Ohio,5,39
2025-08-23,Ohio,10,39
2025-08-30,Ohio,10,39
2025-09-06,Ohio,6,39
2025-09-13,Ohio,16,39
2025-09-20,Ohio,14,39
2025-09-27,Ohio,13,39
2025-10-04,Ohio,17,39
2025-10-11,Ohio,13,39
2025-10-18,Ohio,13,39
2025-10-25,Ohio,15,39
2025-11-01,Ohio,22,39
2025-11-08,Ohio,42,39
2025-11-15,Ohio,48,39
2025-11-22,Ohio,90,39
2025-11-29,Ohio,125,39
2025-12-06,Ohio,176,39
2025-12-13,Ohio,329,39
2025-12-20,Ohio,745.0000000000001,39
2025-12-27,Ohio,1610,39
2026-01-03,Ohio,1958,39
2026-01-10,Ohio,1377,39
2026-01-17,Ohio,858,39
2026-01-24,Ohio,724,39
2026-01-31,Ohio,610,39
2026-02-07,Ohio,514,39
2026-02-14,Ohio,528,39
2026-02-21,Ohio,663,39
2026-02-28,Ohio,522,39
2026-03-07,Ohio,459,39
2026-03-14,Ohio,417,39
2026-03-21,Ohio,257,39
2026-03-28,Ohio,60,39
2026-04-04,Ohio,35,39
2026-04-11,Ohio,42,39
2026-04-18,Ohio,27,39
2026-04-25,Ohio,35,39
2024-10-05,Oklahoma,1,40
2024-10-12,Oklahoma,1,40
2024-10-19,Oklahoma,1,40
2024-10-26,Oklahoma,9,40
2024-11-02,Oklahoma,3,40
2024-11-09,Oklahoma,12.999999999999998,40
2024-11-16,Oklahoma,13,40
2024-11-23,Oklahoma,14,40
2024-11-30,Oklahoma,40,40
2024-12-07,Oklahoma,40,40
2024-12-14,Oklahoma,56,40
2024-12-21,Oklahoma,106,40
2024-12-28,Oklahoma,282,40
2025-01-04,Oklahoma,404,40
2025-01-11,Oklahoma,285,40
2025-01-18,Oklahoma,439,40
2025-01-25,Oklahoma,692,40
2025-02-01,Oklahoma,1114,40
2025-02-08,Oklahoma,1076,40
2025-02-15,Oklahoma,787,40
2025-02-22,Oklahoma,500,40
2025-03-01,Oklahoma,334,40
2025-03-08,Oklahoma,236,40
2025-03-15,Oklahoma,143,40
2025-03-22,Oklahoma,86,40
2025-03-29,Oklahoma,75,40
2025-04-05,Oklahoma,40,40
2025-04-12,Oklahoma,19.999999999999996,40
2025-04-19,Oklahoma,21,40
2025-04-26,Oklahoma,17,40
2025-05-03,Oklahoma,16,40
2025-05-10,Oklahoma,13,40
2025-05-17,Oklahoma,19,40
2025-05-24,Oklahoma,13.000000000000002,40
2025-05-31,Oklahoma,8,40
2025-06-07,Oklahoma,12,40
2025-06-14,Oklahoma,12,40
2025-06-21,Oklahoma,11,40
2025-06-28,Oklahoma,14,40
2025-07-05,Oklahoma,8.000000000000002,40
2025-07-12,Oklahoma,2,40
2025-07-19,Oklahoma,4,40
2025-07-26,Oklahoma,10,40
2025-08-02,Oklahoma,5.000000000000001,40
2025-08-09,Oklahoma,7,40
2025-08-16,Oklahoma,5,40
2025-08-23,Oklahoma,11,40
2025-08-30,Oklahoma,3.9999999999999982,40
2025-09-06,Oklahoma,13,40
2025-09-13,Oklahoma,9,40
2025-09-20,Oklahoma,8,40
2025-09-27,Oklahoma,9,40
2025-10-04,Oklahoma,18,40
2025-10-11,Oklahoma,8,40
2025-10-18,Oklahoma,7,40
2025-10-25,Oklahoma,18,40
2025-11-01,Oklahoma,13,40
2025-11-08,Oklahoma,17.999999999999996,40
2025-11-15,Oklahoma,10,40
2025-11-22,Oklahoma,15.000000000000002,40
2025-11-29,Oklahoma,21,40
2025-12-06,Oklahoma,25,40
2025-12-13,Oklahoma,53,40
2025-12-20,Oklahoma,87,40
2025-12-27,Oklahoma,231,40
2026-01-03,Oklahoma,244,40
2026-01-10,Oklahoma,169,40
2026-01-17,Oklahoma,168,40
2026-01-24,Oklahoma,166,40
2026-01-31,Oklahoma,239,40
2026-02-07,Oklahoma,238,40
2026-02-14,Oklahoma,310,40
2026-02-21,Oklahoma,254,40
2026-02-28,Oklahoma,183,40
2026-03-07,Oklahoma,155,40
2026-03-14,Oklahoma,116,40
2026-03-21,Oklahoma,67,40
2026-03-28,Oklahoma,23,40
2026-04-04,Oklahoma,10,40
2026-04-11,Oklahoma,6.000000000000001,40
2026-04-18,Oklahoma,7,40
2026-04-25,Oklahoma,7,40
2024-10-05,Oregon,1,41
2024-10-12,Oregon,13,41
2024-10-19,Oregon,9,41
2024-10-26,Oregon,15,41
2024-11-02,Oregon,7,41
2024-11-09,Oregon,25,41
2024-11-16,Oregon,36,41
2024-11-23,Oregon,63,41
2024-11-30,Oregon,83,41
2024-12-07,Oregon,119,41
2024-12-14,Oregon,242,41
2024-12-21,Oregon,392,41
2024-12-28,Oregon,558,41
2025-01-04,Oregon,539,41
2025-01-11,Oregon,321,41
2025-01-18,Oregon,290,41
2025-01-25,Oregon,277,41
2025-02-01,Oregon,500,41
2025-02-08,Oregon,566,41
2025-02-15,Oregon,502,41
2025-02-22,Oregon,486,41
2025-03-01,Oregon,323,41
2025-03-08,Oregon,208,41
2025-03-15,Oregon,184,41
2025-03-22,Oregon,126,41
2025-03-29,Oregon,95,41
2025-04-05,Oregon,85,41
2025-04-12,Oregon,50,41
2025-04-19,Oregon,43,41
2025-04-26,Oregon,33,41
2025-05-03,Oregon,36,41
2025-05-10,Oregon,27,41
2025-05-17,Oregon,19,41
2025-05-24,Oregon,20,41
2025-05-31,Oregon,14,41
2025-06-07,Oregon,16,41
2025-06-14,Oregon,17,41
2025-06-21,Oregon,11.000000000000002,41
2025-06-28,Oregon,12,41
2025-07-05,Oregon,13,41
2025-07-12,Oregon,7,41
2025-07-19,Oregon,7,41
2025-07-26,Oregon,9,41
2025-08-02,Oregon,4.000000000000001,41
2025-08-09,Oregon,4,41
2025-08-16,Oregon,2,41
2025-08-23,Oregon,5,41
2025-08-30,Oregon,0,41
2025-09-06,Oregon,3,41
2025-09-13,Oregon,3,41
2025-09-20,Oregon,1,41
2025-09-27,Oregon,3,41
2025-10-04,Oregon,3,41
2025-10-11,Oregon,5,41
2025-10-18,Oregon,5,41
2025-10-25,Oregon,6,41
2025-11-01,Oregon,4,41
2025-11-08,Oregon,9,41
2025-11-15,Oregon,12,41
2025-11-22,Oregon,20,41
2025-11-29,Oregon,29,41
2025-12-06,Oregon,41,41
2025-12-13,Oregon,40,41
2025-12-20,Oregon,57,41
2025-12-27,Oregon,137,41
2026-01-03,Oregon,198,41
2026-01-10,Oregon,170,41
2026-01-17,Oregon,203,41
2026-01-24,Oregon,245,41
2026-01-31,Oregon,432,41
2026-02-07,Oregon,573,41
2026-02-14,Oregon,400,41
2026-02-21,Oregon,309,41
2026-02-28,Oregon,197,41
2026-03-07,Oregon,147,41
2026-03-14,Oregon,102,41
2026-03-21,Oregon,45,41
2026-03-28,Oregon,22.000000000000007,41
2026-04-04,Oregon,11,41
2026-04-11,Oregon,4,41
2026-04-18,Oregon,9,41
2026-04-25,Oregon,7.999999999999998,41
2024-10-05,Pennsylvania,123,42
2024-10-12,Pennsylvania,53,42
2024-10-19,Pennsylvania,13,42
2024-10-26,Pennsylvania,127,42
2024-11-02,Pennsylvania,104,42
2024-11-09,Pennsylvania,142,42
2024-11-16,Pennsylvania,111,42
2024-11-23,Pennsylvania,134,42
2024-11-30,Pennsylvania,116,42
2024-12-07,Pennsylvania,208,42
2024-12-14,Pennsylvania,349,42
2024-12-21,Pennsylvania,630,42
2024-12-28,Pennsylvania,1208,42
2025-01-04,Pennsylvania,2031,42
2025-01-11,Pennsylvania,2059,42
2025-01-18,Pennsylvania,2480,42
2025-01-25,Pennsylvania,3179,42
2025-02-01,Pennsylvania,3852,42
2025-02-08,Pennsylvania,4357,42
2025-02-15,Pennsylvania,4569,42
2025-02-22,Pennsylvania,3747,42
2025-03-01,Pennsylvania,3135,42
2025-03-08,Pennsylvania,2428,42
2025-03-15,Pennsylvania,1646,42
2025-03-22,Pennsylvania,1346,42
2025-03-29,Pennsylvania,958,42
2025-04-05,Pennsylvania,671,42
2025-04-12,Pennsylvania,479,42
2025-04-19,Pennsylvania,417,42
2025-04-26,Pennsylvania,474,42
2025-05-03,Pennsylvania,256,42
2025-05-10,Pennsylvania,262.00000000000006,42
2025-05-17,Pennsylvania,173,42
2025-05-24,Pennsylvania,172,42
2025-05-31,Pennsylvania,187,42
2025-06-07,Pennsylvania,162,42
2025-06-14,Pennsylvania,156,42
2025-06-21,Pennsylvania,153,42
2025-06-28,Pennsylvania,144,42
2025-07-05,Pennsylvania,104,42
2025-07-12,Pennsylvania,127,42
2025-07-19,Pennsylvania,106,42
2025-07-26,Pennsylvania,119,42
2025-08-02,Pennsylvania,92,42
2025-08-09,Pennsylvania,92,42
2025-08-16,Pennsylvania,105,42
2025-08-23,Pennsylvania,100,42
2025-08-30,Pennsylvania,93,42
2025-09-06,Pennsylvania,90,42
2025-09-13,Pennsylvania,120,42
2025-09-20,Pennsylvania,121,42
2025-09-27,Pennsylvania,119,42
2025-10-04,Pennsylvania,112,42
2025-10-11,Pennsylvania,119,42
2025-10-18,Pennsylvania,104,42
2025-10-25,Pennsylvania,132,42
2025-11-01,Pennsylvania,117,42
2025-11-08,Pennsylvania,113,42
2025-11-15,Pennsylvania,157,42
2025-11-22,Pennsylvania,221,42
2025-11-29,Pennsylvania,349,42
2025-12-06,Pennsylvania,513,42
2025-12-13,Pennsylvania,707,42
2025-12-20,Pennsylvania,1256,42
2025-12-27,Pennsylvania,2377,42
2026-01-03,Pennsylvania,3327,42
2026-01-10,Pennsylvania,2245,42
2026-01-17,Pennsylvania,1867,42
2026-01-24,Pennsylvania,1232,42
2026-01-31,Pennsylvania,1039,42
2026-02-07,Pennsylvania,842,42
2026-02-14,Pennsylvania,784,42
2026-02-21,Pennsylvania,774,42
2026-02-28,Pennsylvania,804,42
2026-03-07,Pennsylvania,853,42
2026-03-14,Pennsylvania,891,42
2026-03-21,Pennsylvania,682,42
2026-03-28,Pennsylvania,375,42
2026-04-04,Pennsylvania,366,42
2026-04-11,Pennsylvania,229,42
2026-04-18,Pennsylvania,182,42
2026-04-25,Pennsylvania,72.99999999999999,42
2024-10-05,Rhode Island,1,44
2024-10-12,Rhode Island,1,44
2024-10-19,Rhode Island,1,44
2024-10-26,Rhode Island,1,44
2024-11-02,Rhode Island,2,44
2024-11-09,Rhode Island,3,44
2024-11-16,Rhode Island,0,44
2024-11-23,Rhode Island,2,44
2024-11-30,Rhode Island,6,44
2024-12-07,Rhode Island,10,44
2024-12-14,Rhode Island,28,44
2024-12-21,Rhode Island,29,44
2024-12-28,Rhode Island,65,44
2025-01-04,Rhode Island,93,44
2025-01-11,Rhode Island,69,44
2025-01-18,Rhode Island,107,44
2025-01-25,Rhode Island,114,44
2025-02-01,Rhode Island,173,44
2025-02-08,Rhode Island,202,44
2025-02-15,Rhode Island,180,44
2025-02-22,Rhode Island,160,44
2025-03-01,Rhode Island,107,44
2025-03-08,Rhode Island,79,44
2025-03-15,Rhode Island,68,44
2025-03-22,Rhode Island,43,44
2025-03-29,Rhode Island,26,44
2025-04-05,Rhode Island,25,44
2025-04-12,Rhode Island,22,44
2025-04-19,Rhode Island,17,44
2025-04-26,Rhode Island,4.000000000000001,44
2025-05-03,Rhode Island,8,44
2025-05-10,Rhode Island,2.9999999999999982,44
2025-05-17,Rhode Island,2,44
2025-05-24,Rhode Island,2,44
2025-05-31,Rhode Island,2,44
2025-06-07,Rhode Island,3,44
2025-06-14,Rhode Island,0,44
2025-06-21,Rhode Island,9.71445146547012e-17,44
2025-06-28,Rhode Island,0,44
2025-07-05,Rhode Island,0,44
2025-07-12,Rhode Island,1,44
2025-07-19,Rhode Island,0,44
2025-07-26,Rhode Island,0,44
2025-08-02,Rhode Island,1,44
2025-08-09,Rhode Island,2,44
2025-08-16,Rhode Island,0.9999999999999999,44
2025-08-23,Rhode Island,1,44
2025-08-30,Rhode Island,5.551115123125783e-17,44
2025-09-06,Rhode Island,0,44
2025-09-13,Rhode Island,1.5785983631388945e-16,44
2025-09-20,Rhode Island,3,44
2025-09-27,Rhode Island,4,44
2025-10-04,Rhode Island,3,44
2025-10-11,Rhode Island,7,44
2025-10-18,Rhode Island,6,44
2025-10-25,Rhode Island,3.000000000000001,44
2025-11-01,Rhode Island,10,44
2025-11-08,Rhode Island,9,44
2025-11-15,Rhode Island,10,44
2025-11-22,Rhode Island,11,44
2025-11-29,Rhode Island,19,44
2025-12-06,Rhode Island,38,44
2025-12-13,Rhode Island,84,44
2025-12-20,Rhode Island,141,44
2025-12-27,Rhode Island,197,44
2026-01-03,Rhode Island,285,44
2026-01-10,Rhode Island,159,44
2026-01-17,Rhode Island,83.00000000000001,44
2026-01-24,Rhode Island,61,44
2026-01-31,Rhode Island,30,44
2026-02-07,Rhode Island,24,44
2026-02-14,Rhode Island,13.999999999999998,44
2026-02-21,Rhode Island,19,44
2026-02-28,Rhode Island,20,44
2026-03-07,Rhode Island,12,44
2026-03-14,Rhode Island,13.999999999999998,44
2026-03-21,Rhode Island,10,44
2026-03-28,Rhode Island,10,44
2026-04-04,Rhode Island,15,44
2026-04-11,Rhode Island,17,44
2026-04-18,Rhode Island,10,44
2026-04-25,Rhode Island,4.000000000000001,44
2024-10-05,South Carolina,3,45
2024-10-12,South Carolina,1,45
2024-10-19,South Carolina,17,45
2024-10-26,South Carolina,17,45
2024-11-02,South Carolina,11,45
2024-11-09,South Carolina,21,45
2024-11-16,South Carolina,13,45
2024-11-23,South Carolina,13,45
2024-11-30,South Carolina,18,45
2024-12-07,South Carolina,40,45
2024-12-14,South Carolina,80,45
2024-12-21,South Carolina,160,45
2024-12-28,South Carolina,327,45
2025-01-04,South Carolina,520,45
2025-01-11,South Carolina,443,45
2025-01-18,South Carolina,642,45
2025-01-25,South Carolina,833,45
2025-02-01,South Carolina,1287,45
2025-02-08,South Carolina,1241,45
2025-02-15,South Carolina,690,45
2025-02-22,South Carolina,479,45
2025-03-01,South Carolina,446,45
2025-03-08,South Carolina,408,45
2025-03-15,South Carolina,269,45
2025-03-22,South Carolina,188,45
2025-03-29,South Carolina,137,45
2025-04-05,South Carolina,80,45
2025-04-12,South Carolina,43,45
2025-04-19,South Carolina,34,45
2025-04-26,South Carolina,33,45
2025-05-03,South Carolina,16,45
2025-05-10,South Carolina,13,45
2025-05-17,South Carolina,15,45
2025-05-24,South Carolina,17,45
2025-05-31,South Carolina,18,45
2025-06-07,South Carolina,9,45
2025-06-14,South Carolina,8,45
2025-06-21,South Carolina,10,45
2025-06-28,South Carolina,16,45
2025-07-05,South Carolina,11.000000000000002,45
2025-07-12,South Carolina,4,45
2025-07-19,South Carolina,3.000000000000001,45
2025-07-26,South Carolina,5,45
2025-08-02,South Carolina,6,45
2025-08-09,South Carolina,5,45
2025-08-16,South Carolina,2,45
2025-08-23,South Carolina,8,45
2025-08-30,South Carolina,10.999999999999998,45
2025-09-06,South Carolina,7,45
2025-09-13,South Carolina,15,45
2025-09-20,South Carolina,5,45
2025-09-27,South Carolina,19,45
2025-10-04,South Carolina,17,45
2025-10-11,South Carolina,19,45
2025-10-18,South Carolina,6,45
2025-10-25,South Carolina,5.999999999999998,45
2025-11-01,South Carolina,12,45
2025-11-08,South Carolina,16,45
2025-11-15,South Carolina,20,45
2025-11-22,South Carolina,41,45
2025-11-29,South Carolina,53,45
2025-12-06,South Carolina,86,45
2025-12-13,South Carolina,123,45
2025-12-20,South Carolina,391,45
2025-12-27,South Carolina,856,45
2026-01-03,South Carolina,891,45
2026-01-10,South Carolina,559,45
2026-01-17,South Carolina,300.00000000000006,45
2026-01-24,South Carolina,241,45
2026-01-31,South Carolina,260,45
2026-02-07,South Carolina,255,45
2026-02-14,South Carolina,234,45
2026-02-21,South Carolina,258,45
2026-02-28,South Carolina,184,45
2026-03-07,South Carolina,96,45
2026-03-14,South Carolina,72,45
2026-03-21,South Carolina,53,45
2026-03-28,South Carolina,15.000000000000004,45
2026-04-04,South Carolina,13,45
2026-04-11,South Carolina,11,45
2026-04-18,South Carolina,3,45
2026-04-25,South Carolina,13,45
2024-10-05,South Dakota,1,46
2024-10-12,South Dakota,3,46
2024-10-19,South Dakota,3,46
2024-10-26,South Dakota,4,46
2024-11-02,South Dakota,0,46
2024-11-09,South Dakota,2,46
2024-11-16,South Dakota,0,46
2024-11-23,South Dakota,4.85722573273506e-17,46
2024-11-30,South Dakota,5,46
2024-12-07,South Dakota,0.9999999999999994,46
2024-12-14,South Dakota,8,46
2024-12-21,South Dakota,14,46
2024-12-28,South Dakota,33,46
2025-01-04,South Dakota,47,46
2025-01-11,South Dakota,50,46
2025-01-18,South Dakota,55,46
2025-01-25,South Dakota,88,46
2025-02-01,South Dakota,139,46
2025-02-08,South Dakota,207,46
2025-02-15,South Dakota,183,46
2025-02-22,South Dakota,110,46
2025-03-01,South Dakota,89.00000000000001,46
2025-03-08,South Dakota,59,46
2025-03-15,South Dakota,26,46
2025-03-22,South Dakota,16,46
2025-03-29,South Dakota,11,46
2025-04-05,South Dakota,8,46
2025-04-12,South Dakota,7,46
2025-04-19,South Dakota,10,46
2025-04-26,South Dakota,8,46
2025-05-03,South Dakota,4,46
2025-05-10,South Dakota,1.0000000000000002,46
2025-05-17,South Dakota,5,46
2025-05-24,South Dakota,6.999999999999999,46
2025-05-31,South Dakota,5,46
2025-06-07,South Dakota,3.0000000000000004,46
2025-06-14,South Dakota,7,46
2025-06-21,South Dakota,5.999999999999999,46
2025-06-28,South Dakota,2,46
2025-07-05,South Dakota,0.9999999999999999,46
2025-07-12,South Dakota,0,46
2025-07-19,South Dakota,2.42861286636753e-17,46
2025-07-26,South Dakota,4,46
2025-08-02,South Dakota,1.9999999999999993,46
2025-08-09,South Dakota,1,46
2025-08-16,South Dakota,1,46
2025-08-23,South Dakota,3,46
2025-08-30,South Dakota,2,46
2025-09-06,South Dakota,1,46
2025-09-13,South Dakota,1.9999999999999998,46
2025-09-20,South Dakota,2,46
2025-09-27,South Dakota,1,46
2025-10-04,South Dakota,1,46
2025-10-11,South Dakota,1.9999999999999998,46
2025-10-18,South Dakota,2,46
2025-10-25,South Dakota,2,46
2025-11-01,South Dakota,0,46
2025-11-08,South Dakota,9.71445146547012e-17,46
2025-11-15,South Dakota,1,46
2025-11-22,South Dakota,3.0000000000000004,46
2025-11-29,South Dakota,1,46
2025-12-06,South Dakota,5.000000000000001,46
2025-12-13,South Dakota,10,46
2025-12-20,South Dakota,26,46
2025-12-27,South Dakota,60,46
2026-01-03,South Dakota,108,46
2026-01-10,South Dakota,64,46
2026-01-17,South Dakota,78,46
2026-01-24,South Dakota,67,46
2026-01-31,South Dakota,61,46
2026-02-07,South Dakota,57,46
2026-02-14,South Dakota,47,46
2026-02-21,South Dakota,55,46
2026-02-28,South Dakota,49,46
2026-03-07,South Dakota,40,46
2026-03-14,South Dakota,20,46
2026-03-21,South Dakota,27,46
2026-03-28,South Dakota,12.999999999999996,46
2026-04-04,South Dakota,11,46
2026-04-11,South Dakota,10,46
2026-04-18,South Dakota,5,46
2026-04-25,South Dakota,8,46
2024-10-05,Tennessee,9,47
2024-10-12,Tennessee,5,47
2024-10-19,Tennessee,17,47
2024-10-26,Tennessee,63,47
2024-11-02,Tennessee,45,47
2024-11-09,Tennessee,96,47
2024-11-16,Tennessee,94,47
2024-11-23,Tennessee,59,47
2024-11-30,Tennessee,60,47
2024-12-07,Tennessee,115,47
2024-12-14,Tennessee,217,47
2024-12-21,Tennessee,372,47
2024-12-28,Tennessee,747,47
2025-01-04,Tennessee,1063,47
2025-01-11,Tennessee,684,47
2025-01-18,Tennessee,570,47
2025-01-25,Tennessee,646,47
2025-02-01,Tennessee,944,47
2025-02-08,Tennessee,1067,47
2025-02-15,Tennessee,699,47
2025-02-22,Tennessee,546,47
2025-03-01,Tennessee,526,47
2025-03-08,Tennessee,479,47
2025-03-15,Tennessee,461,47
2025-03-22,Tennessee,308,47
2025-03-29,Tennessee,219.00000000000003,47
2025-04-05,Tennessee,150,47
2025-04-12,Tennessee,100,47
2025-04-19,Tennessee,59,47
2025-04-26,Tennessee,65,47
2025-05-03,Tennessee,46,47
2025-05-10,Tennessee,32,47
2025-05-17,Tennessee,50,47
2025-05-24,Tennessee,36,47
2025-05-31,Tennessee,35,47
2025-06-07,Tennessee,35,47
2025-06-14,Tennessee,45,47
2025-06-21,Tennessee,33,47
2025-06-28,Tennessee,19,47
2025-07-05,Tennessee,13.000000000000002,47
2025-07-12,Tennessee,33,47
2025-07-19,Tennessee,34,47
2025-07-26,Tennessee,23,47
2025-08-02,Tennessee,17,47
2025-08-09,Tennessee,32,47
2025-08-16,Tennessee,23,47
2025-08-23,Tennessee,25,47
2025-08-30,Tennessee,25,47
2025-09-06,Tennessee,28,47
2025-09-13,Tennessee,36,47
2025-09-20,Tennessee,40,47
2025-09-27,Tennessee,41,47
2025-10-04,Tennessee,26,47
2025-10-11,Tennessee,26,47
2025-10-18,Tennessee,40,47
2025-10-25,Tennessee,21.999999999999996,47
2025-11-01,Tennessee,34,47
2025-11-08,Tennessee,56,47
2025-11-15,Tennessee,39,47
2025-11-22,Tennessee,57.00000000000001,47
2025-11-29,Tennessee,62,47
2025-12-06,Tennessee,106,47
2025-12-13,Tennessee,166,47
2025-12-20,Tennessee,346,47
2025-12-27,Tennessee,861,47
2026-01-03,Tennessee,863,47
2026-01-10,Tennessee,519,47
2026-01-17,Tennessee,315,47
2026-01-24,Tennessee,312,47
2026-01-31,Tennessee,373,47
2026-02-07,Tennessee,318,47
2026-02-14,Tennessee,323,47
2026-02-21,Tennessee,321,47
2026-02-28,Tennessee,248,47
2026-03-07,Tennessee,199,47
2026-03-14,Tennessee,176,47
2026-03-21,Tennessee,145,47
2026-03-28,Tennessee,81,47
2026-04-04,Tennessee,63,47
2026-04-11,Tennessee,50,47
2026-04-18,Tennessee,47,47
2026-04-25,Tennessee,37,47
2024-10-05,Texas,3,48
2024-10-12,Texas,159,48
2024-10-19,Texas,93,48
2024-10-26,Texas,127,48
2024-11-02,Texas,103,48
2024-11-09,Texas,185,48
2024-11-16,Texas,227,48
2024-11-23,Texas,276,48
2024-11-30,Texas,405,48
2024-12-07,Texas,530,48
2024-12-14,Texas,705,48
2024-12-21,Texas,1181,48
2024-12-28,Texas,2086,48
2025-01-04,Texas,2527,48
2025-01-11,Texas,2054,48
2025-01-18,Texas,2445,48
2025-01-25,Texas,3319,48
2025-02-01,Texas,4729,48
2025-02-08,Texas,4261,48
2025-02-15,Texas,2511,48
2025-02-22,Texas,1774,48
2025-03-01,Texas,1553,48
2025-03-08,Texas,1209,48
2025-03-15,Texas,909,48
2025-03-22,Texas,611,48
2025-03-29,Texas,539,48
2025-04-05,Texas,371,48
2025-04-12,Texas,284,48
2025-04-19,Texas,271,48
2025-04-26,Texas,230,48
2025-05-03,Texas,193,48
2025-05-10,Texas,176,48
2025-05-17,Texas,203,48
2025-05-24,Texas,143,48
2025-05-31,Texas,165,48
2025-06-07,Texas,147,48
2025-06-14,Texas,135,48
2025-06-21,Texas,121,48
2025-06-28,Texas,105,48
2025-07-05,Texas,80,48
2025-07-12,Texas,89,48
2025-07-19,Texas,82,48
2025-07-26,Texas,90,48
2025-08-02,Texas,85,48
2025-08-09,Texas,80,48
2025-08-16,Texas,91,48
2025-08-23,Texas,92,48
2025-08-30,Texas,105,48
2025-09-06,Texas,124,48
2025-09-13,Texas,117,48
2025-09-20,Texas,106,48
2025-09-27,Texas,134,48
2025-10-04,Texas,101,48
2025-10-11,Texas,131,48
2025-10-18,Texas,135,48
2025-10-25,Texas,139,48
2025-11-01,Texas,169,48
2025-11-08,Texas,232,48
2025-11-15,Texas,295,48
2025-11-22,Texas,442,48
2025-11-29,Texas,591,48
2025-12-06,Texas,690,48
2025-12-13,Texas,959,48
2025-12-20,Texas,1677,48
2025-12-27,Texas,2834,48
2026-01-03,Texas,2385,48
2026-01-10,Texas,1829,48
2026-01-17,Texas,1208,48
2026-01-24,Texas,1375,48
2026-01-31,Texas,1315,48
2026-02-07,Texas,1388,48
2026-02-14,Texas,1345,48
2026-02-21,Texas,1037,48
2026-02-28,Texas,779,48
2026-03-07,Texas,721,48
2026-03-14,Texas,431,48
2026-03-21,Texas,410,48
2026-03-28,Texas,242,48
2026-04-04,Texas,175,48
2026-04-11,Texas,124.99999999999999,48
2026-04-18,Texas,115,48
2026-04-25,Texas,119,48
2024-10-05,Utah,1,49
2024-10-12,Utah,1,49
2024-10-19,Utah,3,49
2024-10-26,Utah,11,49
2024-11-02,Utah,2,49
2024-11-09,Utah,7,49
2024-11-16,Utah,10,49
2024-11-23,Utah,20,49
2024-11-30,Utah,20,49
2024-12-07,Utah,64,49
2024-12-14,Utah,90,49
2024-12-21,Utah,163,49
2024-12-28,Utah,295,49
2025-01-04,Utah,388,49
2025-01-11,Utah,256,49
2025-01-18,Utah,199,49
2025-01-25,Utah,185,49
2025-02-01,Utah,195,49
2025-02-08,Utah,218,49
2025-02-15,Utah,203,49
2025-02-22,Utah,183,49
2025-03-01,Utah,123,49
2025-03-08,Utah,127,49
2025-03-15,Utah,102,49
2025-03-22,Utah,76,49
2025-03-29,Utah,54,49
2025-04-05,Utah,54,49
2025-04-12,Utah,33,49
2025-04-19,Utah,27,49
2025-04-26,Utah,19,49
2025-05-03,Utah,17,49
2025-05-10,Utah,14,49
2025-05-17,Utah,12,49
2025-05-24,Utah,14,49
2025-05-31,Utah,13,49
2025-06-07,Utah,7.000000000000001,49
2025-06-14,Utah,9,49
2025-06-21,Utah,0.9999999999999989,49
2025-06-28,Utah,3,49
2025-07-05,Utah,6,49
2025-07-12,Utah,7,49
2025-07-19,Utah,4,49
2025-07-26,Utah,4,49
2025-08-02,Utah,0.9999999999999998,49
2025-08-09,Utah,8,49
2025-08-16,Utah,3.000000000000002,49
2025-08-23,Utah,3,49
2025-08-30,Utah,4,49
2025-09-06,Utah,2,49
2025-09-13,Utah,4,49
2025-09-20,Utah,1,49
2025-09-27,Utah,2.0000000000000004,49
2025-10-04,Utah,2,49
2025-10-11,Utah,1.0000000000000002,49
2025-10-18,Utah,2,49
2025-10-25,Utah,1.0000000000000007,49
2025-11-01,Utah,1,49
2025-11-08,Utah,2,49
2025-11-15,Utah,11,49
2025-11-22,Utah,15,49
2025-11-29,Utah,32,49
2025-12-06,Utah,47,49
2025-12-13,Utah,64,49
2025-12-20,Utah,130,49
2025-12-27,Utah,234,49
2026-01-03,Utah,262,49
2026-01-10,Utah,160,49
2026-01-17,Utah,95,49
2026-01-24,Utah,77,49
2026-01-31,Utah,66,49
2026-02-07,Utah,91,49
2026-02-14,Utah,74,49
2026-02-21,Utah,65,49
2026-02-28,Utah,43,49
2026-03-07,Utah,19,49
2026-03-14,Utah,19,49
2026-03-21,Utah,49,49
2026-03-28,Utah,8.000000000000014,49
2026-04-04,Utah,3,49
2026-04-11,Utah,6.000000000000001,49
2026-04-18,Utah,5,49
2026-04-25,Utah,13,49
2024-10-05,Vermont,1,50
2024-10-12,Vermont,1,50
2024-10-19,Vermont,3,50
2024-10-26,Vermont,1,50
2024-11-02,Vermont,0,50
2024-11-09,Vermont,0,50
2024-11-16,Vermont,3,50
2024-11-23,Vermont,1.6653345369377348e-16,50
2024-11-30,Vermont,3,50
2024-12-07,Vermont,1.6653345369377348e-16,50
2024-12-14,Vermont,8,50
2024-12-21,Vermont,7.999999999999999,50
2024-12-28,Vermont,19,50
2025-01-04,Vermont,35,50
2025-01-11,Vermont,35,50
2025-01-18,Vermont,41,50
2025-01-25,Vermont,58,50
2025-02-01,Vermont,84,50
2025-02-08,Vermont,134,50
2025-02-15,Vermont,115,50
2025-02-22,Vermont,107,50
2025-03-01,Vermont,65,50
2025-03-08,Vermont,43,50
2025-03-15,Vermont,32,50
2025-03-22,Vermont,34,50
2025-03-29,Vermont,26,50
2025-04-05,Vermont,28,50
2025-04-12,Vermont,8.000000000000004,50
2025-04-19,Vermont,12,50
2025-04-26,Vermont,12.999999999999998,50
2025-05-03,Vermont,3,50
2025-05-10,Vermont,1,50
2025-05-17,Vermont,2,50
2025-05-24,Vermont,1,50
2025-05-31,Vermont,1,50
2025-06-07,Vermont,5.551115123125783e-17,50
2025-06-14,Vermont,0,50
2025-06-21,Vermont,0,50
2025-06-28,Vermont,0,50
2025-07-05,Vermont,0,50
2025-07-12,Vermont,0,50
2025-07-19,Vermont,0,50
2025-07-26,Vermont,0,50
2025-08-02,Vermont,0,50
2025-08-09,Vermont,0,50
2025-08-16,Vermont,0,50
2025-08-23,Vermont,0,50
2025-08-30,Vermont,1.0000000000000002,50
2025-09-06,Vermont,0,50
2025-09-13,Vermont,1,50
2025-09-20,Vermont,0,50
2025-09-27,Vermont,2.42861286636753e-17,50
2025-10-04,Vermont,0,50
2025-10-11,Vermont,0,50
2025-10-18,Vermont,0,50
2025-10-25,Vermont,0.9999999999999998,50
2025-11-01,Vermont,0,50
2025-11-08,Vermont,4,50
2025-11-15,Vermont,3,50
2025-11-22,Vermont,1.6653345369377348e-16,50
2025-11-29,Vermont,0,50
2025-12-06,Vermont,4.999999999999999,50
2025-12-13,Vermont,9,50
2025-12-20,Vermont,13,50
2025-12-27,Vermont,43,50
2026-01-03,Vermont,58,50
2026-01-10,Vermont,48,50
2026-01-17,Vermont,34,50
2026-01-24,Vermont,28,50
2026-01-31,Vermont,27,50
2026-02-07,Vermont,27,50
2026-02-14,Vermont,25,50
2026-02-21,Vermont,22,50
2026-02-28,Vermont,11.000000000000002,50
2026-03-07,Vermont,15,50
2026-03-14,Vermont,11,50
2026-03-21,Vermont,6,50
2026-03-28,Vermont,11,50
2026-04-04,Vermont,7,50
2026-04-11,Vermont,3,50
2026-04-18,Vermont,3,50
2026-04-25,Vermont,1,50
2024-10-05,Virginia,13,51
2024-10-12,Virginia,39,51
2024-10-19,Virginia,31,51
2024-10-26,Virginia,21,51
2024-11-02,Virginia,16,51
2024-11-09,Virginia,26,51
2024-11-16,Virginia,26,51
2024-11-23,Virginia,35,51
2024-11-30,Virginia,46,51
2024-12-07,Virginia,69,51
2024-12-14,Virginia,140,51
2024-12-21,Virginia,192,51
2024-12-28,Virginia,374,51
2025-01-04,Virginia,669,51
2025-01-11,Virginia,464,51
2025-01-18,Virginia,493,51
2025-01-25,Virginia,685,51
2025-02-01,Virginia,1083,51
2025-02-08,Virginia,1315,51
2025-02-15,Virginia,1190,51
2025-02-22,Virginia,909,51
2025-03-01,Virginia,727,51
2025-03-08,Virginia,556,51
2025-03-15,Virginia,514,51
2025-03-22,Virginia,339,51
2025-03-29,Virginia,212.99999999999997,51
2025-04-05,Virginia,153,51
2025-04-12,Virginia,93,51
2025-04-19,Virginia,56,51
2025-04-26,Virginia,54,51
2025-05-03,Virginia,40,51
2025-05-10,Virginia,35,51
2025-05-17,Virginia,16,51
2025-05-24,Virginia,33,51
2025-05-31,Virginia,27,51
2025-06-07,Virginia,20,51
2025-06-14,Virginia,19,51
2025-06-21,Virginia,10.999999999999998,51
2025-06-28,Virginia,12,51
2025-07-05,Virginia,14,51
2025-07-12,Virginia,10,51
2025-07-19,Virginia,4.999999999999999,51
2025-07-26,Virginia,12,51
2025-08-02,Virginia,10,51
2025-08-09,Virginia,10,51
2025-08-16,Virginia,9,51
2025-08-23,Virginia,8,51
2025-08-30,Virginia,9,51
2025-09-06,Virginia,12,51
2025-09-13,Virginia,12,51
2025-09-20,Virginia,12,51
2025-09-27,Virginia,15,51
2025-10-04,Virginia,15,51
2025-10-11,Virginia,18,51
2025-10-18,Virginia,13,51
2025-10-25,Virginia,12,51
2025-11-01,Virginia,15,51
2025-11-08,Virginia,30,51
2025-11-15,Virginia,34,51
2025-11-22,Virginia,62,51
2025-11-29,Virginia,99,51
2025-12-06,Virginia,167,51
2025-12-13,Virginia,195,51
2025-12-20,Virginia,357,51
2025-12-27,Virginia,843,51
2026-01-03,Virginia,1141,51
2026-01-10,Virginia,862,51
2026-01-17,Virginia,461,51
2026-01-24,Virginia,449,51
2026-01-31,Virginia,381,51
2026-02-07,Virginia,279,51
2026-02-14,Virginia,215,51
2026-02-21,Virginia,284,51
2026-02-28,Virginia,209,51
2026-03-07,Virginia,187,51
2026-03-14,Virginia,122,51
2026-03-21,Virginia,89,51
2026-03-28,Virginia,29,51
2026-04-04,Virginia,26,51
2026-04-11,Virginia,21,51
2026-04-18,Virginia,13,51
2026-04-25,Virginia,18,51
2024-10-05,Washington,21,53
2024-10-12,Washington,15,53
2024-10-19,Washington,3,53
2024-10-26,Washington,9,53
2024-11-02,Washington,2,53
2024-11-09,Washington,14,53
2024-11-16,Washington,22,53
2024-11-23,Washington,29,53
2024-11-30,Washington,46,53
2024-12-07,Washington,78,53
2024-12-14,Washington,188,53
2024-12-21,Washington,418,53
2024-12-28,Washington,541,53
2025-01-04,Washington,531,53
2025-01-11,Washington,392,53
2025-01-18,Washington,360,53
2025-01-25,Washington,417,53
2025-02-01,Washington,602,53
2025-02-08,Washington,747,53
2025-02-15,Washington,659,53
2025-02-22,Washington,671,53
2025-03-01,Washington,422.00000000000006,53
2025-03-08,Washington,253,53
2025-03-15,Washington,201,53
2025-03-22,Washington,165,53
2025-03-29,Washington,113,53
2025-04-05,Washington,101,53
2025-04-12,Washington,74,53
2025-04-19,Washington,42,53
2025-04-26,Washington,39,53
2025-05-03,Washington,20,53
2025-05-10,Washington,24,53
2025-05-17,Washington,16,53
2025-05-24,Washington,28.999999999999996,53
2025-05-31,Washington,26,53
2025-06-07,Washington,31,53
2025-06-14,Washington,23,53
2025-06-21,Washington,14,53
2025-06-28,Washington,13,53
2025-07-05,Washington,14,53
2025-07-12,Washington,8,53
2025-07-19,Washington,5,53
2025-07-26,Washington,6,53
2025-08-02,Washington,4,53
2025-08-09,Washington,7,53
2025-08-16,Washington,10,53
2025-08-23,Washington,10,53
2025-08-30,Washington,4,53
2025-09-06,Washington,13,53
2025-09-13,Washington,14,53
2025-09-20,Washington,6,53
2025-09-27,Washington,7.999999999999999,53
2025-10-04,Washington,6,53
2025-10-11,Washington,7,53
2025-10-18,Washington,11,53
2025-10-25,Washington,12,53
2025-11-01,Washington,16,53
2025-11-08,Washington,13,53
2025-11-15,Washington,19,53
2025-11-22,Washington,37,53
2025-11-29,Washington,36,53
2025-12-06,Washington,61,53
2025-12-13,Washington,59,53
2025-12-20,Washington,116.00000000000001,53
2025-12-27,Washington,164,53
2026-01-03,Washington,250,53
2026-01-10,Washington,261,53
2026-01-17,Washington,206,53
2026-01-24,Washington,236,53
2026-01-31,Washington,298,53
2026-02-07,Washington,334,53
2026-02-14,Washington,275,53
2026-02-21,Washington,230,53
2026-02-28,Washington,190,53
2026-03-07,Washington,158,53
2026-03-14,Washington,90.99999999999999,53
2026-03-21,Washington,79,53
2026-03-28,Washington,48,53
2026-04-04,Washington,55,53
2026-04-11,Washington,41,53
2026-04-18,Washington,40,53
2026-04-25,Washington,39,53
2024-10-05,West Virginia,1,54
2024-10-12,West Virginia,1,54
2024-10-19,West Virginia,1,54
2024-10-26,West Virginia,1,54
2024-11-02,West Virginia,0,54
2024-11-09,West Virginia,6,54
2024-11-16,West Virginia,4,54
2024-11-23,West Virginia,3.9999999999999996,54
2024-11-30,West Virginia,3,54
2024-12-07,West Virginia,13,54
2024-12-14,West Virginia,21,54
2024-12-21,West Virginia,37,54
2024-12-28,West Virginia,108,54
2025-01-04,West Virginia,199,54
2025-01-11,West Virginia,144,54
2025-01-18,West Virginia,133,54
2025-01-25,West Virginia,160,54
2025-02-01,West Virginia,267,54
2025-02-08,West Virginia,458,54
2025-02-15,West Virginia,617,54
2025-02-22,West Virginia,640,54
2025-03-01,West Virginia,511,54
2025-03-08,West Virginia,458,54
2025-03-15,West Virginia,347,54
2025-03-22,West Virginia,275,54
2025-03-29,West Virginia,168,54
2025-04-05,West Virginia,102,54
2025-04-12,West Virginia,47.00000000000001,54
2025-04-19,West Virginia,26,54
2025-04-26,West Virginia,18,54
2025-05-03,West Virginia,10,54
2025-05-10,West Virginia,6,54
2025-05-17,West Virginia,5,54
2025-05-24,West Virginia,1.0000000000000002,54
2025-05-31,West Virginia,1,54
2025-06-07,West Virginia,7,54
2025-06-14,West Virginia,0,54
2025-06-21,West Virginia,2,54
2025-06-28,West Virginia,1,54
2025-07-05,West Virginia,0.9999999999999998,54
2025-07-12,West Virginia,3,54
2025-07-19,West Virginia,5.551115123125783e-16,54
2025-07-26,West Virginia,0,54
2025-08-02,West Virginia,0.9999999999999998,54
2025-08-09,West Virginia,2,54
2025-08-16,West Virginia,4.996003610813204e-16,54
2025-08-23,West Virginia,0,54
2025-08-30,West Virginia,2.42861286636753e-17,54
2025-09-06,West Virginia,0,54
2025-09-13,West Virginia,1.0000000000000002,54
2025-09-20,West Virginia,0,54
2025-09-27,West Virginia,1.9999999999999996,54
2025-10-04,West Virginia,0,54
2025-10-11,West Virginia,2.9999999999999996,54
2025-10-18,West Virginia,1,54
2025-10-25,West Virginia,1,54
2025-11-01,West Virginia,1,54
2025-11-08,West Virginia,1.9999999999999998,54
2025-11-15,West Virginia,0,54
2025-11-22,West Virginia,2,54
2025-11-29,West Virginia,10,54
2025-12-06,West Virginia,19,54
2025-12-13,West Virginia,26,54
2025-12-20,West Virginia,65,54
2025-12-27,West Virginia,192,54
2026-01-03,West Virginia,229,54
2026-01-10,West Virginia,203,54
2026-01-17,West Virginia,170,54
2026-01-24,West Virginia,186,54
2026-01-31,West Virginia,218,54
2026-02-07,West Virginia,154,54
2026-02-14,West Virginia,122.99999999999999,54
2026-02-21,West Virginia,147,54
2026-02-28,West Virginia,133,54
2026-03-07,West Virginia,102,54
2026-03-14,West Virginia,105,54
2026-03-21,West Virginia,68,54
2026-03-28,West Virginia,24,54
2026-04-04,West Virginia,18,54
2026-04-11,West Virginia,11,54
2026-04-18,West Virginia,29,54
2026-04-25,West Virginia,16,54
2024-10-05,Wisconsin,3,55
2024-10-12,Wisconsin,1,55
2024-10-19,Wisconsin,15,55
2024-10-26,Wisconsin,15,55
2024-11-02,Wisconsin,5,55
2024-11-09,Wisconsin,12,55
2024-11-16,Wisconsin,6,55
2024-11-23,Wisconsin,18,55
2024-11-30,Wisconsin,12,55
2024-12-07,Wisconsin,27,55
2024-12-14,Wisconsin,66,55
2024-12-21,Wisconsin,120,55
2024-12-28,Wisconsin,253,55
2025-01-04,Wisconsin,389,55
2025-01-11,Wisconsin,388,55
2025-01-18,Wisconsin,593,55
2025-01-25,Wisconsin,857,55
2025-02-01,Wisconsin,1068,55
2025-02-08,Wisconsin,1153,55
2025-02-15,Wisconsin,1107,55
2025-02-22,Wisconsin,892,55
2025-03-01,Wisconsin,783,55
2025-03-08,Wisconsin,501,55
2025-03-15,Wisconsin,326,55
2025-03-22,Wisconsin,186,55
2025-03-29,Wisconsin,136,55
2025-04-05,Wisconsin,77,55
2025-04-12,Wisconsin,66,55
2025-04-19,Wisconsin,40,55
2025-04-26,Wisconsin,33,55
2025-05-03,Wisconsin,30,55
2025-05-10,Wisconsin,27,55
2025-05-17,Wisconsin,15,55
2025-05-24,Wisconsin,10,55
2025-05-31,Wisconsin,4,55
2025-06-07,Wisconsin,2,55
2025-06-14,Wisconsin,4,55
2025-06-21,Wisconsin,6,55
2025-06-28,Wisconsin,3,55
2025-07-05,Wisconsin,2.0000000000000004,55
2025-07-12,Wisconsin,1,55
2025-07-19,Wisconsin,7,55
2025-07-26,Wisconsin,3,55
2025-08-02,Wisconsin,5,55
2025-08-09,Wisconsin,3,55
2025-08-16,Wisconsin,1,55
2025-08-23,Wisconsin,4,55
2025-08-30,Wisconsin,3.9999999999999996,55
2025-09-06,Wisconsin,10,55
2025-09-13,Wisconsin,8,55
2025-09-20,Wisconsin,4,55
2025-09-27,Wisconsin,7,55
2025-10-04,Wisconsin,7,55
2025-10-11,Wisconsin,3,55
2025-10-18,Wisconsin,7,55
2025-10-25,Wisconsin,8,55
2025-11-01,Wisconsin,6,55
2025-11-08,Wisconsin,6,55
2025-11-15,Wisconsin,7,55
2025-11-22,Wisconsin,19,55
2025-11-29,Wisconsin,51,55
2025-12-06,Wisconsin,84,55
2025-12-13,Wisconsin,161,55
2025-12-20,Wisconsin,322,55
2025-12-27,Wisconsin,757,55
2026-01-03,Wisconsin,1060,55
2026-01-10,Wisconsin,722,55
2026-01-17,Wisconsin,452,55
2026-01-24,Wisconsin,361,55
2026-01-31,Wisconsin,267,55
2026-02-07,Wisconsin,284,55
2026-02-14,Wisconsin,258,55
2026-02-21,Wisconsin,253,55
2026-02-28,Wisconsin,205,55
2026-03-07,Wisconsin,166,55
2026-03-14,Wisconsin,148,55
2026-03-21,Wisconsin,136,55
2026-03-28,Wisconsin,100,55
2026-04-04,Wisconsin,71,55
2026-04-11,Wisconsin,58,55
2026-04-18,Wisconsin,32,55
2026-04-25,Wisconsin,23.000000000000004,55
2024-10-05,Wyoming,2,56
2024-10-12,Wyoming,0,56
2024-10-19,Wyoming,0,56
2024-10-26,Wyoming,7,56
2024-11-02,Wyoming,0,56
2024-11-09,Wyoming,4.999999999999998,56
2024-11-16,Wyoming,4,56
2024-11-23,Wyoming,9,56
2024-11-30,Wyoming,7,56
2024-12-07,Wyoming,5,56
2024-12-14,Wyoming,33,56
2024-12-21,Wyoming,18,56
2024-12-28,Wyoming,84,56
2025-01-04,Wyoming,116,56
2025-01-11,Wyoming,62,56
2025-01-18,Wyoming,84,56
2025-01-25,Wyoming,89,56
2025-02-01,Wyoming,102,56
2025-02-08,Wyoming,106,56
2025-02-15,Wyoming,72,56
2025-02-22,Wyoming,99,56
2025-03-01,Wyoming,56.99999999999999,56
2025-03-08,Wyoming,53,56
2025-03-15,Wyoming,44,56
2025-03-22,Wyoming,30,56
2025-03-29,Wyoming,23,56
2025-04-05,Wyoming,12,56
2025-04-12,Wyoming,4,56
2025-04-19,Wyoming,3,56
2025-04-26,Wyoming,6,56
2025-05-03,Wyoming,1,56
2025-05-10,Wyoming,4,56
2025-05-17,Wyoming,3,56
2025-05-24,Wyoming,3,56
2025-05-31,Wyoming,3,56
2025-06-07,Wyoming,2,56
2025-06-14,Wyoming,1,56
2025-06-21,Wyoming,2,56
2025-06-28,Wyoming,1,56
2025-07-05,Wyoming,1,56
2025-07-12,Wyoming,1,56
2025-07-19,Wyoming,5.551115123125783e-17,56
2025-07-26,Wyoming,0,56
2025-08-02,Wyoming,2,56
2025-08-09,Wyoming,0,56
2025-08-16,Wyoming,4.371503159461554e-16,56
2025-08-23,Wyoming,0,56
2025-08-30,Wyoming,1,56
2025-09-06,Wyoming,1,56
2025-09-13,Wyoming,1,56
2025-09-20,Wyoming,1,56
2025-09-27,Wyoming,0.9999999999999999,56
2025-10-04,Wyoming,2,56
2025-10-11,Wyoming,0,56
2025-10-18,Wyoming,0,56
2025-10-25,Wyoming,4,56
2025-11-01,Wyoming,5,56
2025-11-08,Wyoming,1.9999999999999998,56
2025-11-15,Wyoming,6,56
2025-11-22,Wyoming,2.000000000000001,56
2025-11-29,Wyoming,10,56
2025-12-06,Wyoming,10,56
2025-12-13,Wyoming,21,56
2025-12-20,Wyoming,28.999999999999996,56
2025-12-27,Wyoming,57,56
2026-01-03,Wyoming,58,56
2026-01-10,Wyoming,56,56
2026-01-17,Wyoming,26,56
2026-01-24,Wyoming,18,56
2026-01-31,Wyoming,10,56
2026-02-07,Wyoming,21,56
2026-02-14,Wyoming,29,56
2026-02-21,Wyoming,13,56
2026-02-28,Wyoming,15,56
2026-03-07,Wyoming,10,56
2026-03-14,Wyoming,11.000000000000002,56
2026-03-21,Wyoming,13,56
2026-03-28,Wyoming,4.000000000000001,56
2026-04-04,Wyoming,10,56
2026-04-11,Wyoming,9,56
2026-04-18,Wyoming,6,56
2026-04-25,Wyoming,1.1102230246251565e-15,56
