region_type,region,year,week,weighted_ili,unweighted_ili,age_0_4,age_25_49,age_25_64,age_5_24,age_50_64,age_65,ilitotal,num_of_providers,total_patients,week_start
States,Alabama,2022,36,NA,2.03738,NA,NA,NA,NA,NA,NA,1139,104,55905,2022-09-04
States,Alaska,2022,36,NA,1.50872,NA,NA,NA,NA,NA,NA,64,12,4242,2022-09-04
States,Arizona,2022,36,NA,0.835913,NA,NA,NA,NA,NA,NA,81,27,9690,2022-09-04
States,Arkansas,2022,36,NA,1.55616,NA,NA,NA,NA,NA,NA,230,43,14780,2022-09-04
States,California,2022,36,NA,1.79679,NA,NA,NA,NA,NA,NA,2152,137,119769,2022-09-04
States,Colorado,2022,36,NA,1.74047,NA,NA,NA,NA,NA,NA,737,78,42345,2022-09-04
States,Connecticut,2022,36,NA,1.34696,NA,NA,NA,NA,NA,NA,601,64,44619,2022-09-04
States,Delaware,2022,36,NA,1.06121,NA,NA,NA,NA,NA,NA,82,9,7727,2022-09-04
States,District of Columbia,2022,36,NA,4.46429,NA,NA,NA,NA,NA,NA,255,4,5712,2022-09-04
States,Florida,2022,36,NA,3.22321,NA,NA,NA,NA,NA,NA,7841,347,243267,2022-09-04
States,Georgia,2022,36,NA,3.58241,NA,NA,NA,NA,NA,NA,2970,102,82905,2022-09-04
States,Hawaii,2022,36,NA,2.81536,NA,NA,NA,NA,NA,NA,77,18,2735,2022-09-04
States,Idaho,2022,36,NA,0.80018,NA,NA,NA,NA,NA,NA,71,31,8873,2022-09-04
States,Illinois,2022,36,NA,2.07513,NA,NA,NA,NA,NA,NA,1575,174,75899,2022-09-04
States,Indiana,2022,36,NA,1.49359,NA,NA,NA,NA,NA,NA,866,101,57981,2022-09-04
States,Iowa,2022,36,NA,0.673474,NA,NA,NA,NA,NA,NA,31,15,4603,2022-09-04
States,Kansas,2022,36,NA,1.24414,NA,NA,NA,NA,NA,NA,122,13,9806,2022-09-04
States,Kentucky,2022,36,NA,1.75568,NA,NA,NA,NA,NA,NA,645,67,36738,2022-09-04
States,Louisiana,2022,36,NA,1.95804,NA,NA,NA,NA,NA,NA,896,86,45760,2022-09-04
States,Maine,2022,36,NA,0.95729,NA,NA,NA,NA,NA,NA,143,45,14938,2022-09-04
States,Maryland,2022,36,NA,1.72862,NA,NA,NA,NA,NA,NA,744,58,43040,2022-09-04
States,Massachusetts,2022,36,NA,0.914233,NA,NA,NA,NA,NA,NA,611,78,66832,2022-09-04
States,Michigan,2022,36,NA,0.810605,NA,NA,NA,NA,NA,NA,713,147,87959,2022-09-04
States,Minnesota,2022,36,NA,0.908511,NA,NA,NA,NA,NA,NA,228,70,25096,2022-09-04
States,Mississippi,2022,36,NA,3.47865,NA,NA,NA,NA,NA,NA,462,29,13281,2022-09-04
States,Missouri,2022,36,NA,1.39017,NA,NA,NA,NA,NA,NA,421,41,30284,2022-09-04
States,Montana,2022,36,NA,0.734982,NA,NA,NA,NA,NA,NA,52,28,7075,2022-09-04
States,Nebraska,2022,36,NA,2.39633,NA,NA,NA,NA,NA,NA,345,69,14397,2022-09-04
States,Nevada,2022,36,NA,1.24342,NA,NA,NA,NA,NA,NA,130,23,10455,2022-09-04
States,New Hampshire,2022,36,NA,0.116144,NA,NA,NA,NA,NA,NA,1,8,861,2022-09-04
States,New Jersey,2022,36,NA,2.30391,NA,NA,NA,NA,NA,NA,660,33,28647,2022-09-04
States,New Mexico,2022,36,NA,3.01382,NA,NA,NA,NA,NA,NA,687,37,22795,2022-09-04
States,New York,2022,36,NA,1.21673,NA,NA,NA,NA,NA,NA,623,118,51203,2022-09-04
States,North Carolina,2022,36,NA,1.46133,NA,NA,NA,NA,NA,NA,1332,127,91150,2022-09-04
States,North Dakota,2022,36,NA,1.11353,NA,NA,NA,NA,NA,NA,41,9,3682,2022-09-04
States,Ohio,2022,36,NA,2.33511,NA,NA,NA,NA,NA,NA,957,76,40983,2022-09-04
States,Oklahoma,2022,36,NA,0.825202,NA,NA,NA,NA,NA,NA,137,33,16602,2022-09-04
States,Oregon,2022,36,NA,0.713497,NA,NA,NA,NA,NA,NA,278,88,38963,2022-09-04
States,Pennsylvania,2022,36,NA,1.03533,NA,NA,NA,NA,NA,NA,701,96,67708,2022-09-04
States,Rhode Island,2022,36,NA,0.396922,NA,NA,NA,NA,NA,NA,49,22,12345,2022-09-04
States,South Carolina,2022,36,NA,1.94178,NA,NA,NA,NA,NA,NA,573,38,29509,2022-09-04
States,South Dakota,2022,36,NA,0.635356,NA,NA,NA,NA,NA,NA,51,30,8027,2022-09-04
States,Tennessee,2022,36,NA,2.34461,NA,NA,NA,NA,NA,NA,877,103,37405,2022-09-04
States,Texas,2022,36,NA,3.92683,NA,NA,NA,NA,NA,NA,1930,51,49149,2022-09-04
States,Utah,2022,36,NA,2.22134,NA,NA,NA,NA,NA,NA,393,43,17692,2022-09-04
States,Vermont,2022,36,NA,0.503119,NA,NA,NA,NA,NA,NA,25,11,4969,2022-09-04
States,Virginia,2022,36,NA,2.23899,NA,NA,NA,NA,NA,NA,2480,168,110764,2022-09-04
States,Washington,2022,36,NA,1.03862,NA,NA,NA,NA,NA,NA,355,67,34180,2022-09-04
States,West Virginia,2022,36,NA,0.977637,NA,NA,NA,NA,NA,NA,80,27,8183,2022-09-04
States,Wisconsin,2022,36,NA,0.799885,NA,NA,NA,NA,NA,NA,167,33,20878,2022-09-04
States,Wyoming,2022,36,NA,1.26219,NA,NA,NA,NA,NA,NA,22,9,1743,2022-09-04
States,Commonwealth of the Northern Mariana Islands,2022,36,NA,NA,NA,NA,NA,NA,NA,NA,NA,NA,NA,2022-09-04
States,Puerto Rico,2022,36,NA,8.77193,NA,NA,NA,NA,NA,NA,330,10,3762,2022-09-04
States,Virgin Islands,2022,36,NA,0.811808,NA,NA,NA,NA,NA,NA,11,4,1355,2022-09-04
States,New York City,2022,36,NA,1.56178,NA,NA,NA,NA,NA,NA,1182,23,75683,2022-09-04
States,Alabama,2022,37,NA,1.79099,NA,NA,NA,NA,NA,NA,1055,106,58906,2022-09-11
States,Alaska,2022,37,NA,1.06436,NA,NA,NA,NA,NA,NA,43,12,4040,2022-09-11
States,Arizona,2022,37,NA,0.825909,NA,NA,NA,NA,NA,NA,89,29,10776,2022-09-11
States,Arkansas,2022,37,NA,1.53406,NA,NA,NA,NA,NA,NA,225,42,14667,2022-09-11
States,California,2022,37,NA,1.73253,NA,NA,NA,NA,NA,NA,2147,144,123923,2022-09-11
States,Colorado,2022,37,NA,1.885,NA,NA,NA,NA,NA,NA,851,78,45146,2022-09-11
States,Connecticut,2022,37,NA,1.6883,NA,NA,NA,NA,NA,NA,791,64,46852,2022-09-11
States,Delaware,2022,37,NA,0.807549,NA,NA,NA,NA,NA,NA,89,17,11021,2022-09-11
States,District of Columbia,2022,37,NA,6.11721,NA,NA,NA,NA,NA,NA,429,4,7013,2022-09-11
States,Florida,2022,37,NA,3.06748,NA,NA,NA,NA,NA,NA,7355,347,239773,2022-09-11
States,Georgia,2022,37,NA,3.43385,NA,NA,NA,NA,NA,NA,2815,103,81978,2022-09-11
States,Hawaii,2022,37,NA,3.05791,NA,NA,NA,NA,NA,NA,94,20,3074,2022-09-11
States,Idaho,2022,37,NA,0.731734,NA,NA,NA,NA,NA,NA,68,31,9293,2022-09-11
States,Illinois,2022,37,NA,1.84541,NA,NA,NA,NA,NA,NA,1385,172,75051,2022-09-11
States,Indiana,2022,37,NA,1.42023,NA,NA,NA,NA,NA,NA,800,101,56329,2022-09-11
States,Iowa,2022,37,NA,0.617284,NA,NA,NA,NA,NA,NA,36,15,5832,2022-09-11
States,Kansas,2022,37,NA,0.864964,NA,NA,NA,NA,NA,NA,85,13,9827,2022-09-11
States,Kentucky,2022,37,NA,1.81741,NA,NA,NA,NA,NA,NA,642,65,35325,2022-09-11
States,Louisiana,2022,37,NA,1.98365,NA,NA,NA,NA,NA,NA,922,86,46480,2022-09-11
States,Maine,2022,37,NA,1.06822,NA,NA,NA,NA,NA,NA,171,45,16008,2022-09-11
States,Maryland,2022,37,NA,2.01705,NA,NA,NA,NA,NA,NA,918,58,45512,2022-09-11
States,Massachusetts,2022,37,NA,1.12976,NA,NA,NA,NA,NA,NA,828,77,73290,2022-09-11
States,Michigan,2022,37,NA,0.921394,NA,NA,NA,NA,NA,NA,832,151,90298,2022-09-11
States,Minnesota,2022,37,NA,1.12719,NA,NA,NA,NA,NA,NA,352,70,31228,2022-09-11
States,Mississippi,2022,37,NA,2.66585,NA,NA,NA,NA,NA,NA,348,29,13054,2022-09-11
States,Missouri,2022,37,NA,1.30524,NA,NA,NA,NA,NA,NA,381,41,29190,2022-09-11
States,Montana,2022,37,NA,0.83682,NA,NA,NA,NA,NA,NA,60,28,7170,2022-09-11
States,Nebraska,2022,37,NA,2.02797,NA,NA,NA,NA,NA,NA,306,72,15089,2022-09-11
States,Nevada,2022,37,NA,1.23303,NA,NA,NA,NA,NA,NA,129,24,10462,2022-09-11
States,New Hampshire,2022,37,NA,0.257069,NA,NA,NA,NA,NA,NA,3,8,1167,2022-09-11
States,New Jersey,2022,37,NA,2.89386,NA,NA,NA,NA,NA,NA,876,33,30271,2022-09-11
States,New Mexico,2022,37,NA,2.46466,NA,NA,NA,NA,NA,NA,544,37,22072,2022-09-11
States,New York,2022,37,NA,1.71699,NA,NA,NA,NA,NA,NA,982,117,57193,2022-09-11
States,North Carolina,2022,37,NA,1.54958,NA,NA,NA,NA,NA,NA,1409,129,90928,2022-09-11
States,North Dakota,2022,37,NA,3.31197,NA,NA,NA,NA,NA,NA,124,10,3744,2022-09-11
States,Ohio,2022,37,NA,2.29183,NA,NA,NA,NA,NA,NA,930,75,40579,2022-09-11
States,Oklahoma,2022,37,NA,0.765215,NA,NA,NA,NA,NA,NA,129,33,16858,2022-09-11
States,Oregon,2022,37,NA,0.787889,NA,NA,NA,NA,NA,NA,318,88,40361,2022-09-11
States,Pennsylvania,2022,37,NA,1.13296,NA,NA,NA,NA,NA,NA,784,97,69199,2022-09-11
States,Rhode Island,2022,37,NA,0.861625,NA,NA,NA,NA,NA,NA,117,24,13579,2022-09-11
States,South Carolina,2022,37,NA,1.99485,NA,NA,NA,NA,NA,NA,604,39,30278,2022-09-11
States,South Dakota,2022,37,NA,0.64276,NA,NA,NA,NA,NA,NA,57,31,8868,2022-09-11
States,Tennessee,2022,37,NA,2.28645,NA,NA,NA,NA,NA,NA,818,100,35776,2022-09-11
States,Texas,2022,37,NA,3.76957,NA,NA,NA,NA,NA,NA,1948,51,51677,2022-09-11
States,Utah,2022,37,NA,1.71843,NA,NA,NA,NA,NA,NA,322,44,18738,2022-09-11
States,Vermont,2022,37,NA,0.684411,NA,NA,NA,NA,NA,NA,36,11,5260,2022-09-11
States,Virginia,2022,37,NA,2.46721,NA,NA,NA,NA,NA,NA,2746,168,111300,2022-09-11
States,Washington,2022,37,NA,1.22778,NA,NA,NA,NA,NA,NA,438,67,35674,2022-09-11
States,West Virginia,2022,37,NA,1.57729,NA,NA,NA,NA,NA,NA,145,31,9193,2022-09-11
States,Wisconsin,2022,37,NA,0.932604,NA,NA,NA,NA,NA,NA,203,34,21767,2022-09-11
States,Wyoming,2022,37,NA,0.900901,NA,NA,NA,NA,NA,NA,19,9,2109,2022-09-11
States,Commonwealth of the Northern Mariana Islands,2022,37,NA,NA,NA,NA,NA,NA,NA,NA,NA,NA,NA,2022-09-11
States,Puerto Rico,2022,37,NA,7.78465,NA,NA,NA,NA,NA,NA,214,8,2749,2022-09-11
States,Virgin Islands,2022,37,NA,0.524345,NA,NA,NA,NA,NA,NA,7,4,1335,2022-09-11
States,New York City,2022,37,NA,2.15929,NA,NA,NA,NA,NA,NA,1698,24,78637,2022-09-11
States,Alabama,2022,38,NA,1.9431,NA,NA,NA,NA,NA,NA,1142,106,58772,2022-09-18
States,Alaska,2022,38,NA,1.48577,NA,NA,NA,NA,NA,NA,59,12,3971,2022-09-18
States,Arizona,2022,38,NA,0.858331,NA,NA,NA,NA,NA,NA,97,29,11301,2022-09-18
States,Arkansas,2022,38,NA,1.41528,NA,NA,NA,NA,NA,NA,184,40,13001,2022-09-18
States,California,2022,38,NA,1.88569,NA,NA,NA,NA,NA,NA,2333,144,123721,2022-09-18
States,Colorado,2022,38,NA,1.89645,NA,NA,NA,NA,NA,NA,852,78,44926,2022-09-18
States,Connecticut,2022,38,NA,1.72177,NA,NA,NA,NA,NA,NA,791,64,45941,2022-09-18
States,Delaware,2022,38,NA,1.05991,NA,NA,NA,NA,NA,NA,118,17,11133,2022-09-18
States,District of Columbia,2022,38,NA,6.28361,NA,NA,NA,NA,NA,NA,409,4,6509,2022-09-18
States,Florida,2022,38,NA,3.33144,NA,NA,NA,NA,NA,NA,8039,347,241307,2022-09-18
States,Georgia,2022,38,NA,4.26176,NA,NA,NA,NA,NA,NA,3436,104,80624,2022-09-18
States,Hawaii,2022,38,NA,3.06649,NA,NA,NA,NA,NA,NA,95,20,3098,2022-09-18
States,Idaho,2022,38,NA,0.555206,NA,NA,NA,NA,NA,NA,53,31,9546,2022-09-18
States,Illinois,2022,38,NA,1.96208,NA,NA,NA,NA,NA,NA,1423,170,72525,2022-09-18
States,Indiana,2022,38,NA,1.81946,NA,NA,NA,NA,NA,NA,1065,101,58534,2022-09-18
States,Iowa,2022,38,NA,0.412726,NA,NA,NA,NA,NA,NA,24,14,5815,2022-09-18
States,Kansas,2022,38,NA,1.36743,NA,NA,NA,NA,NA,NA,131,13,9580,2022-09-18
States,Kentucky,2022,38,NA,1.81301,NA,NA,NA,NA,NA,NA,625,65,34473,2022-09-18
States,Louisiana,2022,38,NA,2.24753,NA,NA,NA,NA,NA,NA,1044,86,46451,2022-09-18
States,Maine,2022,38,NA,1.24443,NA,NA,NA,NA,NA,NA,187,46,15027,2022-09-18
States,Maryland,2022,38,NA,2.25475,NA,NA,NA,NA,NA,NA,1012,57,44883,2022-09-18
States,Massachusetts,2022,38,NA,1.23265,NA,NA,NA,NA,NA,NA,1016,84,82424,2022-09-18
States,Michigan,2022,38,NA,1.01606,NA,NA,NA,NA,NA,NA,916,151,90152,2022-09-18
States,Minnesota,2022,38,NA,1.26518,NA,NA,NA,NA,NA,NA,426,70,33671,2022-09-18
States,Mississippi,2022,38,NA,2.64077,NA,NA,NA,NA,NA,NA,325,25,12307,2022-09-18
States,Missouri,2022,38,NA,1.07778,NA,NA,NA,NA,NA,NA,304,41,28206,2022-09-18
States,Montana,2022,38,NA,0.978577,NA,NA,NA,NA,NA,NA,74,28,7562,2022-09-18
States,Nebraska,2022,38,NA,1.79439,NA,NA,NA,NA,NA,NA,303,83,16886,2022-09-18
States,Nevada,2022,38,NA,1.30551,NA,NA,NA,NA,NA,NA,137,24,10494,2022-09-18
States,New Hampshire,2022,38,NA,0,NA,NA,NA,NA,NA,NA,0,10,1528,2022-09-18
States,New Jersey,2022,38,NA,3.11816,NA,NA,NA,NA,NA,NA,954,33,30595,2022-09-18
States,New Mexico,2022,38,NA,2.53704,NA,NA,NA,NA,NA,NA,548,36,21600,2022-09-18
States,New York,2022,38,NA,1.87767,NA,NA,NA,NA,NA,NA,1091,117,58104,2022-09-18
States,North Carolina,2022,38,NA,1.81693,NA,NA,NA,NA,NA,NA,1667,130,91748,2022-09-18
States,North Dakota,2022,38,NA,3.90795,NA,NA,NA,NA,NA,NA,90,11,2303,2022-09-18
States,Ohio,2022,38,NA,2.28157,NA,NA,NA,NA,NA,NA,932,77,40849,2022-09-18
States,Oklahoma,2022,38,NA,0.646853,NA,NA,NA,NA,NA,NA,111,32,17160,2022-09-18
States,Oregon,2022,38,NA,0.985091,NA,NA,NA,NA,NA,NA,407,88,41316,2022-09-18
States,Pennsylvania,2022,38,NA,1.16593,NA,NA,NA,NA,NA,NA,808,97,69301,2022-09-18
States,Rhode Island,2022,38,NA,1.00488,NA,NA,NA,NA,NA,NA,138,24,13733,2022-09-18
States,South Carolina,2022,38,NA,2.26625,NA,NA,NA,NA,NA,NA,692,38,30535,2022-09-18
States,South Dakota,2022,38,NA,0.659439,NA,NA,NA,NA,NA,NA,59,31,8947,2022-09-18
States,Tennessee,2022,38,NA,2.78308,NA,NA,NA,NA,NA,NA,1006,101,36147,2022-09-18
States,Texas,2022,38,NA,4.70016,NA,NA,NA,NA,NA,NA,2621,52,55764,2022-09-18
States,Utah,2022,38,NA,1.72104,NA,NA,NA,NA,NA,NA,326,44,18942,2022-09-18
States,Vermont,2022,38,NA,0.786132,NA,NA,NA,NA,NA,NA,39,11,4961,2022-09-18
States,Virginia,2022,38,NA,2.72458,NA,NA,NA,NA,NA,NA,3056,168,112164,2022-09-18
States,Washington,2022,38,NA,1.40313,NA,NA,NA,NA,NA,NA,513,67,36561,2022-09-18
States,West Virginia,2022,38,NA,1.62389,NA,NA,NA,NA,NA,NA,143,29,8806,2022-09-18
States,Wisconsin,2022,38,NA,1.15712,NA,NA,NA,NA,NA,NA,235,29,20309,2022-09-18
States,Wyoming,2022,38,NA,0.953895,NA,NA,NA,NA,NA,NA,18,9,1887,2022-09-18
States,Commonwealth of the Northern Mariana Islands,2022,38,NA,NA,NA,NA,NA,NA,NA,NA,NA,NA,NA,2022-09-18
States,Puerto Rico,2022,38,NA,8.10811,NA,NA,NA,NA,NA,NA,225,10,2775,2022-09-18
States,Virgin Islands,2022,38,NA,1.13475,NA,NA,NA,NA,NA,NA,16,4,1410,2022-09-18
States,New York City,2022,38,NA,2.82554,NA,NA,NA,NA,NA,NA,2286,26,80905,2022-09-18
States,Alabama,2022,39,NA,2.38387,NA,NA,NA,NA,NA,NA,1302,96,54617,2022-09-25
States,Alaska,2022,39,NA,1.17441,NA,NA,NA,NA,NA,NA,47,12,4002,2022-09-25
States,Arizona,2022,39,NA,0.971223,NA,NA,NA,NA,NA,NA,108,29,11120,2022-09-25
States,Arkansas,2022,39,NA,1.58473,NA,NA,NA,NA,NA,NA,225,44,14198,2022-09-25
States,California,2022,39,NA,1.97883,NA,NA,NA,NA,NA,NA,2443,148,123457,2022-09-25
States,Colorado,2022,39,NA,2.25358,NA,NA,NA,NA,NA,NA,995,78,44152,2022-09-25
States,Connecticut,2022,39,NA,1.83094,NA,NA,NA,NA,NA,NA,830,64,45332,2022-09-25
States,Delaware,2022,39,NA,0.987224,NA,NA,NA,NA,NA,NA,102,14,10332,2022-09-25
States,District of Columbia,2022,39,NA,5.72777,NA,NA,NA,NA,NA,NA,364,4,6355,2022-09-25
States,Florida,2022,39,NA,3.39787,NA,NA,NA,NA,NA,NA,7288,349,214487,2022-09-25
States,Georgia,2022,39,NA,4.87823,NA,NA,NA,NA,NA,NA,4008,103,82161,2022-09-25
States,Hawaii,2022,39,NA,3.04737,NA,NA,NA,NA,NA,NA,92,22,3019,2022-09-25
States,Idaho,2022,39,NA,0.689797,NA,NA,NA,NA,NA,NA,67,31,9713,2022-09-25
States,Illinois,2022,39,NA,2.01751,NA,NA,NA,NA,NA,NA,1560,172,77323,2022-09-25
States,Indiana,2022,39,NA,1.96224,NA,NA,NA,NA,NA,NA,1108,102,56466,2022-09-25
States,Iowa,2022,39,NA,0.44915,NA,NA,NA,NA,NA,NA,28,15,6234,2022-09-25
States,Kansas,2022,39,NA,2.33107,NA,NA,NA,NA,NA,NA,257,14,11025,2022-09-25
States,Kentucky,2022,39,NA,1.98731,NA,NA,NA,NA,NA,NA,664,66,33412,2022-09-25
States,Louisiana,2022,39,NA,2.55885,NA,NA,NA,NA,NA,NA,1136,86,44395,2022-09-25
States,Maine,2022,39,NA,1.08338,NA,NA,NA,NA,NA,NA,168,46,15507,2022-09-25
States,Maryland,2022,39,NA,2.34579,NA,NA,NA,NA,NA,NA,1023,59,43610,2022-09-25
States,Massachusetts,2022,39,NA,1.39094,NA,NA,NA,NA,NA,NA,1113,84,80018,2022-09-25
States,Michigan,2022,39,NA,1.039,NA,NA,NA,NA,NA,NA,904,151,87007,2022-09-25
States,Minnesota,2022,39,NA,1.51742,NA,NA,NA,NA,NA,NA,537,70,35389,2022-09-25
States,Mississippi,2022,39,NA,2.90593,NA,NA,NA,NA,NA,NA,371,30,12767,2022-09-25
States,Missouri,2022,39,NA,1.32254,NA,NA,NA,NA,NA,NA,371,41,28052,2022-09-25
States,Montana,2022,39,NA,0.930604,NA,NA,NA,NA,NA,NA,70,28,7522,2022-09-25
States,Nebraska,2022,39,NA,2.44819,NA,NA,NA,NA,NA,NA,404,83,16502,2022-09-25
States,Nevada,2022,39,NA,1.12514,NA,NA,NA,NA,NA,NA,196,28,17420,2022-09-25
States,New Hampshire,2022,39,NA,0.420926,NA,NA,NA,NA,NA,NA,7,10,1663,2022-09-25
States,New Jersey,2022,39,NA,3.54979,NA,NA,NA,NA,NA,NA,1043,32,29382,2022-09-25
States,New Mexico,2022,39,NA,2.43799,NA,NA,NA,NA,NA,NA,517,36,21206,2022-09-25
States,New York,2022,39,NA,1.82684,NA,NA,NA,NA,NA,NA,1005,118,55013,2022-09-25
States,North Carolina,2022,39,NA,1.93557,NA,NA,NA,NA,NA,NA,1669,130,86228,2022-09-25
States,North Dakota,2022,39,NA,2.38898,NA,NA,NA,NA,NA,NA,85,10,3558,2022-09-25
States,Ohio,2022,39,NA,2.3643,NA,NA,NA,NA,NA,NA,977,79,41323,2022-09-25
States,Oklahoma,2022,39,NA,1.7466,NA,NA,NA,NA,NA,NA,295,33,16890,2022-09-25
States,Oregon,2022,39,NA,0.980463,NA,NA,NA,NA,NA,NA,409,88,41715,2022-09-25
States,Pennsylvania,2022,39,NA,1.28349,NA,NA,NA,NA,NA,NA,856,97,66693,2022-09-25
States,Rhode Island,2022,39,NA,1.03688,NA,NA,NA,NA,NA,NA,140,24,13502,2022-09-25
States,South Carolina,2022,39,NA,3.01992,NA,NA,NA,NA,NA,NA,978,38,32385,2022-09-25
States,South Dakota,2022,39,NA,0.581842,NA,NA,NA,NA,NA,NA,53,31,9109,2022-09-25
States,Tennessee,2022,39,NA,3.06688,NA,NA,NA,NA,NA,NA,1057,102,34465,2022-09-25
States,Texas,2022,39,NA,4.37227,NA,NA,NA,NA,NA,NA,2372,52,54251,2022-09-25
States,Utah,2022,39,NA,1.65246,NA,NA,NA,NA,NA,NA,314,44,19002,2022-09-25
States,Vermont,2022,39,NA,0.860861,NA,NA,NA,NA,NA,NA,43,11,4995,2022-09-25
States,Virginia,2022,39,NA,2.98768,NA,NA,NA,NA,NA,NA,3254,168,108914,2022-09-25
States,Washington,2022,39,NA,1.21702,NA,NA,NA,NA,NA,NA,560,72,46014,2022-09-25
States,West Virginia,2022,39,NA,1.44785,NA,NA,NA,NA,NA,NA,147,30,10153,2022-09-25
States,Wisconsin,2022,39,NA,1.05793,NA,NA,NA,NA,NA,NA,204,29,19283,2022-09-25
States,Wyoming,2022,39,NA,1.31815,NA,NA,NA,NA,NA,NA,22,7,1669,2022-09-25
States,Commonwealth of the Northern Mariana Islands,2022,39,NA,NA,NA,NA,NA,NA,NA,NA,NA,NA,NA,2022-09-25
States,Puerto Rico,2022,39,NA,6.42254,NA,NA,NA,NA,NA,NA,114,8,1775,2022-09-25
States,Virgin Islands,2022,39,NA,1.03663,NA,NA,NA,NA,NA,NA,15,4,1447,2022-09-25
States,New York City,2022,39,NA,2.34472,NA,NA,NA,NA,NA,NA,2285,25,97453,2022-09-25
States,Alabama,2022,40,NA,3.04534,NA,NA,NA,NA,NA,NA,1436,105,47154,2022-10-02
States,Alaska,2022,40,NA,1.35203,NA,NA,NA,NA,NA,NA,54,12,3994,2022-10-02
States,Arizona,2022,40,NA,1.33466,NA,NA,NA,NA,NA,NA,268,42,20080,2022-10-02
States,Arkansas,2022,40,NA,1.88728,NA,NA,NA,NA,NA,NA,291,49,15419,2022-10-02
States,California,2022,40,NA,2.44759,NA,NA,NA,NA,NA,NA,7136,225,291552,2022-10-02
States,Colorado,2022,40,NA,2.00319,NA,NA,NA,NA,NA,NA,665,64,33197,2022-10-02
States,Connecticut,2022,40,NA,2.05072,NA,NA,NA,NA,NA,NA,925,70,45106,2022-10-02
States,Delaware,2022,40,NA,0.926989,NA,NA,NA,NA,NA,NA,105,23,11327,2022-10-02
States,District of Columbia,2022,40,NA,6.69573,NA,NA,NA,NA,NA,NA,430,4,6422,2022-10-02
States,Florida,2022,40,NA,2.92512,NA,NA,NA,NA,NA,NA,6946,362,237460,2022-10-02
States,Georgia,2022,40,NA,5.43332,NA,NA,NA,NA,NA,NA,4571,102,84129,2022-10-02
States,Hawaii,2022,40,NA,3.8067,NA,NA,NA,NA,NA,NA,1206,42,31681,2022-10-02
States,Idaho,2022,40,NA,0.789973,NA,NA,NA,NA,NA,NA,75,31,9494,2022-10-02
States,Illinois,2022,40,NA,2.54323,NA,NA,NA,NA,NA,NA,1759,180,69164,2022-10-02
States,Indiana,2022,40,NA,2.2808,NA,NA,NA,NA,NA,NA,1323,107,58006,2022-10-02
States,Iowa,2022,40,NA,1.07447,NA,NA,NA,NA,NA,NA,58,15,5398,2022-10-02
States,Kansas,2022,40,NA,1.87352,NA,NA,NA,NA,NA,NA,237,25,12650,2022-10-02
States,Kentucky,2022,40,NA,1.96683,NA,NA,NA,NA,NA,NA,587,75,29845,2022-10-02
States,Louisiana,2022,40,NA,2.84618,NA,NA,NA,NA,NA,NA,1261,87,44305,2022-10-02
States,Maine,2022,40,NA,1.19048,NA,NA,NA,NA,NA,NA,181,53,15204,2022-10-02
States,Maryland,2022,40,NA,2.48042,NA,NA,NA,NA,NA,NA,1102,62,44428,2022-10-02
States,Massachusetts,2022,40,NA,1.5803,NA,NA,NA,NA,NA,NA,1269,92,80301,2022-10-02
States,Michigan,2022,40,NA,1.2357,NA,NA,NA,NA,NA,NA,929,151,75180,2022-10-02
States,Minnesota,2022,40,NA,1.63924,NA,NA,NA,NA,NA,NA,525,69,32027,2022-10-02
States,Mississippi,2022,40,NA,3.44256,NA,NA,NA,NA,NA,NA,457,31,13275,2022-10-02
States,Missouri,2022,40,NA,1.61376,NA,NA,NA,NA,NA,NA,458,41,28381,2022-10-02
States,Montana,2022,40,NA,0.702798,NA,NA,NA,NA,NA,NA,52,28,7399,2022-10-02
States,Nebraska,2022,40,NA,3.3393,NA,NA,NA,NA,NA,NA,448,85,13416,2022-10-02
States,Nevada,2022,40,NA,0.853112,NA,NA,NA,NA,NA,NA,156,31,18286,2022-10-02
States,New Hampshire,2022,40,NA,0.488998,NA,NA,NA,NA,NA,NA,6,9,1227,2022-10-02
States,New Jersey,2022,40,NA,3.48983,NA,NA,NA,NA,NA,NA,1005,31,28798,2022-10-02
States,New Mexico,2022,40,NA,2.73993,NA,NA,NA,NA,NA,NA,557,35,20329,2022-10-02
States,New York,2022,40,NA,2.35321,NA,NA,NA,NA,NA,NA,933,122,39648,2022-10-02
States,North Carolina,2022,40,NA,2.02801,NA,NA,NA,NA,NA,NA,1904,142,93885,2022-10-02
States,North Dakota,2022,40,NA,3.54532,NA,NA,NA,NA,NA,NA,97,13,2736,2022-10-02
States,Ohio,2022,40,NA,2.72393,NA,NA,NA,NA,NA,NA,1179,83,43283,2022-10-02
States,Oklahoma,2022,40,NA,1.63209,NA,NA,NA,NA,NA,NA,284,32,17401,2022-10-02
States,Oregon,2022,40,NA,1.04486,NA,NA,NA,NA,NA,NA,426,89,40771,2022-10-02
States,Pennsylvania,2022,40,NA,1.42289,NA,NA,NA,NA,NA,NA,962,106,67609,2022-10-02
States,Rhode Island,2022,40,NA,1.05615,NA,NA,NA,NA,NA,NA,142,24,13445,2022-10-02
States,South Carolina,2022,40,NA,3.45717,NA,NA,NA,NA,NA,NA,1220,38,35289,2022-10-02
States,South Dakota,2022,40,NA,0.514697,NA,NA,NA,NA,NA,NA,45,31,8743,2022-10-02
States,Tennessee,2022,40,NA,4.19784,NA,NA,NA,NA,NA,NA,1358,99,32350,2022-10-02
States,Texas,2022,40,NA,4.69311,NA,NA,NA,NA,NA,NA,2654,60,56551,2022-10-02
States,Utah,2022,40,NA,1.82399,NA,NA,NA,NA,NA,NA,348,48,19079,2022-10-02
States,Vermont,2022,40,NA,0.876897,NA,NA,NA,NA,NA,NA,52,14,5930,2022-10-02
States,Virginia,2022,40,NA,3.17328,NA,NA,NA,NA,NA,NA,3457,168,108941,2022-10-02
States,Washington,2022,40,NA,1.05319,NA,NA,NA,NA,NA,NA,356,71,33802,2022-10-02
States,West Virginia,2022,40,NA,1.87922,NA,NA,NA,NA,NA,NA,220,37,11707,2022-10-02
States,Wisconsin,2022,40,NA,1.10064,NA,NA,NA,NA,NA,NA,236,34,21442,2022-10-02
States,Wyoming,2022,40,NA,2.39401,NA,NA,NA,NA,NA,NA,48,12,2005,2022-10-02
States,Commonwealth of the Northern Mariana Islands,2022,40,NA,NA,NA,NA,NA,NA,NA,NA,NA,NA,NA,2022-10-02
States,Puerto Rico,2022,40,NA,3.29777,NA,NA,NA,NA,NA,NA,68,8,2062,2022-10-02
States,Virgin Islands,2022,40,NA,0.972222,NA,NA,NA,NA,NA,NA,14,4,1440,2022-10-02
States,New York City,2022,40,NA,4.11591,NA,NA,NA,NA,NA,NA,4751,105,115430,2022-10-02
States,Alabama,2022,41,NA,4.09508,NA,NA,NA,NA,NA,NA,2324,108,56751,2022-10-09
States,Alaska,2022,41,NA,2.50137,NA,NA,NA,NA,NA,NA,91,12,3638,2022-10-09
States,Arizona,2022,41,NA,1.28969,NA,NA,NA,NA,NA,NA,264,44,20470,2022-10-09
States,Arkansas,2022,41,NA,2.50679,NA,NA,NA,NA,NA,NA,406,49,16196,2022-10-09
States,California,2022,41,NA,2.69767,NA,NA,NA,NA,NA,NA,7892,226,292549,2022-10-09
States,Colorado,2022,41,NA,2.33604,NA,NA,NA,NA,NA,NA,675,64,28895,2022-10-09
States,Connecticut,2022,41,NA,2.25469,NA,NA,NA,NA,NA,NA,1040,70,46126,2022-10-09
States,Delaware,2022,41,NA,1.14068,NA,NA,NA,NA,NA,NA,165,29,14465,2022-10-09
States,District of Columbia,2022,41,NA,6.49409,NA,NA,NA,NA,NA,NA,434,4,6683,2022-10-09
States,Florida,2022,41,NA,2.98013,NA,NA,NA,NA,NA,NA,7097,361,238144,2022-10-09
States,Georgia,2022,41,NA,5.89703,NA,NA,NA,NA,NA,NA,4940,103,83771,2022-10-09
States,Hawaii,2022,41,NA,3.33333,NA,NA,NA,NA,NA,NA,1114,42,33420,2022-10-09
States,Idaho,2022,41,NA,0.971968,NA,NA,NA,NA,NA,NA,69,31,7099,2022-10-09
States,Illinois,2022,41,NA,2.70207,NA,NA,NA,NA,NA,NA,2090,178,77348,2022-10-09
States,Indiana,2022,41,NA,2.41338,NA,NA,NA,NA,NA,NA,1384,107,57347,2022-10-09
States,Iowa,2022,41,NA,0.988554,NA,NA,NA,NA,NA,NA,57,14,5766,2022-10-09
States,Kansas,2022,41,NA,2.37128,NA,NA,NA,NA,NA,NA,286,24,12061,2022-10-09
States,Kentucky,2022,41,NA,2.32027,NA,NA,NA,NA,NA,NA,538,78,23187,2022-10-09
States,Louisiana,2022,41,NA,3.41962,NA,NA,NA,NA,NA,NA,1543,87,45122,2022-10-09
States,Maine,2022,41,NA,1.33211,NA,NA,NA,NA,NA,NA,203,53,15239,2022-10-09
States,Maryland,2022,41,NA,3.05863,NA,NA,NA,NA,NA,NA,913,65,29850,2022-10-09
States,Massachusetts,2022,41,NA,1.72671,NA,NA,NA,NA,NA,NA,1412,94,81774,2022-10-09
States,Michigan,2022,41,NA,1.48991,NA,NA,NA,NA,NA,NA,1353,154,90811,2022-10-09
States,Minnesota,2022,41,NA,1.78213,NA,NA,NA,NA,NA,NA,612,70,34341,2022-10-09
States,Mississippi,2022,41,NA,4.56517,NA,NA,NA,NA,NA,NA,621,30,13603,2022-10-09
States,Missouri,2022,41,NA,1.58655,NA,NA,NA,NA,NA,NA,467,41,29435,2022-10-09
States,Montana,2022,41,NA,0.905105,NA,NA,NA,NA,NA,NA,64,28,7071,2022-10-09
States,Nebraska,2022,41,NA,3.62194,NA,NA,NA,NA,NA,NA,484,84,13363,2022-10-09
States,Nevada,2022,41,NA,0.89557,NA,NA,NA,NA,NA,NA,168,31,18759,2022-10-09
States,New Hampshire,2022,41,NA,0.398936,NA,NA,NA,NA,NA,NA,6,10,1504,2022-10-09
States,New Jersey,2022,41,NA,3.93441,NA,NA,NA,NA,NA,NA,1147,31,29153,2022-10-09
States,New Mexico,2022,41,NA,2.98535,NA,NA,NA,NA,NA,NA,644,38,21572,2022-10-09
States,New York,2022,41,NA,4.36652,NA,NA,NA,NA,NA,NA,518,121,11863,2022-10-09
States,North Carolina,2022,41,NA,2.62851,NA,NA,NA,NA,NA,NA,2527,143,96138,2022-10-09
States,North Dakota,2022,41,NA,2.33997,NA,NA,NA,NA,NA,NA,87,14,3718,2022-10-09
States,Ohio,2022,41,NA,3.00604,NA,NA,NA,NA,NA,NA,1389,83,46207,2022-10-09
States,Oklahoma,2022,41,NA,1.64811,NA,NA,NA,NA,NA,NA,299,34,18142,2022-10-09
States,Oregon,2022,41,NA,0.954993,NA,NA,NA,NA,NA,NA,390,88,40838,2022-10-09
States,Pennsylvania,2022,41,NA,1.6952,NA,NA,NA,NA,NA,NA,1203,107,70965,2022-10-09
States,Rhode Island,2022,41,NA,0.798493,NA,NA,NA,NA,NA,NA,106,22,13275,2022-10-09
States,South Carolina,2022,41,NA,4.32219,NA,NA,NA,NA,NA,NA,1466,38,33918,2022-10-09
States,South Dakota,2022,41,NA,0.762076,NA,NA,NA,NA,NA,NA,68,31,8923,2022-10-09
States,Tennessee,2022,41,NA,4.70229,NA,NA,NA,NA,NA,NA,1709,98,36344,2022-10-09
States,Texas,2022,41,NA,5.40857,NA,NA,NA,NA,NA,NA,3328,62,61532,2022-10-09
States,Utah,2022,41,NA,1.87207,NA,NA,NA,NA,NA,NA,348,48,18589,2022-10-09
States,Vermont,2022,41,NA,0.52279,NA,NA,NA,NA,NA,NA,32,13,6121,2022-10-09
States,Virginia,2022,41,NA,3.58966,NA,NA,NA,NA,NA,NA,4044,168,112657,2022-10-09
States,Washington,2022,41,NA,1.17641,NA,NA,NA,NA,NA,NA,495,72,42077,2022-10-09
States,West Virginia,2022,41,NA,1.48254,NA,NA,NA,NA,NA,NA,208,45,14030,2022-10-09
States,Wisconsin,2022,41,NA,1.23614,NA,NA,NA,NA,NA,NA,262,34,21195,2022-10-09
States,Wyoming,2022,41,NA,1.50875,NA,NA,NA,NA,NA,NA,50,16,3314,2022-10-09
States,Commonwealth of the Northern Mariana Islands,2022,41,NA,NA,NA,NA,NA,NA,NA,NA,NA,NA,NA,2022-10-09
States,Puerto Rico,2022,41,NA,3.24096,NA,NA,NA,NA,NA,NA,69,8,2129,2022-10-09
States,Virgin Islands,2022,41,NA,0.724638,NA,NA,NA,NA,NA,NA,11,4,1518,2022-10-09
States,New York City,2022,41,NA,4.09348,NA,NA,NA,NA,NA,NA,4204,105,102700,2022-10-09
States,Alabama,2022,42,NA,5.4292,NA,NA,NA,NA,NA,NA,2831,105,52144,2022-10-16
States,Alaska,2022,42,NA,2.00538,NA,NA,NA,NA,NA,NA,82,12,4089,2022-10-16
States,Arizona,2022,42,NA,1.35059,NA,NA,NA,NA,NA,NA,286,44,21176,2022-10-16
States,Arkansas,2022,42,NA,2.59954,NA,NA,NA,NA,NA,NA,410,52,15772,2022-10-16
States,California,2022,42,NA,3.02693,NA,NA,NA,NA,NA,NA,8955,223,295844,2022-10-16
States,Colorado,2022,42,NA,3.00054,NA,NA,NA,NA,NA,NA,1512,98,50391,2022-10-16
States,Connecticut,2022,42,NA,2.54442,NA,NA,NA,NA,NA,NA,1190,70,46769,2022-10-16
States,Delaware,2022,42,NA,1.24413,NA,NA,NA,NA,NA,NA,188,30,15111,2022-10-16
States,District of Columbia,2022,42,NA,7.60053,NA,NA,NA,NA,NA,NA,516,4,6789,2022-10-16
States,Florida,2022,42,NA,3.64088,NA,NA,NA,NA,NA,NA,8762,361,240656,2022-10-16
States,Georgia,2022,42,NA,5.93913,NA,NA,NA,NA,NA,NA,4953,105,83396,2022-10-16
States,Hawaii,2022,42,NA,3.32601,NA,NA,NA,NA,NA,NA,1135,41,34125,2022-10-16
States,Idaho,2022,42,NA,0.984144,NA,NA,NA,NA,NA,NA,90,31,9145,2022-10-16
States,Illinois,2022,42,NA,3.03269,NA,NA,NA,NA,NA,NA,2422,180,79863,2022-10-16
States,Indiana,2022,42,NA,2.27216,NA,NA,NA,NA,NA,NA,1279,106,56290,2022-10-16
States,Iowa,2022,42,NA,0.949033,NA,NA,NA,NA,NA,NA,54,14,5690,2022-10-16
States,Kansas,2022,42,NA,1.81881,NA,NA,NA,NA,NA,NA,369,37,20288,2022-10-16
States,Kentucky,2022,42,NA,2.43322,NA,NA,NA,NA,NA,NA,839,76,34481,2022-10-16
States,Louisiana,2022,42,NA,3.87714,NA,NA,NA,NA,NA,NA,1747,87,45059,2022-10-16
States,Maine,2022,42,NA,1.51275,NA,NA,NA,NA,NA,NA,239,54,15799,2022-10-16
States,Maryland,2022,42,NA,4.11509,NA,NA,NA,NA,NA,NA,1928,64,46852,2022-10-16
States,Massachusetts,2022,42,NA,1.68775,NA,NA,NA,NA,NA,NA,1402,95,83069,2022-10-16
States,Michigan,2022,42,NA,1.92928,NA,NA,NA,NA,NA,NA,1017,154,52714,2022-10-16
States,Minnesota,2022,42,NA,1.86356,NA,NA,NA,NA,NA,NA,610,70,32733,2022-10-16
States,Mississippi,2022,42,NA,5.30754,NA,NA,NA,NA,NA,NA,705,30,13283,2022-10-16
States,Missouri,2022,42,NA,2.08283,NA,NA,NA,NA,NA,NA,603,41,28951,2022-10-16
States,Montana,2022,42,NA,0.951581,NA,NA,NA,NA,NA,NA,68,28,7146,2022-10-16
States,Nebraska,2022,42,NA,3.21495,NA,NA,NA,NA,NA,NA,487,84,15148,2022-10-16
States,Nevada,2022,42,NA,1.1436,NA,NA,NA,NA,NA,NA,219,32,19150,2022-10-16
States,New Hampshire,2022,42,NA,0.608273,NA,NA,NA,NA,NA,NA,10,10,1644,2022-10-16
States,New Jersey,2022,42,NA,4.47403,NA,NA,NA,NA,NA,NA,1381,33,30867,2022-10-16
States,New Mexico,2022,42,NA,3.45906,NA,NA,NA,NA,NA,NA,796,37,23012,2022-10-16
States,New York,2022,42,NA,2.62504,NA,NA,NA,NA,NA,NA,1098,124,41828,2022-10-16
States,North Carolina,2022,42,NA,3.2326,NA,NA,NA,NA,NA,NA,3083,147,95372,2022-10-16
States,North Dakota,2022,42,NA,2.54809,NA,NA,NA,NA,NA,NA,102,14,4003,2022-10-16
States,Ohio,2022,42,NA,3.59179,NA,NA,NA,NA,NA,NA,1663,88,46300,2022-10-16
States,Oklahoma,2022,42,NA,1.85378,NA,NA,NA,NA,NA,NA,321,30,17316,2022-10-16
States,Oregon,2022,42,NA,1.04888,NA,NA,NA,NA,NA,NA,421,89,40138,2022-10-16
States,Pennsylvania,2022,42,NA,1.67095,NA,NA,NA,NA,NA,NA,1152,104,68943,2022-10-16
States,Rhode Island,2022,42,NA,0.91673,NA,NA,NA,NA,NA,NA,132,24,14399,2022-10-16
States,South Carolina,2022,42,NA,5.81752,NA,NA,NA,NA,NA,NA,1916,39,32935,2022-10-16
States,South Dakota,2022,42,NA,1.05217,NA,NA,NA,NA,NA,NA,97,32,9219,2022-10-16
States,Tennessee,2022,42,NA,5.42952,NA,NA,NA,NA,NA,NA,1905,45,35086,2022-10-16
States,Texas,2022,42,NA,6.0281,NA,NA,NA,NA,NA,NA,3720,60,61711,2022-10-16
States,Utah,2022,42,NA,1.89883,NA,NA,NA,NA,NA,NA,363,48,19117,2022-10-16
States,Vermont,2022,42,NA,0.823913,NA,NA,NA,NA,NA,NA,43,13,5219,2022-10-16
States,Virginia,2022,42,NA,4.56188,NA,NA,NA,NA,NA,NA,5288,168,115917,2022-10-16
States,Washington,2022,42,NA,1.67822,NA,NA,NA,NA,NA,NA,426,73,25384,2022-10-16
States,West Virginia,2022,42,NA,2.38095,NA,NA,NA,NA,NA,NA,332,45,13944,2022-10-16
States,Wisconsin,2022,42,NA,1.60693,NA,NA,NA,NA,NA,NA,347,34,21594,2022-10-16
States,Wyoming,2022,42,NA,1.42264,NA,NA,NA,NA,NA,NA,48,17,3374,2022-10-16
States,Commonwealth of the Northern Mariana Islands,2022,42,NA,NA,NA,NA,NA,NA,NA,NA,NA,NA,NA,2022-10-16
States,Puerto Rico,2022,42,NA,4.25887,NA,NA,NA,NA,NA,NA,102,7,2395,2022-10-16
States,Virgin Islands,2022,42,NA,0.877785,NA,NA,NA,NA,NA,NA,13,4,1481,2022-10-16
States,New York City,2022,42,NA,5.12785,NA,NA,NA,NA,NA,NA,5898,107,115019,2022-10-16
States,Alabama,2022,43,NA,10.2737,NA,NA,NA,NA,NA,NA,5912,107,57545,2022-10-23
States,Alaska,2022,43,NA,1.86275,NA,NA,NA,NA,NA,NA,76,12,4080,2022-10-23
States,Arizona,2022,43,NA,1.55061,NA,NA,NA,NA,NA,NA,322,44,20766,2022-10-23
States,Arkansas,2022,43,NA,3.77965,NA,NA,NA,NA,NA,NA,647,52,17118,2022-10-23
States,California,2022,43,NA,3.73647,NA,NA,NA,NA,NA,NA,11136,223,298035,2022-10-23
States,Colorado,2022,43,NA,3.81954,NA,NA,NA,NA,NA,NA,1982,98,51891,2022-10-23
States,Connecticut,2022,43,NA,3.46733,NA,NA,NA,NA,NA,NA,1657,70,47789,2022-10-23
States,Delaware,2022,43,NA,1.77091,NA,NA,NA,NA,NA,NA,267,28,15077,2022-10-23
States,District of Columbia,2022,43,NA,10.8406,NA,NA,NA,NA,NA,NA,659,4,6079,2022-10-23
States,Florida,2022,43,NA,4.78704,NA,NA,NA,NA,NA,NA,12160,362,254019,2022-10-23
States,Georgia,2022,43,NA,8.56539,NA,NA,NA,NA,NA,NA,7816,105,91251,2022-10-23
States,Hawaii,2022,43,NA,4.16002,NA,NA,NA,NA,NA,NA,1409,41,33870,2022-10-23
States,Idaho,2022,43,NA,1.119,NA,NA,NA,NA,NA,NA,104,31,9294,2022-10-23
States,Illinois,2022,43,NA,3.46368,NA,NA,NA,NA,NA,NA,2846,180,82167,2022-10-23
States,Indiana,2022,43,NA,2.49893,NA,NA,NA,NA,NA,NA,1465,106,58625,2022-10-23
States,Iowa,2022,43,NA,1.4875,NA,NA,NA,NA,NA,NA,97,16,6521,2022-10-23
States,Kansas,2022,43,NA,2.24374,NA,NA,NA,NA,NA,NA,445,35,19833,2022-10-23
States,Kentucky,2022,43,NA,3.67474,NA,NA,NA,NA,NA,NA,1339,79,36438,2022-10-23
States,Louisiana,2022,43,NA,5.29776,NA,NA,NA,NA,NA,NA,2538,87,47907,2022-10-23
States,Maine,2022,43,NA,1.47667,NA,NA,NA,NA,NA,NA,232,54,15711,2022-10-23
States,Maryland,2022,43,NA,5.64379,NA,NA,NA,NA,NA,NA,2683,65,47539,2022-10-23
States,Massachusetts,2022,43,NA,2.07313,NA,NA,NA,NA,NA,NA,1732,95,83545,2022-10-23
States,Michigan,2022,43,NA,2.01836,NA,NA,NA,NA,NA,NA,1917,154,94978,2022-10-23
States,Minnesota,2022,43,NA,2.00755,NA,NA,NA,NA,NA,NA,729,70,36313,2022-10-23
States,Mississippi,2022,43,NA,7.21649,NA,NA,NA,NA,NA,NA,1050,29,14550,2022-10-23
States,Missouri,2022,43,NA,2.22689,NA,NA,NA,NA,NA,NA,657,41,29503,2022-10-23
States,Montana,2022,43,NA,1.14669,NA,NA,NA,NA,NA,NA,82,28,7151,2022-10-23
States,Nebraska,2022,43,NA,3.69855,NA,NA,NA,NA,NA,NA,665,85,17980,2022-10-23
States,Nevada,2022,43,NA,1.36133,NA,NA,NA,NA,NA,NA,258,32,18952,2022-10-23
States,New Hampshire,2022,43,NA,0.619408,NA,NA,NA,NA,NA,NA,9,10,1453,2022-10-23
States,New Jersey,2022,43,NA,5.38049,NA,NA,NA,NA,NA,NA,1704,32,31670,2022-10-23
States,New Mexico,2022,43,NA,5.01809,NA,NA,NA,NA,NA,NA,1165,39,23216,2022-10-23
States,New York,2022,43,NA,2.75031,NA,NA,NA,NA,NA,NA,1936,124,70392,2022-10-23
States,North Carolina,2022,43,NA,5.64825,NA,NA,NA,NA,NA,NA,5985,148,105962,2022-10-23
States,North Dakota,2022,43,NA,2.91595,NA,NA,NA,NA,NA,NA,119,14,4081,2022-10-23
States,Ohio,2022,43,NA,4.29568,NA,NA,NA,NA,NA,NA,2081,89,48444,2022-10-23
States,Oklahoma,2022,43,NA,2.44167,NA,NA,NA,NA,NA,NA,428,29,17529,2022-10-23
States,Oregon,2022,43,NA,1.04458,NA,NA,NA,NA,NA,NA,419,89,40112,2022-10-23
States,Pennsylvania,2022,43,NA,2.28088,NA,NA,NA,NA,NA,NA,1634,106,71639,2022-10-23
States,Rhode Island,2022,43,NA,1.24974,NA,NA,NA,NA,NA,NA,181,24,14483,2022-10-23
States,South Carolina,2022,43,NA,10.3271,NA,NA,NA,NA,NA,NA,3659,38,35431,2022-10-23
States,South Dakota,2022,43,NA,0.84773,NA,NA,NA,NA,NA,NA,79,32,9319,2022-10-23
States,Tennessee,2022,43,NA,8.55605,NA,NA,NA,NA,NA,NA,3275,100,38277,2022-10-23
States,Texas,2022,43,NA,7.72925,NA,NA,NA,NA,NA,NA,5069,61,65582,2022-10-23
States,Utah,2022,43,NA,2.13536,NA,NA,NA,NA,NA,NA,407,48,19060,2022-10-23
States,Vermont,2022,43,NA,1.08007,NA,NA,NA,NA,NA,NA,58,13,5370,2022-10-23
States,Virginia,2022,43,NA,6.8234,NA,NA,NA,NA,NA,NA,8408,168,123223,2022-10-23
States,Washington,2022,43,NA,2.05054,NA,NA,NA,NA,NA,NA,887,73,43257,2022-10-23
States,West Virginia,2022,43,NA,4.11528,NA,NA,NA,NA,NA,NA,594,44,14434,2022-10-23
States,Wisconsin,2022,43,NA,1.77769,NA,NA,NA,NA,NA,NA,380,34,21376,2022-10-23
States,Wyoming,2022,43,NA,2.05585,NA,NA,NA,NA,NA,NA,67,17,3259,2022-10-23
States,Commonwealth of the Northern Mariana Islands,2022,43,NA,NA,NA,NA,NA,NA,NA,NA,NA,NA,NA,2022-10-23
States,Puerto Rico,2022,43,NA,4.72472,NA,NA,NA,NA,NA,NA,121,8,2561,2022-10-23
States,Virgin Islands,2022,43,NA,2.15264,NA,NA,NA,NA,NA,NA,22,3,1022,2022-10-23
States,New York City,2022,43,NA,6.27631,NA,NA,NA,NA,NA,NA,7871,106,125408,2022-10-23
States,Alabama,2022,44,NA,11.5412,NA,NA,NA,NA,NA,NA,6688,106,57949,2022-10-30
States,Alaska,2022,44,NA,1.94553,NA,NA,NA,NA,NA,NA,75,12,3855,2022-10-30
States,Arizona,2022,44,NA,2.65965,NA,NA,NA,NA,NA,NA,566,44,21281,2022-10-30
States,Arkansas,2022,44,NA,5.46639,NA,NA,NA,NA,NA,NA,940,50,17196,2022-10-30
States,California,2022,44,NA,4.50526,NA,NA,NA,NA,NA,NA,13396,225,297341,2022-10-30
States,Colorado,2022,44,NA,4.93605,NA,NA,NA,NA,NA,NA,2628,98,53241,2022-10-30
States,Connecticut,2022,44,NA,4.33738,NA,NA,NA,NA,NA,NA,2130,70,49108,2022-10-30
States,Delaware,2022,44,NA,2.67915,NA,NA,NA,NA,NA,NA,412,27,15378,2022-10-30
States,District of Columbia,2022,44,NA,12.7334,NA,NA,NA,NA,NA,NA,825,4,6479,2022-10-30
States,Florida,2022,44,NA,5.50544,NA,NA,NA,NA,NA,NA,14390,362,261378,2022-10-30
States,Georgia,2022,44,NA,9.15391,NA,NA,NA,NA,NA,NA,8097,102,88454,2022-10-30
States,Hawaii,2022,44,NA,4.08222,NA,NA,NA,NA,NA,NA,1408,42,34491,2022-10-30
States,Idaho,2022,44,NA,1.85701,NA,NA,NA,NA,NA,NA,180,31,9693,2022-10-30
States,Illinois,2022,44,NA,4.19095,NA,NA,NA,NA,NA,NA,3459,181,82535,2022-10-30
States,Indiana,2022,44,NA,3.08791,NA,NA,NA,NA,NA,NA,1782,105,57709,2022-10-30
States,Iowa,2022,44,NA,2.02436,NA,NA,NA,NA,NA,NA,128,16,6323,2022-10-30
States,Kansas,2022,44,NA,3.02249,NA,NA,NA,NA,NA,NA,598,35,19785,2022-10-30
States,Kentucky,2022,44,NA,5.57457,NA,NA,NA,NA,NA,NA,2182,79,39142,2022-10-30
States,Louisiana,2022,44,NA,5.95891,NA,NA,NA,NA,NA,NA,2912,87,48868,2022-10-30
States,Maine,2022,44,NA,2.09673,NA,NA,NA,NA,NA,NA,339,53,16168,2022-10-30
States,Maryland,2022,44,NA,7.1382,NA,NA,NA,NA,NA,NA,3616,65,50657,2022-10-30
States,Massachusetts,2022,44,NA,2.64377,NA,NA,NA,NA,NA,NA,2260,95,85484,2022-10-30
States,Michigan,2022,44,NA,2.32806,NA,NA,NA,NA,NA,NA,2210,154,94929,2022-10-30
States,Minnesota,2022,44,NA,2.42012,NA,NA,NA,NA,NA,NA,890,70,36775,2022-10-30
States,Mississippi,2022,44,NA,10.0621,NA,NA,NA,NA,NA,NA,1524,30,15146,2022-10-30
States,Missouri,2022,44,NA,2.69953,NA,NA,NA,NA,NA,NA,806,41,29857,2022-10-30
States,Montana,2022,44,NA,1.3873,NA,NA,NA,NA,NA,NA,97,28,6992,2022-10-30
States,Nebraska,2022,44,NA,4.82782,NA,NA,NA,NA,NA,NA,851,85,17627,2022-10-30
States,Nevada,2022,44,NA,1.64643,NA,NA,NA,NA,NA,NA,320,32,19436,2022-10-30
States,New Hampshire,2022,44,NA,0.770599,NA,NA,NA,NA,NA,NA,13,10,1687,2022-10-30
States,New Jersey,2022,44,NA,7.44489,NA,NA,NA,NA,NA,NA,2472,32,33204,2022-10-30
States,New Mexico,2022,44,NA,6.75828,NA,NA,NA,NA,NA,NA,1623,38,24015,2022-10-30
States,New York,2022,44,NA,3.88556,NA,NA,NA,NA,NA,NA,2499,124,64315,2022-10-30
States,North Carolina,2022,44,NA,8.11582,NA,NA,NA,NA,NA,NA,9039,148,111375,2022-10-30
States,North Dakota,2022,44,NA,3.24855,NA,NA,NA,NA,NA,NA,129,13,3971,2022-10-30
States,Ohio,2022,44,NA,5.78641,NA,NA,NA,NA,NA,NA,2753,88,47577,2022-10-30
States,Oklahoma,2022,44,NA,3.09873,NA,NA,NA,NA,NA,NA,564,30,18201,2022-10-30
States,Oregon,2022,44,NA,1.81349,NA,NA,NA,NA,NA,NA,738,89,40695,2022-10-30
States,Pennsylvania,2022,44,NA,2.75726,NA,NA,NA,NA,NA,NA,1945,101,70541,2022-10-30
States,Rhode Island,2022,44,NA,1.64374,NA,NA,NA,NA,NA,NA,245,25,14905,2022-10-30
States,South Carolina,2022,44,NA,12.5918,NA,NA,NA,NA,NA,NA,5008,39,39772,2022-10-30
States,South Dakota,2022,44,NA,1.18982,NA,NA,NA,NA,NA,NA,108,31,9077,2022-10-30
States,Tennessee,2022,44,NA,12.2946,NA,NA,NA,NA,NA,NA,5087,101,41376,2022-10-30
States,Texas,2022,44,NA,8.54895,NA,NA,NA,NA,NA,NA,5726,62,66979,2022-10-30
States,Utah,2022,44,NA,2.90988,NA,NA,NA,NA,NA,NA,566,48,19451,2022-10-30
States,Vermont,2022,44,NA,1.15859,NA,NA,NA,NA,NA,NA,61,13,5265,2022-10-30
States,Virginia,2022,44,NA,8.99403,NA,NA,NA,NA,NA,NA,11723,166,130342,2022-10-30
States,Washington,2022,44,NA,2.89621,NA,NA,NA,NA,NA,NA,1364,73,47096,2022-10-30
States,West Virginia,2022,44,NA,4.13773,NA,NA,NA,NA,NA,NA,560,43,13534,2022-10-30
States,Wisconsin,2022,44,NA,2.15523,NA,NA,NA,NA,NA,NA,474,34,21993,2022-10-30
States,Wyoming,2022,44,NA,2.83294,NA,NA,NA,NA,NA,NA,97,16,3424,2022-10-30
States,Commonwealth of the Northern Mariana Islands,2022,44,NA,NA,NA,NA,NA,NA,NA,NA,NA,NA,NA,2022-10-30
States,Puerto Rico,2022,44,NA,6.45422,NA,NA,NA,NA,NA,NA,160,7,2479,2022-10-30
States,Virgin Islands,2022,44,NA,1.5261,NA,NA,NA,NA,NA,NA,19,3,1245,2022-10-30
States,New York City,2022,44,NA,7.89766,NA,NA,NA,NA,NA,NA,10526,107,133280,2022-10-30
States,Alabama,2022,45,NA,8.55034,NA,NA,NA,NA,NA,NA,4298,108,50267,2022-11-06
States,Alaska,2022,45,NA,2.98266,NA,NA,NA,NA,NA,NA,129,12,4325,2022-11-06
States,Arizona,2022,45,NA,3.60994,NA,NA,NA,NA,NA,NA,837,44,23186,2022-11-06
States,Arkansas,2022,45,NA,5.75594,NA,NA,NA,NA,NA,NA,1066,51,18520,2022-11-06
States,California,2022,45,NA,5.45335,NA,NA,NA,NA,NA,NA,16348,226,299779,2022-11-06
States,Colorado,2022,45,NA,6.39022,NA,NA,NA,NA,NA,NA,3532,98,55272,2022-11-06
States,Connecticut,2022,45,NA,4.34486,NA,NA,NA,NA,NA,NA,2165,70,49829,2022-11-06
States,Delaware,2022,45,NA,2.63891,NA,NA,NA,NA,NA,NA,398,26,15082,2022-11-06
States,District of Columbia,2022,45,NA,12.6955,NA,NA,NA,NA,NA,NA,901,4,7097,2022-11-06
States,Florida,2022,45,NA,6.01916,NA,NA,NA,NA,NA,NA,14928,361,248008,2022-11-06
States,Georgia,2022,45,NA,7.85764,NA,NA,NA,NA,NA,NA,6767,105,86120,2022-11-06
States,Hawaii,2022,45,NA,4.33102,NA,NA,NA,NA,NA,NA,1277,42,29485,2022-11-06
States,Idaho,2022,45,NA,2.59727,NA,NA,NA,NA,NA,NA,255,31,9818,2022-11-06
States,Illinois,2022,45,NA,4.31,NA,NA,NA,NA,NA,NA,3770,182,87471,2022-11-06
States,Indiana,2022,45,NA,3.49898,NA,NA,NA,NA,NA,NA,2063,107,58960,2022-11-06
States,Iowa,2022,45,NA,2.22732,NA,NA,NA,NA,NA,NA,136,16,6106,2022-11-06
States,Kansas,2022,45,NA,3.6713,NA,NA,NA,NA,NA,NA,747,36,20347,2022-11-06
States,Kentucky,2022,45,NA,6.38134,NA,NA,NA,NA,NA,NA,2405,76,37688,2022-11-06
States,Louisiana,2022,45,NA,5.20374,NA,NA,NA,NA,NA,NA,2503,87,48100,2022-11-06
States,Maine,2022,45,NA,2.54628,NA,NA,NA,NA,NA,NA,414,53,16259,2022-11-06
States,Maryland,2022,45,NA,7.22653,NA,NA,NA,NA,NA,NA,3646,66,50453,2022-11-06
States,Massachusetts,2022,45,NA,2.65212,NA,NA,NA,NA,NA,NA,2256,95,85064,2022-11-06
States,Michigan,2022,45,NA,2.30762,NA,NA,NA,NA,NA,NA,2145,155,92953,2022-11-06
States,Minnesota,2022,45,NA,3.35347,NA,NA,NA,NA,NA,NA,1221,70,36410,2022-11-06
States,Mississippi,2022,45,NA,8.15098,NA,NA,NA,NA,NA,NA,1259,30,15446,2022-11-06
States,Missouri,2022,45,NA,2.96742,NA,NA,NA,NA,NA,NA,888,41,29925,2022-11-06
States,Montana,2022,45,NA,2.22293,NA,NA,NA,NA,NA,NA,139,28,6253,2022-11-06
States,Nebraska,2022,45,NA,5.01369,NA,NA,NA,NA,NA,NA,879,85,17532,2022-11-06
States,Nevada,2022,45,NA,2.02713,NA,NA,NA,NA,NA,NA,405,32,19979,2022-11-06
States,New Hampshire,2022,45,NA,0.428135,NA,NA,NA,NA,NA,NA,7,10,1635,2022-11-06
States,New Jersey,2022,45,NA,7.86554,NA,NA,NA,NA,NA,NA,2588,33,32903,2022-11-06
States,New Mexico,2022,45,NA,7.66835,NA,NA,NA,NA,NA,NA,1945,39,25364,2022-11-06
States,New York,2022,45,NA,4.21725,NA,NA,NA,NA,NA,NA,2765,124,65564,2022-11-06
States,North Carolina,2022,45,NA,7.22212,NA,NA,NA,NA,NA,NA,7732,147,107060,2022-11-06
States,North Dakota,2022,45,NA,4.13037,NA,NA,NA,NA,NA,NA,147,13,3559,2022-11-06
States,Ohio,2022,45,NA,5.96911,NA,NA,NA,NA,NA,NA,2752,87,46104,2022-11-06
States,Oklahoma,2022,45,NA,3.21365,NA,NA,NA,NA,NA,NA,580,31,18048,2022-11-06
States,Oregon,2022,45,NA,2.57036,NA,NA,NA,NA,NA,NA,1096,89,42640,2022-11-06
States,Pennsylvania,2022,45,NA,2.92345,NA,NA,NA,NA,NA,NA,2159,105,73851,2022-11-06
States,Rhode Island,2022,45,NA,1.69317,NA,NA,NA,NA,NA,NA,246,25,14529,2022-11-06
States,South Carolina,2022,45,NA,10.8535,NA,NA,NA,NA,NA,NA,3731,38,34376,2022-11-06
States,South Dakota,2022,45,NA,1.36754,NA,NA,NA,NA,NA,NA,129,32,9433,2022-11-06
States,Tennessee,2022,45,NA,11.1599,NA,NA,NA,NA,NA,NA,4375,100,39203,2022-11-06
States,Texas,2022,45,NA,9.8796,NA,NA,NA,NA,NA,NA,5063,61,51247,2022-11-06
States,Utah,2022,45,NA,3.43612,NA,NA,NA,NA,NA,NA,702,48,20430,2022-11-06
States,Vermont,2022,45,NA,1.58263,NA,NA,NA,NA,NA,NA,86,13,5434,2022-11-06
States,Virginia,2022,45,NA,8.76753,NA,NA,NA,NA,NA,NA,11153,169,127208,2022-11-06
States,Washington,2022,45,NA,4.65073,NA,NA,NA,NA,NA,NA,2227,73,47885,2022-11-06
States,West Virginia,2022,45,NA,3.48365,NA,NA,NA,NA,NA,NA,489,45,14037,2022-11-06
States,Wisconsin,2022,45,NA,2.50587,NA,NA,NA,NA,NA,NA,555,34,22148,2022-11-06
States,Wyoming,2022,45,NA,6.7167,NA,NA,NA,NA,NA,NA,179,17,2665,2022-11-06
States,Commonwealth of the Northern Mariana Islands,2022,45,NA,NA,NA,NA,NA,NA,NA,NA,NA,NA,NA,2022-11-06
States,Puerto Rico,2022,45,NA,7.13246,NA,NA,NA,NA,NA,NA,196,7,2748,2022-11-06
States,Virgin Islands,2022,45,NA,1.19926,NA,NA,NA,NA,NA,NA,13,3,1084,2022-11-06
States,New York City,2022,45,NA,8.52711,NA,NA,NA,NA,NA,NA,11331,107,132882,2022-11-06
States,Alabama,2022,46,NA,6.9431,NA,NA,NA,NA,NA,NA,3369,108,48523,2022-11-13
States,Alaska,2022,46,NA,3.23676,NA,NA,NA,NA,NA,NA,143,12,4418,2022-11-13
States,Arizona,2022,46,NA,4.44472,NA,NA,NA,NA,NA,NA,1071,44,24096,2022-11-13
States,Arkansas,2022,46,NA,6.72651,NA,NA,NA,NA,NA,NA,1199,52,17825,2022-11-13
States,California,2022,46,NA,6.47208,NA,NA,NA,NA,NA,NA,20087,223,310364,2022-11-13
States,Colorado,2022,46,NA,8.42227,NA,NA,NA,NA,NA,NA,4577,98,54344,2022-11-13
States,Connecticut,2022,46,NA,4.67524,NA,NA,NA,NA,NA,NA,2168,70,46372,2022-11-13
States,Delaware,2022,46,NA,2.42412,NA,NA,NA,NA,NA,NA,357,27,14727,2022-11-13
States,District of Columbia,2022,46,NA,12.2474,NA,NA,NA,NA,NA,NA,812,4,6630,2022-11-13
States,Florida,2022,46,NA,5.48824,NA,NA,NA,NA,NA,NA,14127,362,257405,2022-11-13
States,Georgia,2022,46,NA,6.38082,NA,NA,NA,NA,NA,NA,5094,106,79833,2022-11-13
States,Hawaii,2022,46,NA,3.88619,NA,NA,NA,NA,NA,NA,1370,42,35253,2022-11-13
States,Idaho,2022,46,NA,4.86405,NA,NA,NA,NA,NA,NA,483,31,9930,2022-11-13
States,Illinois,2022,46,NA,4.84578,NA,NA,NA,NA,NA,NA,3802,178,78460,2022-11-13
States,Indiana,2022,46,NA,4.24613,NA,NA,NA,NA,NA,NA,2280,108,53696,2022-11-13
States,Iowa,2022,46,NA,2.79374,NA,NA,NA,NA,NA,NA,175,16,6264,2022-11-13
States,Kansas,2022,46,NA,4.46521,NA,NA,NA,NA,NA,NA,903,35,20223,2022-11-13
States,Kentucky,2022,46,NA,7.27627,NA,NA,NA,NA,NA,NA,2649,75,36406,2022-11-13
States,Louisiana,2022,46,NA,4.95741,NA,NA,NA,NA,NA,NA,2130,87,42966,2022-11-13
States,Maine,2022,46,NA,2.37026,NA,NA,NA,NA,NA,NA,380,53,16032,2022-11-13
States,Maryland,2022,46,NA,5.95182,NA,NA,NA,NA,NA,NA,2767,64,46490,2022-11-13
States,Massachusetts,2022,46,NA,2.77051,NA,NA,NA,NA,NA,NA,2254,95,81357,2022-11-13
States,Michigan,2022,46,NA,2.10489,NA,NA,NA,NA,NA,NA,1837,154,87273,2022-11-13
States,Minnesota,2022,46,NA,4.43278,NA,NA,NA,NA,NA,NA,1681,71,37922,2022-11-13
States,Mississippi,2022,46,NA,7.34942,NA,NA,NA,NA,NA,NA,1014,31,13797,2022-11-13
States,Missouri,2022,46,NA,3.48544,NA,NA,NA,NA,NA,NA,996,41,28576,2022-11-13
States,Montana,2022,46,NA,2.07526,NA,NA,NA,NA,NA,NA,150,28,7228,2022-11-13
States,Nebraska,2022,46,NA,6.24469,NA,NA,NA,NA,NA,NA,1175,85,18816,2022-11-13
States,Nevada,2022,46,NA,2.60814,NA,NA,NA,NA,NA,NA,530,32,20321,2022-11-13
States,New Hampshire,2022,46,NA,0.364964,NA,NA,NA,NA,NA,NA,6,10,1644,2022-11-13
States,New Jersey,2022,46,NA,7.45082,NA,NA,NA,NA,NA,NA,2193,31,29433,2022-11-13
States,New Mexico,2022,46,NA,9.19738,NA,NA,NA,NA,NA,NA,2301,38,25018,2022-11-13
States,New York,2022,46,NA,4.53211,NA,NA,NA,NA,NA,NA,2778,123,61296,2022-11-13
States,North Carolina,2022,46,NA,5.90941,NA,NA,NA,NA,NA,NA,5665,141,95864,2022-11-13
States,North Dakota,2022,46,NA,4.46845,NA,NA,NA,NA,NA,NA,182,14,4073,2022-11-13
States,Ohio,2022,46,NA,6.90066,NA,NA,NA,NA,NA,NA,3124,88,45271,2022-11-13
States,Oklahoma,2022,46,NA,5.10501,NA,NA,NA,NA,NA,NA,931,31,18237,2022-11-13
States,Oregon,2022,46,NA,3.4368,NA,NA,NA,NA,NA,NA,1539,90,44780,2022-11-13
States,Pennsylvania,2022,46,NA,3.10979,NA,NA,NA,NA,NA,NA,2160,104,69458,2022-11-13
States,Rhode Island,2022,46,NA,2.03111,NA,NA,NA,NA,NA,NA,282,25,13884,2022-11-13
States,South Carolina,2022,46,NA,7.30863,NA,NA,NA,NA,NA,NA,2554,40,34945,2022-11-13
States,South Dakota,2022,46,NA,1.94346,NA,NA,NA,NA,NA,NA,187,32,9622,2022-11-13
States,Tennessee,2022,46,NA,10.0786,NA,NA,NA,NA,NA,NA,3718,101,36890,2022-11-13
States,Texas,2022,46,NA,9.87538,NA,NA,NA,NA,NA,NA,3677,50,37234,2022-11-13
States,Utah,2022,46,NA,4.14092,NA,NA,NA,NA,NA,NA,851,47,20551,2022-11-13
States,Vermont,2022,46,NA,1.29083,NA,NA,NA,NA,NA,NA,66,13,5113,2022-11-13
States,Virginia,2022,46,NA,7.98452,NA,NA,NA,NA,NA,NA,9408,171,117828,2022-11-13
States,Washington,2022,46,NA,7.4949,NA,NA,NA,NA,NA,NA,3563,74,47539,2022-11-13
States,West Virginia,2022,46,NA,4.01335,NA,NA,NA,NA,NA,NA,553,46,13779,2022-11-13
States,Wisconsin,2022,46,NA,2.69281,NA,NA,NA,NA,NA,NA,581,34,21576,2022-11-13
States,Wyoming,2022,46,NA,4.57227,NA,NA,NA,NA,NA,NA,186,18,4068,2022-11-13
States,Commonwealth of the Northern Mariana Islands,2022,46,NA,NA,NA,NA,NA,NA,NA,NA,NA,NA,NA,2022-11-13
States,Puerto Rico,2022,46,NA,7.5028,NA,NA,NA,NA,NA,NA,201,7,2679,2022-11-13
States,Virgin Islands,2022,46,NA,2.9908,NA,NA,NA,NA,NA,NA,39,4,1304,2022-11-13
States,New York City,2022,46,NA,8.72032,NA,NA,NA,NA,NA,NA,11068,107,126922,2022-11-13
States,Alabama,2022,47,NA,7.48371,NA,NA,NA,NA,NA,NA,3400,104,45432,2022-11-20
States,Alaska,2022,47,NA,3.73747,NA,NA,NA,NA,NA,NA,164,12,4388,2022-11-20
States,Arizona,2022,47,NA,5.1742,NA,NA,NA,NA,NA,NA,1099,43,21240,2022-11-20
States,Arkansas,2022,47,NA,7.85509,NA,NA,NA,NA,NA,NA,1392,51,17721,2022-11-20
States,California,2022,47,NA,8.85566,NA,NA,NA,NA,NA,NA,22774,223,257169,2022-11-20
States,Colorado,2022,47,NA,9.47875,NA,NA,NA,NA,NA,NA,4648,98,49036,2022-11-20
States,Connecticut,2022,47,NA,7.03994,NA,NA,NA,NA,NA,NA,3303,70,46918,2022-11-20
States,Delaware,2022,47,NA,3.20377,NA,NA,NA,NA,NA,NA,394,27,12298,2022-11-20
States,District of Columbia,2022,47,NA,11.0104,NA,NA,NA,NA,NA,NA,571,4,5186,2022-11-20
States,Florida,2022,47,NA,5.89708,NA,NA,NA,NA,NA,NA,13872,361,235235,2022-11-20
States,Georgia,2022,47,NA,6.80558,NA,NA,NA,NA,NA,NA,5193,105,76305,2022-11-20
States,Hawaii,2022,47,NA,4.18114,NA,NA,NA,NA,NA,NA,939,41,22458,2022-11-20
States,Idaho,2022,47,NA,7.78763,NA,NA,NA,NA,NA,NA,817,30,10491,2022-11-20
States,Illinois,2022,47,NA,6.56306,NA,NA,NA,NA,NA,NA,5021,180,76504,2022-11-20
States,Indiana,2022,47,NA,6.34942,NA,NA,NA,NA,NA,NA,3788,107,59659,2022-11-20
States,Iowa,2022,47,NA,5.75607,NA,NA,NA,NA,NA,NA,185,16,3214,2022-11-20
States,Kansas,2022,47,NA,8.03417,NA,NA,NA,NA,NA,NA,1439,36,17911,2022-11-20
States,Kentucky,2022,47,NA,11.077,NA,NA,NA,NA,NA,NA,4292,76,38747,2022-11-20
States,Louisiana,2022,47,NA,5.74114,NA,NA,NA,NA,NA,NA,2559,87,44573,2022-11-20
States,Maine,2022,47,NA,4.2112,NA,NA,NA,NA,NA,NA,591,51,14034,2022-11-20
States,Maryland,2022,47,NA,7.29946,NA,NA,NA,NA,NA,NA,3153,65,43195,2022-11-20
States,Massachusetts,2022,47,NA,4.58742,NA,NA,NA,NA,NA,NA,3200,95,69756,2022-11-20
States,Michigan,2022,47,NA,2.4058,NA,NA,NA,NA,NA,NA,2040,155,84795,2022-11-20
States,Minnesota,2022,47,NA,6.11175,NA,NA,NA,NA,NA,NA,1749,70,28617,2022-11-20
States,Mississippi,2022,47,NA,9.39057,NA,NA,NA,NA,NA,NA,1282,31,13652,2022-11-20
States,Missouri,2022,47,NA,5.53674,NA,NA,NA,NA,NA,NA,1733,41,31300,2022-11-20
States,Montana,2022,47,NA,4.21356,NA,NA,NA,NA,NA,NA,307,28,7286,2022-11-20
States,Nebraska,2022,47,NA,10.3523,NA,NA,NA,NA,NA,NA,1669,84,16122,2022-11-20
States,Nevada,2022,47,NA,3.7994,NA,NA,NA,NA,NA,NA,697,31,18345,2022-11-20
States,New Hampshire,2022,47,NA,0.899888,NA,NA,NA,NA,NA,NA,8,10,889,2022-11-20
States,New Jersey,2022,47,NA,8.96695,NA,NA,NA,NA,NA,NA,2670,32,29776,2022-11-20
States,New Mexico,2022,47,NA,13.9264,NA,NA,NA,NA,NA,NA,3250,36,23337,2022-11-20
States,New York,2022,47,NA,5.84341,NA,NA,NA,NA,NA,NA,3513,124,60119,2022-11-20
States,North Carolina,2022,47,NA,6.15102,NA,NA,NA,NA,NA,NA,5616,142,91302,2022-11-20
States,North Dakota,2022,47,NA,6.49351,NA,NA,NA,NA,NA,NA,225,13,3465,2022-11-20
States,Ohio,2022,47,NA,10.2964,NA,NA,NA,NA,NA,NA,4273,87,41500,2022-11-20
States,Oklahoma,2022,47,NA,6.66363,NA,NA,NA,NA,NA,NA,1315,33,19734,2022-11-20
States,Oregon,2022,47,NA,5.47444,NA,NA,NA,NA,NA,NA,2456,79,44863,2022-11-20
States,Pennsylvania,2022,47,NA,4.24753,NA,NA,NA,NA,NA,NA,2841,103,66886,2022-11-20
States,Rhode Island,2022,47,NA,3.45425,NA,NA,NA,NA,NA,NA,399,24,11551,2022-11-20
States,South Carolina,2022,47,NA,8.93056,NA,NA,NA,NA,NA,NA,2967,39,33223,2022-11-20
States,South Dakota,2022,47,NA,3.26162,NA,NA,NA,NA,NA,NA,282,32,8646,2022-11-20
States,Tennessee,2022,47,NA,13.3386,NA,NA,NA,NA,NA,NA,4851,102,36368,2022-11-20
States,Texas,2022,47,NA,9.18269,NA,NA,NA,NA,NA,NA,4948,61,53884,2022-11-20
States,Utah,2022,47,NA,5.48588,NA,NA,NA,NA,NA,NA,1006,48,18338,2022-11-20
States,Vermont,2022,47,NA,2.21533,NA,NA,NA,NA,NA,NA,100,12,4514,2022-11-20
States,Virginia,2022,47,NA,9.21262,NA,NA,NA,NA,NA,NA,10631,171,115396,2022-11-20
States,Washington,2022,47,NA,12.9332,NA,NA,NA,NA,NA,NA,5945,74,45967,2022-11-20
States,West Virginia,2022,47,NA,4.19304,NA,NA,NA,NA,NA,NA,424,46,10112,2022-11-20
States,Wisconsin,2022,47,NA,3.88717,NA,NA,NA,NA,NA,NA,842,34,21661,2022-11-20
States,Wyoming,2022,47,NA,6.82759,NA,NA,NA,NA,NA,NA,198,18,2900,2022-11-20
States,Commonwealth of the Northern Mariana Islands,2022,47,NA,NA,NA,NA,NA,NA,NA,NA,NA,NA,NA,2022-11-20
States,Puerto Rico,2022,47,NA,8.62137,NA,NA,NA,NA,NA,NA,217,7,2517,2022-11-20
States,Virgin Islands,2022,47,NA,2.42567,NA,NA,NA,NA,NA,NA,31,4,1278,2022-11-20
States,New York City,2022,47,NA,11.6978,NA,NA,NA,NA,NA,NA,13642,106,116620,2022-11-20
States,Alabama,2022,48,NA,6.18675,NA,NA,NA,NA,NA,NA,3240,108,52370,2022-11-27
States,Alaska,2022,48,NA,3.91354,NA,NA,NA,NA,NA,NA,172,12,4395,2022-11-27
States,Arizona,2022,48,NA,5.40803,NA,NA,NA,NA,NA,NA,1391,43,25721,2022-11-27
States,Arkansas,2022,48,NA,7.09427,NA,NA,NA,NA,NA,NA,1314,48,18522,2022-11-27
States,California,2022,48,NA,8.20078,NA,NA,NA,NA,NA,NA,26030,221,317409,2022-11-27
States,Colorado,2022,48,NA,9.25633,NA,NA,NA,NA,NA,NA,5209,98,56275,2022-11-27
States,Connecticut,2022,48,NA,8.25718,NA,NA,NA,NA,NA,NA,4364,70,52851,2022-11-27
States,Delaware,2022,48,NA,3.67624,NA,NA,NA,NA,NA,NA,580,27,15777,2022-11-27
States,District of Columbia,2022,48,NA,11.4517,NA,NA,NA,NA,NA,NA,736,4,6427,2022-11-27
States,Florida,2022,48,NA,5.74952,NA,NA,NA,NA,NA,NA,15284,360,265831,2022-11-27
States,Georgia,2022,48,NA,6.03757,NA,NA,NA,NA,NA,NA,4837,105,80115,2022-11-27
States,Hawaii,2022,48,NA,3.82854,NA,NA,NA,NA,NA,NA,1363,40,35601,2022-11-27
States,Idaho,2022,48,NA,6.80342,NA,NA,NA,NA,NA,NA,733,31,10774,2022-11-27
States,Illinois,2022,48,NA,6.29991,NA,NA,NA,NA,NA,NA,5396,180,85652,2022-11-27
States,Indiana,2022,48,NA,7.2188,NA,NA,NA,NA,NA,NA,4807,108,66590,2022-11-27
States,Iowa,2022,48,NA,4.60336,NA,NA,NA,NA,NA,NA,271,15,5887,2022-11-27
States,Kansas,2022,48,NA,7.01993,NA,NA,NA,NA,NA,NA,1448,33,20627,2022-11-27
States,Kentucky,2022,48,NA,10.1942,NA,NA,NA,NA,NA,NA,4320,77,42377,2022-11-27
States,Louisiana,2022,48,NA,5.05071,NA,NA,NA,NA,NA,NA,2440,87,48310,2022-11-27
States,Maine,2022,48,NA,5.61174,NA,NA,NA,NA,NA,NA,899,52,16020,2022-11-27
States,Maryland,2022,48,NA,6.50978,NA,NA,NA,NA,NA,NA,3148,65,48358,2022-11-27
States,Massachusetts,2022,48,NA,6.31883,NA,NA,NA,NA,NA,NA,5451,95,86266,2022-11-27
States,Michigan,2022,48,NA,2.73509,NA,NA,NA,NA,NA,NA,2597,153,94951,2022-11-27
States,Minnesota,2022,48,NA,5.07033,NA,NA,NA,NA,NA,NA,1950,71,38459,2022-11-27
States,Mississippi,2022,48,NA,7.83277,NA,NA,NA,NA,NA,NA,1111,32,14184,2022-11-27
States,Missouri,2022,48,NA,6.03798,NA,NA,NA,NA,NA,NA,2038,41,33753,2022-11-27
States,Montana,2022,48,NA,3.93477,NA,NA,NA,NA,NA,NA,304,28,7726,2022-11-27
States,Nebraska,2022,48,NA,8.6118,NA,NA,NA,NA,NA,NA,1603,85,18614,2022-11-27
States,Nevada,2022,48,NA,3.59971,NA,NA,NA,NA,NA,NA,800,32,22224,2022-11-27
States,New Hampshire,2022,48,NA,1.42857,NA,NA,NA,NA,NA,NA,22,9,1540,2022-11-27
States,New Jersey,2022,48,NA,9.7561,NA,NA,NA,NA,NA,NA,3264,32,33456,2022-11-27
States,New Mexico,2022,48,NA,14.0904,NA,NA,NA,NA,NA,NA,3876,38,27508,2022-11-27
States,New York,2022,48,NA,6.83606,NA,NA,NA,NA,NA,NA,4606,124,67378,2022-11-27
States,North Carolina,2022,48,NA,6.13547,NA,NA,NA,NA,NA,NA,6077,143,99047,2022-11-27
States,North Dakota,2022,48,NA,6.28394,NA,NA,NA,NA,NA,NA,243,13,3867,2022-11-27
States,Ohio,2022,48,NA,9.52824,NA,NA,NA,NA,NA,NA,4609,87,48372,2022-11-27
States,Oklahoma,2022,48,NA,8.08012,NA,NA,NA,NA,NA,NA,1662,32,20569,2022-11-27
States,Oregon,2022,48,NA,5.73999,NA,NA,NA,NA,NA,NA,2763,88,48136,2022-11-27
States,Pennsylvania,2022,48,NA,4.52839,NA,NA,NA,NA,NA,NA,3354,104,74066,2022-11-27
States,Rhode Island,2022,48,NA,5.44247,NA,NA,NA,NA,NA,NA,770,23,14148,2022-11-27
States,South Carolina,2022,48,NA,7.83351,NA,NA,NA,NA,NA,NA,2872,39,36663,2022-11-27
States,South Dakota,2022,48,NA,3.08723,NA,NA,NA,NA,NA,NA,304,31,9847,2022-11-27
States,Tennessee,2022,48,NA,11.923400000000001,NA,NA,NA,NA,NA,NA,4666,101,39133,2022-11-27
States,Texas,2022,48,NA,8.16427,NA,NA,NA,NA,NA,NA,5139,59,62945,2022-11-27
States,Utah,2022,48,NA,5.04149,NA,NA,NA,NA,NA,NA,1118,48,22176,2022-11-27
States,Vermont,2022,48,NA,2.62866,NA,NA,NA,NA,NA,NA,142,13,5402,2022-11-27
States,Virginia,2022,48,NA,8.60075,NA,NA,NA,NA,NA,NA,10552,171,122687,2022-11-27
States,Washington,2022,48,NA,11.7328,NA,NA,NA,NA,NA,NA,6043,74,51505,2022-11-27
States,West Virginia,2022,48,NA,3.47468,NA,NA,NA,NA,NA,NA,481,44,13843,2022-11-27
States,Wisconsin,2022,48,NA,4.37733,NA,NA,NA,NA,NA,NA,1058,34,24170,2022-11-27
States,Wyoming,2022,48,NA,6.22914,NA,NA,NA,NA,NA,NA,224,16,3596,2022-11-27
States,Commonwealth of the Northern Mariana Islands,2022,48,NA,NA,NA,NA,NA,NA,NA,NA,NA,NA,NA,2022-11-27
States,Puerto Rico,2022,48,NA,8.85564,NA,NA,NA,NA,NA,NA,219,7,2473,2022-11-27
States,Virgin Islands,2022,48,NA,1.63297,NA,NA,NA,NA,NA,NA,21,4,1286,2022-11-27
States,New York City,2022,48,NA,12.9247,NA,NA,NA,NA,NA,NA,17731,106,137187,2022-11-27
States,Alabama,2022,49,NA,4.65066,NA,NA,NA,NA,NA,NA,2343,107,50380,2022-12-04
States,Alaska,2022,49,NA,3.75451,NA,NA,NA,NA,NA,NA,156,12,4155,2022-12-04
States,Arizona,2022,49,NA,5.36996,NA,NA,NA,NA,NA,NA,1130,33,21043,2022-12-04
States,Arkansas,2022,49,NA,6.03581,NA,NA,NA,NA,NA,NA,1055,48,17479,2022-12-04
States,California,2022,49,NA,7.18702,NA,NA,NA,NA,NA,NA,21518,223,299401,2022-12-04
States,Colorado,2022,49,NA,8.97819,NA,NA,NA,NA,NA,NA,4808,98,53552,2022-12-04
States,Connecticut,2022,49,NA,7.52155,NA,NA,NA,NA,NA,NA,3778,70,50229,2022-12-04
States,Delaware,2022,49,NA,3.07895,NA,NA,NA,NA,NA,NA,468,28,15200,2022-12-04
States,District of Columbia,2022,49,NA,8.84727,NA,NA,NA,NA,NA,NA,581,4,6567,2022-12-04
States,Florida,2022,49,NA,5.73731,NA,NA,NA,NA,NA,NA,15359,360,267704,2022-12-04
States,Georgia,2022,49,NA,5.31983,NA,NA,NA,NA,NA,NA,4125,104,77540,2022-12-04
States,Hawaii,2022,49,NA,3.87004,NA,NA,NA,NA,NA,NA,1340,39,34625,2022-12-04
States,Idaho,2022,49,NA,9.09186,NA,NA,NA,NA,NA,NA,868,31,9547,2022-12-04
States,Illinois,2022,49,NA,5.88178,NA,NA,NA,NA,NA,NA,4861,180,82645,2022-12-04
States,Indiana,2022,49,NA,7.30833,NA,NA,NA,NA,NA,NA,4688,107,64146,2022-12-04
States,Iowa,2022,49,NA,4.18232,NA,NA,NA,NA,NA,NA,256,15,6121,2022-12-04
States,Kansas,2022,49,NA,6.98332,NA,NA,NA,NA,NA,NA,1432,34,20506,2022-12-04
States,Kentucky,2022,49,NA,8.06273,NA,NA,NA,NA,NA,NA,2915,77,36154,2022-12-04
States,Louisiana,2022,49,NA,3.99378,NA,NA,NA,NA,NA,NA,1850,87,46322,2022-12-04
States,Maine,2022,49,NA,7.92808,NA,NA,NA,NA,NA,NA,1239,52,15628,2022-12-04
States,Maryland,2022,49,NA,5.2272,NA,NA,NA,NA,NA,NA,2372,63,45378,2022-12-04
States,Massachusetts,2022,49,NA,7.89965,NA,NA,NA,NA,NA,NA,6685,95,84624,2022-12-04
States,Michigan,2022,49,NA,3.2543,NA,NA,NA,NA,NA,NA,3084,153,94767,2022-12-04
States,Minnesota,2022,49,NA,4.64284,NA,NA,NA,NA,NA,NA,1712,71,36874,2022-12-04
States,Mississippi,2022,49,NA,5.95238,NA,NA,NA,NA,NA,NA,780,31,13104,2022-12-04
States,Missouri,2022,49,NA,6.00537,NA,NA,NA,NA,NA,NA,1970,41,32804,2022-12-04
States,Montana,2022,49,NA,4.48888,NA,NA,NA,NA,NA,NA,339,28,7552,2022-12-04
States,Nebraska,2022,49,NA,11.3675,NA,NA,NA,NA,NA,NA,2094,85,18421,2022-12-04
States,Nevada,2022,49,NA,3.35544,NA,NA,NA,NA,NA,NA,754,32,22471,2022-12-04
States,New Hampshire,2022,49,NA,2.11538,NA,NA,NA,NA,NA,NA,33,10,1560,2022-12-04
States,New Jersey,2022,49,NA,8.62705,NA,NA,NA,NA,NA,NA,2761,32,32004,2022-12-04
States,New Mexico,2022,49,NA,16.6005,NA,NA,NA,NA,NA,NA,4221,34,25427,2022-12-04
States,New York,2022,49,NA,8.18203,NA,NA,NA,NA,NA,NA,4894,124,59814,2022-12-04
States,North Carolina,2022,49,NA,4.64505,NA,NA,NA,NA,NA,NA,4310,144,92787,2022-12-04
States,North Dakota,2022,49,NA,14.2703,NA,NA,NA,NA,NA,NA,398,12,2789,2022-12-04
States,Ohio,2022,49,NA,9.4528199999999991,NA,NA,NA,NA,NA,NA,4255,85,45013,2022-12-04
States,Oklahoma,2022,49,NA,9.22488,NA,NA,NA,NA,NA,NA,1953,32,21171,2022-12-04
States,Oregon,2022,49,NA,5.537,NA,NA,NA,NA,NA,NA,2487,88,44916,2022-12-04
States,Pennsylvania,2022,49,NA,4.24185,NA,NA,NA,NA,NA,NA,3028,104,71384,2022-12-04
States,Rhode Island,2022,49,NA,6.88287,NA,NA,NA,NA,NA,NA,1006,25,14616,2022-12-04
States,South Carolina,2022,49,NA,6.28148,NA,NA,NA,NA,NA,NA,2033,40,32365,2022-12-04
States,South Dakota,2022,49,NA,3.39597,NA,NA,NA,NA,NA,NA,347,32,10218,2022-12-04
States,Tennessee,2022,49,NA,9.15309,NA,NA,NA,NA,NA,NA,3372,101,36840,2022-12-04
States,Texas,2022,49,NA,7.90764,NA,NA,NA,NA,NA,NA,4644,58,58728,2022-12-04
States,Utah,2022,49,NA,5.305,NA,NA,NA,NA,NA,NA,1161,48,21885,2022-12-04
States,Vermont,2022,49,NA,4.30243,NA,NA,NA,NA,NA,NA,239,14,5555,2022-12-04
States,Virginia,2022,49,NA,7.10843,NA,NA,NA,NA,NA,NA,8157,171,114751,2022-12-04
States,Washington,2022,49,NA,10.6642,NA,NA,NA,NA,NA,NA,5284,73,49549,2022-12-04
States,West Virginia,2022,49,NA,4.72193,NA,NA,NA,NA,NA,NA,675,45,14295,2022-12-04
States,Wisconsin,2022,49,NA,4.41543,NA,NA,NA,NA,NA,NA,1011,34,22897,2022-12-04
States,Wyoming,2022,49,NA,4.21235,NA,NA,NA,NA,NA,NA,146,15,3466,2022-12-04
States,Commonwealth of the Northern Mariana Islands,2022,49,NA,NA,NA,NA,NA,NA,NA,NA,NA,NA,NA,2022-12-04
States,Puerto Rico,2022,49,NA,7.3636,NA,NA,NA,NA,NA,NA,193,7,2621,2022-12-04
States,Virgin Islands,2022,49,NA,0.937207,NA,NA,NA,NA,NA,NA,10,4,1067,2022-12-04
States,New York City,2022,49,NA,12.6295,NA,NA,NA,NA,NA,NA,16044,104,127036,2022-12-04
States,Alabama,2022,50,NA,4.16466,NA,NA,NA,NA,NA,NA,1902,107,45670,2022-12-11
States,Alaska,2022,50,NA,3.9563,NA,NA,NA,NA,NA,NA,134,12,3387,2022-12-11
States,Arizona,2022,50,NA,4.17597,NA,NA,NA,NA,NA,NA,954,43,22845,2022-12-11
States,Arkansas,2022,50,NA,5.32132,NA,NA,NA,NA,NA,NA,862,47,16199,2022-12-11
States,California,2022,50,NA,6.43924,NA,NA,NA,NA,NA,NA,18479,220,286975,2022-12-11
States,Colorado,2022,50,NA,9.44431,NA,NA,NA,NA,NA,NA,4961,98,52529,2022-12-11
States,Connecticut,2022,50,NA,6.4247,NA,NA,NA,NA,NA,NA,2972,70,46259,2022-12-11
States,Delaware,2022,50,NA,3.40751,NA,NA,NA,NA,NA,NA,490,28,14380,2022-12-11
States,District of Columbia,2022,50,NA,8.21485,NA,NA,NA,NA,NA,NA,468,4,5697,2022-12-11
States,Florida,2022,50,NA,6.28252,NA,NA,NA,NA,NA,NA,16677,361,265451,2022-12-11
States,Georgia,2022,50,NA,4.72517,NA,NA,NA,NA,NA,NA,3749,105,79341,2022-12-11
States,Hawaii,2022,50,NA,4.02856,NA,NA,NA,NA,NA,NA,1371,39,34032,2022-12-11
States,Idaho,2022,50,NA,9.56539,NA,NA,NA,NA,NA,NA,942,31,9848,2022-12-11
States,Illinois,2022,50,NA,6.13549,NA,NA,NA,NA,NA,NA,4377,173,71339,2022-12-11
States,Indiana,2022,50,NA,6.63536,NA,NA,NA,NA,NA,NA,3971,105,59846,2022-12-11
States,Iowa,2022,50,NA,6.41074,NA,NA,NA,NA,NA,NA,339,15,5288,2022-12-11
States,Kansas,2022,50,NA,6.27912,NA,NA,NA,NA,NA,NA,1132,34,18028,2022-12-11
States,Kentucky,2022,50,NA,5.79084,NA,NA,NA,NA,NA,NA,1917,78,33104,2022-12-11
States,Louisiana,2022,50,NA,3.61443,NA,NA,NA,NA,NA,NA,1537,87,42524,2022-12-11
States,Maine,2022,50,NA,9.69729,NA,NA,NA,NA,NA,NA,1480,50,15262,2022-12-11
States,Maryland,2022,50,NA,4.72869,NA,NA,NA,NA,NA,NA,2081,63,44008,2022-12-11
States,Massachusetts,2022,50,NA,8.72322,NA,NA,NA,NA,NA,NA,7292,95,83593,2022-12-11
States,Michigan,2022,50,NA,4.1351,NA,NA,NA,NA,NA,NA,4006,155,96878,2022-12-11
States,Minnesota,2022,50,NA,4.16788,NA,NA,NA,NA,NA,NA,1430,70,34310,2022-12-11
States,Mississippi,2022,50,NA,5.27225,NA,NA,NA,NA,NA,NA,641,31,12158,2022-12-11
States,Missouri,2022,50,NA,5.36761,NA,NA,NA,NA,NA,NA,1658,41,30889,2022-12-11
States,Montana,2022,50,NA,4.68316,NA,NA,NA,NA,NA,NA,371,28,7922,2022-12-11
States,Nebraska,2022,50,NA,11.5178,NA,NA,NA,NA,NA,NA,1998,85,17347,2022-12-11
States,Nevada,2022,50,NA,3.44763,NA,NA,NA,NA,NA,NA,740,32,21464,2022-12-11
States,New Hampshire,2022,50,NA,2.12766,NA,NA,NA,NA,NA,NA,32,10,1504,2022-12-11
States,New Jersey,2022,50,NA,7.43288,NA,NA,NA,NA,NA,NA,2151,31,28939,2022-12-11
States,New Mexico,2022,50,NA,16.9512,NA,NA,NA,NA,NA,NA,3972,35,23432,2022-12-11
States,New York,2022,50,NA,5.15234,NA,NA,NA,NA,NA,NA,2540,123,49298,2022-12-11
States,North Carolina,2022,50,NA,4.1676,NA,NA,NA,NA,NA,NA,3714,143,89116,2022-12-11
States,North Dakota,2022,50,NA,12.3215,NA,NA,NA,NA,NA,NA,509,14,4131,2022-12-11
States,Ohio,2022,50,NA,9.13739,NA,NA,NA,NA,NA,NA,4003,84,43809,2022-12-11
States,Oklahoma,2022,50,NA,8.26637,NA,NA,NA,NA,NA,NA,1646,33,19912,2022-12-11
States,Oregon,2022,50,NA,5.11878,NA,NA,NA,NA,NA,NA,2200,89,42979,2022-12-11
States,Pennsylvania,2022,50,NA,4.01022,NA,NA,NA,NA,NA,NA,2684,103,66929,2022-12-11
States,Rhode Island,2022,50,NA,6.8582,NA,NA,NA,NA,NA,NA,962,25,14027,2022-12-11
States,South Carolina,2022,50,NA,5.8498,NA,NA,NA,NA,NA,NA,1797,40,30719,2022-12-11
States,South Dakota,2022,50,NA,3.12997,NA,NA,NA,NA,NA,NA,256,31,8179,2022-12-11
States,Tennessee,2022,50,NA,7.25664,NA,NA,NA,NA,NA,NA,2551,101,35154,2022-12-11
States,Texas,2022,50,NA,7.05818,NA,NA,NA,NA,NA,NA,4013,58,56856,2022-12-11
States,Utah,2022,50,NA,5.76339,NA,NA,NA,NA,NA,NA,1214,48,21064,2022-12-11
States,Vermont,2022,50,NA,4.54803,NA,NA,NA,NA,NA,NA,241,14,5299,2022-12-11
States,Virginia,2022,50,NA,6.37148,NA,NA,NA,NA,NA,NA,7087,171,111230,2022-12-11
States,Washington,2022,50,NA,9.03203,NA,NA,NA,NA,NA,NA,4365,73,48328,2022-12-11
States,West Virginia,2022,50,NA,4.25842,NA,NA,NA,NA,NA,NA,584,44,13714,2022-12-11
States,Wisconsin,2022,50,NA,3.91484,NA,NA,NA,NA,NA,NA,879,34,22453,2022-12-11
States,Wyoming,2022,50,NA,9.07678,NA,NA,NA,NA,NA,NA,292,16,3217,2022-12-11
States,Commonwealth of the Northern Mariana Islands,2022,50,NA,NA,NA,NA,NA,NA,NA,NA,NA,NA,NA,2022-12-11
States,Puerto Rico,2022,50,NA,6.59051,NA,NA,NA,NA,NA,NA,150,8,2276,2022-12-11
States,Virgin Islands,2022,50,NA,1.43241,NA,NA,NA,NA,NA,NA,16,4,1117,2022-12-11
States,New York City,2022,50,NA,11.8439,NA,NA,NA,NA,NA,NA,14855,106,125423,2022-12-11
States,Alabama,2022,51,NA,3.98366,NA,NA,NA,NA,NA,NA,1707,104,42850,2022-12-18
States,Alaska,2022,51,NA,2.20042,NA,NA,NA,NA,NA,NA,83,12,3772,2022-12-18
States,Arizona,2022,51,NA,4.25122,NA,NA,NA,NA,NA,NA,905,43,21288,2022-12-18
States,Arkansas,2022,51,NA,4.62027,NA,NA,NA,NA,NA,NA,626,47,13549,2022-12-18
States,California,2022,51,NA,6.48097,NA,NA,NA,NA,NA,NA,17211,209,265562,2022-12-18
States,Colorado,2022,51,NA,8.89574,NA,NA,NA,NA,NA,NA,4152,98,46674,2022-12-18
States,Connecticut,2022,51,NA,5.75337,NA,NA,NA,NA,NA,NA,2498,70,43418,2022-12-18
States,Delaware,2022,51,NA,3.00611,NA,NA,NA,NA,NA,NA,369,26,12275,2022-12-18
States,District of Columbia,2022,51,NA,7.19204,NA,NA,NA,NA,NA,NA,376,4,5228,2022-12-18
States,Florida,2022,51,NA,6.50865,NA,NA,NA,NA,NA,NA,16102,360,247394,2022-12-18
States,Georgia,2022,51,NA,4.56847,NA,NA,NA,NA,NA,NA,3185,104,69717,2022-12-18
States,Hawaii,2022,51,NA,4.46968,NA,NA,NA,NA,NA,NA,1220,39,27295,2022-12-18
States,Idaho,2022,51,NA,9.5219,NA,NA,NA,NA,NA,NA,948,31,9956,2022-12-18
States,Illinois,2022,51,NA,4.96167,NA,NA,NA,NA,NA,NA,3126,180,63003,2022-12-18
States,Indiana,2022,51,NA,5.52302,NA,NA,NA,NA,NA,NA,2744,107,49683,2022-12-18
States,Iowa,2022,51,NA,8.09453,NA,NA,NA,NA,NA,NA,274,15,3385,2022-12-18
States,Kansas,2022,51,NA,5.22977,NA,NA,NA,NA,NA,NA,775,36,14819,2022-12-18
States,Kentucky,2022,51,NA,5.08545,NA,NA,NA,NA,NA,NA,1479,78,29083,2022-12-18
States,Louisiana,2022,51,NA,3.26298,NA,NA,NA,NA,NA,NA,1226,87,37573,2022-12-18
States,Maine,2022,51,NA,8.36395,NA,NA,NA,NA,NA,NA,1252,51,14969,2022-12-18
States,Maryland,2022,51,NA,4.35901,NA,NA,NA,NA,NA,NA,1763,62,40445,2022-12-18
States,Massachusetts,2022,51,NA,8.89624,NA,NA,NA,NA,NA,NA,6988,95,78550,2022-12-18
States,Michigan,2022,51,NA,4.32553,NA,NA,NA,NA,NA,NA,3636,153,84059,2022-12-18
States,Minnesota,2022,51,NA,2.53356,NA,NA,NA,NA,NA,NA,770,70,30392,2022-12-18
States,Mississippi,2022,51,NA,5.01545,NA,NA,NA,NA,NA,NA,552,29,11006,2022-12-18
States,Missouri,2022,51,NA,4.71533,NA,NA,NA,NA,NA,NA,1215,41,25767,2022-12-18
States,Montana,2022,51,NA,5.18821,NA,NA,NA,NA,NA,NA,368,28,7093,2022-12-18
States,Nebraska,2022,51,NA,9.49929,NA,NA,NA,NA,NA,NA,1347,85,14180,2022-12-18
States,Nevada,2022,51,NA,2.83962,NA,NA,NA,NA,NA,NA,537,32,18911,2022-12-18
States,New Hampshire,2022,51,NA,2.16777,NA,NA,NA,NA,NA,NA,23,10,1061,2022-12-18
States,New Jersey,2022,51,NA,6.76435,NA,NA,NA,NA,NA,NA,1722,30,25457,2022-12-18
States,New Mexico,2022,51,NA,15.4059,NA,NA,NA,NA,NA,NA,3232,35,20979,2022-12-18
States,New York,2022,51,NA,6.92419,NA,NA,NA,NA,NA,NA,3956,120,57133,2022-12-18
States,North Carolina,2022,51,NA,3.99631,NA,NA,NA,NA,NA,NA,3159,139,79048,2022-12-18
States,North Dakota,2022,51,NA,8.74576,NA,NA,NA,NA,NA,NA,258,13,2950,2022-12-18
States,Ohio,2022,51,NA,8.51582,NA,NA,NA,NA,NA,NA,2975,83,34935,2022-12-18
States,Oklahoma,2022,51,NA,7.40073,NA,NA,NA,NA,NA,NA,1232,30,16647,2022-12-18
States,Oregon,2022,51,NA,4.20202,NA,NA,NA,NA,NA,NA,1565,87,37244,2022-12-18
States,Pennsylvania,2022,51,NA,3.37568,NA,NA,NA,NA,NA,NA,2110,103,62506,2022-12-18
States,Rhode Island,2022,51,NA,6.97303,NA,NA,NA,NA,NA,NA,830,24,11903,2022-12-18
States,South Carolina,2022,51,NA,5.64986,NA,NA,NA,NA,NA,NA,1601,38,28337,2022-12-18
States,South Dakota,2022,51,NA,2.4214,NA,NA,NA,NA,NA,NA,191,31,7888,2022-12-18
States,Tennessee,2022,51,NA,6.12142,NA,NA,NA,NA,NA,NA,1821,99,29748,2022-12-18
States,Texas,2022,51,NA,6.69468,NA,NA,NA,NA,NA,NA,3075,57,45932,2022-12-18
States,Utah,2022,51,NA,5.88293,NA,NA,NA,NA,NA,NA,1206,48,20500,2022-12-18
States,Vermont,2022,51,NA,7.35488,NA,NA,NA,NA,NA,NA,446,15,6064,2022-12-18
States,Virginia,2022,51,NA,6.04136,NA,NA,NA,NA,NA,NA,6307,171,104397,2022-12-18
States,Washington,2022,51,NA,7.24828,NA,NA,NA,NA,NA,NA,2927,72,40382,2022-12-18
States,West Virginia,2022,51,NA,4.76776,NA,NA,NA,NA,NA,NA,504,43,10571,2022-12-18
States,Wisconsin,2022,51,NA,3.49707,NA,NA,NA,NA,NA,NA,645,34,18444,2022-12-18
States,Wyoming,2022,51,NA,7.77735,NA,NA,NA,NA,NA,NA,204,15,2623,2022-12-18
States,Commonwealth of the Northern Mariana Islands,2022,51,NA,NA,NA,NA,NA,NA,NA,NA,NA,NA,NA,2022-12-18
States,Puerto Rico,2022,51,NA,5.74065,NA,NA,NA,NA,NA,NA,112,7,1951,2022-12-18
States,Virgin Islands,2022,51,NA,1.16592,NA,NA,NA,NA,NA,NA,13,4,1115,2022-12-18
States,New York City,2022,51,NA,10.725,NA,NA,NA,NA,NA,NA,12390,105,115525,2022-12-18
States,Alabama,2022,52,NA,4.22199,NA,NA,NA,NA,NA,NA,1946,105,46092,2022-12-25
States,Alaska,2022,52,NA,2.61976,NA,NA,NA,NA,NA,NA,105,12,4008,2022-12-25
States,Arizona,2022,52,NA,3.90219,NA,NA,NA,NA,NA,NA,857,44,21962,2022-12-25
States,Arkansas,2022,52,NA,4.49872,NA,NA,NA,NA,NA,NA,687,46,15271,2022-12-25
States,California,2022,52,NA,6.47401,NA,NA,NA,NA,NA,NA,15272,218,235897,2022-12-25
States,Colorado,2022,52,NA,7.10632,NA,NA,NA,NA,NA,NA,3112,98,43792,2022-12-25
States,Connecticut,2022,52,NA,5.13445,NA,NA,NA,NA,NA,NA,2276,70,44328,2022-12-25
States,Delaware,2022,52,NA,2.73877,NA,NA,NA,NA,NA,NA,314,25,11465,2022-12-25
States,District of Columbia,2022,52,NA,5.3603,NA,NA,NA,NA,NA,NA,212,4,3955,2022-12-25
States,Florida,2022,52,NA,6.3677,NA,NA,NA,NA,NA,NA,16271,358,255524,2022-12-25
States,Georgia,2022,52,NA,4.64459,NA,NA,NA,NA,NA,NA,3352,104,72170,2022-12-25
States,Hawaii,2022,52,NA,4.94031,NA,NA,NA,NA,NA,NA,1109,38,22448,2022-12-25
States,Idaho,2022,52,NA,5.05991,NA,NA,NA,NA,NA,NA,511,31,10099,2022-12-25
States,Illinois,2022,52,NA,3.78811,NA,NA,NA,NA,NA,NA,2520,178,66524,2022-12-25
States,Indiana,2022,52,NA,4.40335,NA,NA,NA,NA,NA,NA,2379,107,54027,2022-12-25
States,Iowa,2022,52,NA,5.02568,NA,NA,NA,NA,NA,NA,137,15,2726,2022-12-25
States,Kansas,2022,52,NA,4.38738,NA,NA,NA,NA,NA,NA,680,34,15499,2022-12-25
States,Kentucky,2022,52,NA,4.289,NA,NA,NA,NA,NA,NA,1360,75,31709,2022-12-25
States,Louisiana,2022,52,NA,3.77775,NA,NA,NA,NA,NA,NA,1676,87,44365,2022-12-25
States,Maine,2022,52,NA,7.24122,NA,NA,NA,NA,NA,NA,1099,51,15177,2022-12-25
States,Maryland,2022,52,NA,4.10191,NA,NA,NA,NA,NA,NA,1668,62,40664,2022-12-25
States,Massachusetts,2022,52,NA,7.95073,NA,NA,NA,NA,NA,NA,5893,95,74119,2022-12-25
States,Michigan,2022,52,NA,3.35122,NA,NA,NA,NA,NA,NA,2886,153,86118,2022-12-25
States,Minnesota,2022,52,NA,2.47454,NA,NA,NA,NA,NA,NA,605,71,24449,2022-12-25
States,Mississippi,2022,52,NA,5.84303,NA,NA,NA,NA,NA,NA,743,30,12716,2022-12-25
States,Missouri,2022,52,NA,3.72634,NA,NA,NA,NA,NA,NA,1061,41,28473,2022-12-25
States,Montana,2022,52,NA,3.64827,NA,NA,NA,NA,NA,NA,273,28,7483,2022-12-25
States,Nebraska,2022,52,NA,7.05905,NA,NA,NA,NA,NA,NA,1077,85,15257,2022-12-25
States,Nevada,2022,52,NA,2.81571,NA,NA,NA,NA,NA,NA,499,32,17722,2022-12-25
States,New Hampshire,2022,52,NA,1.93798,NA,NA,NA,NA,NA,NA,15,10,774,2022-12-25
States,New Jersey,2022,52,NA,5.92052,NA,NA,NA,NA,NA,NA,1670,30,28207,2022-12-25
States,New Mexico,2022,52,NA,12.2154,NA,NA,NA,NA,NA,NA,2645,37,21653,2022-12-25
States,New York,2022,52,NA,5.40239,NA,NA,NA,NA,NA,NA,3151,123,58326,2022-12-25
States,North Carolina,2022,52,NA,4.26756,NA,NA,NA,NA,NA,NA,3650,140,85529,2022-12-25
States,North Dakota,2022,52,NA,5.96044,NA,NA,NA,NA,NA,NA,220,12,3691,2022-12-25
States,Ohio,2022,52,NA,6.75321,NA,NA,NA,NA,NA,NA,2419,85,35820,2022-12-25
States,Oklahoma,2022,52,NA,5.75575,NA,NA,NA,NA,NA,NA,1297,29,22534,2022-12-25
States,Oregon,2022,52,NA,2.95826,NA,NA,NA,NA,NA,NA,1192,78,40294,2022-12-25
States,Pennsylvania,2022,52,NA,3.32892,NA,NA,NA,NA,NA,NA,2187,102,65697,2022-12-25
States,Rhode Island,2022,52,NA,5.15167,NA,NA,NA,NA,NA,NA,591,24,11472,2022-12-25
States,South Carolina,2022,52,NA,6.00084,NA,NA,NA,NA,NA,NA,1713,38,28546,2022-12-25
States,South Dakota,2022,52,NA,1.95684,NA,NA,NA,NA,NA,NA,146,32,7461,2022-12-25
States,Tennessee,2022,52,NA,5.45432,NA,NA,NA,NA,NA,NA,1766,99,32378,2022-12-25
States,Texas,2022,52,NA,6.58356,NA,NA,NA,NA,NA,NA,3871,53,58798,2022-12-25
States,Utah,2022,52,NA,5.29373,NA,NA,NA,NA,NA,NA,957,48,18078,2022-12-25
States,Vermont,2022,52,NA,3.47796,NA,NA,NA,NA,NA,NA,202,14,5808,2022-12-25
States,Virginia,2022,52,NA,5.29949,NA,NA,NA,NA,NA,NA,1328,171,25059,2022-12-25
States,Washington,2022,52,NA,4.7523,NA,NA,NA,NA,NA,NA,1955,72,41138,2022-12-25
States,West Virginia,2022,52,NA,3.36934,NA,NA,NA,NA,NA,NA,340,43,10091,2022-12-25
States,Wisconsin,2022,52,NA,2.63708,NA,NA,NA,NA,NA,NA,505,33,19150,2022-12-25
States,Wyoming,2022,52,NA,6.83934,NA,NA,NA,NA,NA,NA,169,16,2471,2022-12-25
States,Commonwealth of the Northern Mariana Islands,2022,52,NA,NA,NA,NA,NA,NA,NA,NA,NA,NA,NA,2022-12-25
States,Puerto Rico,2022,52,NA,6.22356,NA,NA,NA,NA,NA,NA,103,6,1655,2022-12-25
States,Virgin Islands,2022,52,NA,1.35287,NA,NA,NA,NA,NA,NA,12,4,887,2022-12-25
States,New York City,2022,52,NA,9.11115,NA,NA,NA,NA,NA,NA,9819,101,107769,2022-12-25
States,Alabama,2023,1,NA,3.41889,NA,NA,NA,NA,NA,NA,1681,103,49168,2023-01-01
States,Alaska,2023,1,NA,1.82741,NA,NA,NA,NA,NA,NA,72,12,3940,2023-01-01
States,Arizona,2023,1,NA,2.59132,NA,NA,NA,NA,NA,NA,559,43,21572,2023-01-01
States,Arkansas,2023,1,NA,3.44047,NA,NA,NA,NA,NA,NA,547,50,15899,2023-01-01
States,California,2023,1,NA,5.36975,NA,NA,NA,NA,NA,NA,13217,220,246138,2023-01-01
States,Colorado,2023,1,NA,4.64253,NA,NA,NA,NA,NA,NA,2176,98,46871,2023-01-01
States,Connecticut,2023,1,NA,3.74509,NA,NA,NA,NA,NA,NA,1706,70,45553,2023-01-01
States,Delaware,2023,1,NA,2.1097,NA,NA,NA,NA,NA,NA,275,25,13035,2023-01-01
States,District of Columbia,2023,1,NA,4.32388,NA,NA,NA,NA,NA,NA,212,4,4903,2023-01-01
States,Florida,2023,1,NA,5.2658,NA,NA,NA,NA,NA,NA,14582,358,276919,2023-01-01
States,Georgia,2023,1,NA,3.67748,NA,NA,NA,NA,NA,NA,2997,104,81496,2023-01-01
States,Hawaii,2023,1,NA,3.7213,NA,NA,NA,NA,NA,NA,1065,39,28619,2023-01-01
States,Idaho,2023,1,NA,2.86294,NA,NA,NA,NA,NA,NA,268,31,9361,2023-01-01
States,Illinois,2023,1,NA,2.62565,NA,NA,NA,NA,NA,NA,1830,181,69697,2023-01-01
States,Indiana,2023,1,NA,2.87934,NA,NA,NA,NA,NA,NA,1564,103,54318,2023-01-01
States,Iowa,2023,1,NA,3.70142,NA,NA,NA,NA,NA,NA,120,15,3242,2023-01-01
States,Kansas,2023,1,NA,2.65055,NA,NA,NA,NA,NA,NA,467,36,17619,2023-01-01
States,Kentucky,2023,1,NA,3.01853,NA,NA,NA,NA,NA,NA,1041,80,34487,2023-01-01
States,Louisiana,2023,1,NA,2.98517,NA,NA,NA,NA,NA,NA,1369,87,45860,2023-01-01
States,Maine,2023,1,NA,4.09706,NA,NA,NA,NA,NA,NA,618,52,15084,2023-01-01
States,Maryland,2023,1,NA,3.21737,NA,NA,NA,NA,NA,NA,1439,62,44726,2023-01-01
States,Massachusetts,2023,1,NA,4.71774,NA,NA,NA,NA,NA,NA,3698,95,78385,2023-01-01
States,Michigan,2023,1,NA,2.25652,NA,NA,NA,NA,NA,NA,1949,153,86372,2023-01-01
States,Minnesota,2023,1,NA,1.66801,NA,NA,NA,NA,NA,NA,456,70,27338,2023-01-01
States,Mississippi,2023,1,NA,4.03377,NA,NA,NA,NA,NA,NA,516,31,12792,2023-01-01
States,Missouri,2023,1,NA,2.54857,NA,NA,NA,NA,NA,NA,732,41,28722,2023-01-01
States,Montana,2023,1,NA,2.74101,NA,NA,NA,NA,NA,NA,205,28,7479,2023-01-01
States,Nebraska,2023,1,NA,4.34351,NA,NA,NA,NA,NA,NA,657,85,15126,2023-01-01
States,Nevada,2023,1,NA,1.59684,NA,NA,NA,NA,NA,NA,287,32,17973,2023-01-01
States,New Hampshire,2023,1,NA,1.71858,NA,NA,NA,NA,NA,NA,16,10,931,2023-01-01
States,New Jersey,2023,1,NA,4.66758,NA,NA,NA,NA,NA,NA,1369,31,29330,2023-01-01
States,New Mexico,2023,1,NA,7.90007,NA,NA,NA,NA,NA,NA,1714,39,21696,2023-01-01
States,New York,2023,1,NA,3.50057,NA,NA,NA,NA,NA,NA,2075,123,59276,2023-01-01
States,North Carolina,2023,1,NA,3.21522,NA,NA,NA,NA,NA,NA,3077,142,95701,2023-01-01
States,North Dakota,2023,1,NA,4.76432,NA,NA,NA,NA,NA,NA,188,13,3946,2023-01-01
States,Ohio,2023,1,NA,4.05222,NA,NA,NA,NA,NA,NA,1580,83,38991,2023-01-01
States,Oklahoma,2023,1,NA,4.48306,NA,NA,NA,NA,NA,NA,823,32,18358,2023-01-01
States,Oregon,2023,1,NA,2.00131,NA,NA,NA,NA,NA,NA,792,88,39574,2023-01-01
States,Pennsylvania,2023,1,NA,2.35014,NA,NA,NA,NA,NA,NA,1636,103,69613,2023-01-01
States,Rhode Island,2023,1,NA,2.77649,NA,NA,NA,NA,NA,NA,300,22,10805,2023-01-01
States,South Carolina,2023,1,NA,4.86698,NA,NA,NA,NA,NA,NA,1566,39,32176,2023-01-01
States,South Dakota,2023,1,NA,1.51204,NA,NA,NA,NA,NA,NA,103,31,6812,2023-01-01
States,Tennessee,2023,1,NA,3.76114,NA,NA,NA,NA,NA,NA,1329,101,35335,2023-01-01
States,Texas,2023,1,NA,5.28723,NA,NA,NA,NA,NA,NA,2751,56,52031,2023-01-01
States,Utah,2023,1,NA,3.75632,NA,NA,NA,NA,NA,NA,698,48,18582,2023-01-01
States,Vermont,2023,1,NA,2.43452,NA,NA,NA,NA,NA,NA,145,15,5956,2023-01-01
States,Virginia,2023,1,NA,4.41915,NA,NA,NA,NA,NA,NA,5121,172,115882,2023-01-01
States,Washington,2023,1,NA,2.96109,NA,NA,NA,NA,NA,NA,1251,72,42248,2023-01-01
States,West Virginia,2023,1,NA,2.34299,NA,NA,NA,NA,NA,NA,266,41,11353,2023-01-01
States,Wisconsin,2023,1,NA,1.98735,NA,NA,NA,NA,NA,NA,399,34,20077,2023-01-01
States,Wyoming,2023,1,NA,4.96269,NA,NA,NA,NA,NA,NA,133,17,2680,2023-01-01
States,Commonwealth of the Northern Mariana Islands,2023,1,NA,NA,NA,NA,NA,NA,NA,NA,NA,NA,NA,2023-01-01
States,Puerto Rico,2023,1,NA,3.01028,NA,NA,NA,NA,NA,NA,41,5,1362,2023-01-01
States,Virgin Islands,2023,1,NA,1.73536,NA,NA,NA,NA,NA,NA,16,4,922,2023-01-01
States,New York City,2023,1,NA,6.94632,NA,NA,NA,NA,NA,NA,8316,105,119718,2023-01-01
States,Alabama,2023,2,NA,2.64606,NA,NA,NA,NA,NA,NA,1250,106,47240,2023-01-08
States,Alaska,2023,2,NA,1.3965,NA,NA,NA,NA,NA,NA,51,12,3652,2023-01-08
States,Arizona,2023,2,NA,1.71346,NA,NA,NA,NA,NA,NA,379,44,22119,2023-01-08
States,Arkansas,2023,2,NA,2.29794,NA,NA,NA,NA,NA,NA,350,49,15231,2023-01-08
States,California,2023,2,NA,3.86336,NA,NA,NA,NA,NA,NA,10907,220,282319,2023-01-08
States,Colorado,2023,2,NA,3.14896,NA,NA,NA,NA,NA,NA,1569,98,49826,2023-01-08
States,Connecticut,2023,2,NA,2.681,NA,NA,NA,NA,NA,NA,1122,70,41850,2023-01-08
States,Delaware,2023,2,NA,1.2175,NA,NA,NA,NA,NA,NA,140,26,11499,2023-01-08
States,District of Columbia,2023,2,NA,5.63917,NA,NA,NA,NA,NA,NA,281,4,4983,2023-01-08
States,Florida,2023,2,NA,4.13728,NA,NA,NA,NA,NA,NA,10502,360,253838,2023-01-08
States,Georgia,2023,2,NA,2.90179,NA,NA,NA,NA,NA,NA,2286,104,78779,2023-01-08
States,Hawaii,2023,2,NA,3.28381,NA,NA,NA,NA,NA,NA,1156,40,35203,2023-01-08
States,Idaho,2023,2,NA,1.69347,NA,NA,NA,NA,NA,NA,159,31,9389,2023-01-08
States,Illinois,2023,2,NA,2.09415,NA,NA,NA,NA,NA,NA,1440,181,68763,2023-01-08
States,Indiana,2023,2,NA,2.0552,NA,NA,NA,NA,NA,NA,1053,101,51236,2023-01-08
States,Iowa,2023,2,NA,2.58693,NA,NA,NA,NA,NA,NA,93,14,3595,2023-01-08
States,Kansas,2023,2,NA,1.99566,NA,NA,NA,NA,NA,NA,359,36,17989,2023-01-08
States,Kentucky,2023,2,NA,2.56796,NA,NA,NA,NA,NA,NA,836,78,32555,2023-01-08
States,Louisiana,2023,2,NA,2.11782,NA,NA,NA,NA,NA,NA,888,87,41930,2023-01-08
States,Maine,2023,2,NA,2.52568,NA,NA,NA,NA,NA,NA,354,50,14016,2023-01-08
States,Maryland,2023,2,NA,2.50899,NA,NA,NA,NA,NA,NA,1033,62,41172,2023-01-08
States,Massachusetts,2023,2,NA,2.75916,NA,NA,NA,NA,NA,NA,2120,94,76835,2023-01-08
States,Michigan,2023,2,NA,1.45569,NA,NA,NA,NA,NA,NA,1088,151,74741,2023-01-08
States,Minnesota,2023,2,NA,1.24371,NA,NA,NA,NA,NA,NA,415,69,33368,2023-01-08
States,Mississippi,2023,2,NA,3.38462,NA,NA,NA,NA,NA,NA,407,31,12025,2023-01-08
States,Missouri,2023,2,NA,1.95825,NA,NA,NA,NA,NA,NA,516,41,26350,2023-01-08
States,Montana,2023,2,NA,1.65709,NA,NA,NA,NA,NA,NA,124,28,7483,2023-01-08
States,Nebraska,2023,2,NA,2.76874,NA,NA,NA,NA,NA,NA,451,85,16289,2023-01-08
States,Nevada,2023,2,NA,0.974166,NA,NA,NA,NA,NA,NA,181,32,18580,2023-01-08
States,New Hampshire,2023,2,NA,0.870647,NA,NA,NA,NA,NA,NA,7,9,804,2023-01-08
States,New Jersey,2023,2,NA,3.88473,NA,NA,NA,NA,NA,NA,1100,32,28316,2023-01-08
States,New Mexico,2023,2,NA,4.57795,NA,NA,NA,NA,NA,NA,935,36,20424,2023-01-08
States,New York,2023,2,NA,2.63004,NA,NA,NA,NA,NA,NA,1438,123,54676,2023-01-08
States,North Carolina,2023,2,NA,2.28467,NA,NA,NA,NA,NA,NA,2005,144,87759,2023-01-08
States,North Dakota,2023,2,NA,5.78015,NA,NA,NA,NA,NA,NA,173,14,2993,2023-01-08
States,Ohio,2023,2,NA,2.59455,NA,NA,NA,NA,NA,NA,992,84,38234,2023-01-08
States,Oklahoma,2023,2,NA,3.57908,NA,NA,NA,NA,NA,NA,635,33,17742,2023-01-08
States,Oregon,2023,2,NA,2.91581,NA,NA,NA,NA,NA,NA,1173,78,40229,2023-01-08
States,Pennsylvania,2023,2,NA,1.6009,NA,NA,NA,NA,NA,NA,1035,103,64651,2023-01-08
States,Rhode Island,2023,2,NA,1.8132,NA,NA,NA,NA,NA,NA,192,23,10589,2023-01-08
States,South Carolina,2023,2,NA,3.43608,NA,NA,NA,NA,NA,NA,1069,38,31111,2023-01-08
States,South Dakota,2023,2,NA,1.09099,NA,NA,NA,NA,NA,NA,97,32,8891,2023-01-08
States,Tennessee,2023,2,NA,3.15944,NA,NA,NA,NA,NA,NA,1075,100,34025,2023-01-08
States,Texas,2023,2,NA,4.12182,NA,NA,NA,NA,NA,NA,2443,59,59270,2023-01-08
States,Utah,2023,2,NA,2.45507,NA,NA,NA,NA,NA,NA,459,48,18696,2023-01-08
States,Vermont,2023,2,NA,1.38462,NA,NA,NA,NA,NA,NA,81,15,5850,2023-01-08
States,Virginia,2023,2,NA,3.41878,NA,NA,NA,NA,NA,NA,3585,173,104862,2023-01-08
States,Washington,2023,2,NA,1.85538,NA,NA,NA,NA,NA,NA,819,72,44142,2023-01-08
States,West Virginia,2023,2,NA,2.64708,NA,NA,NA,NA,NA,NA,328,46,12391,2023-01-08
States,Wisconsin,2023,2,NA,1.40529,NA,NA,NA,NA,NA,NA,263,34,18715,2023-01-08
States,Wyoming,2023,2,NA,1.4442,NA,NA,NA,NA,NA,NA,33,15,2285,2023-01-08
States,Commonwealth of the Northern Mariana Islands,2023,2,NA,NA,NA,NA,NA,NA,NA,NA,NA,NA,NA,2023-01-08
States,Puerto Rico,2023,2,NA,3.81098,NA,NA,NA,NA,NA,NA,50,6,1312,2023-01-08
States,Virgin Islands,2023,2,NA,1.63043,NA,NA,NA,NA,NA,NA,18,4,1104,2023-01-08
States,New York City,2023,2,NA,5.5431,NA,NA,NA,NA,NA,NA,6179,106,111472,2023-01-08
States,Alabama,2023,3,NA,2.43721,NA,NA,NA,NA,NA,NA,1147,103,47062,2023-01-15
States,Alaska,2023,3,NA,1.40175,NA,NA,NA,NA,NA,NA,53,12,3781,2023-01-15
States,Arizona,2023,3,NA,1.42827,NA,NA,NA,NA,NA,NA,335,44,23455,2023-01-15
States,Arkansas,2023,3,NA,2.30209,NA,NA,NA,NA,NA,NA,351,47,15247,2023-01-15
States,California,2023,3,NA,3.29358,NA,NA,NA,NA,NA,NA,8614,220,261539,2023-01-15
States,Colorado,2023,3,NA,2.85617,NA,NA,NA,NA,NA,NA,1253,98,43870,2023-01-15
States,Connecticut,2023,3,NA,2.16632,NA,NA,NA,NA,NA,NA,887,70,40945,2023-01-15
States,Delaware,2023,3,NA,1.13921,NA,NA,NA,NA,NA,NA,141,26,12377,2023-01-15
States,District of Columbia,2023,3,NA,4.21949,NA,NA,NA,NA,NA,NA,223,4,5285,2023-01-15
States,Florida,2023,3,NA,3.87619,NA,NA,NA,NA,NA,NA,9817,360,253264,2023-01-15
States,Georgia,2023,3,NA,2.67728,NA,NA,NA,NA,NA,NA,1884,104,70370,2023-01-15
States,Hawaii,2023,3,NA,3.27753,NA,NA,NA,NA,NA,NA,977,40,29809,2023-01-15
States,Idaho,2023,3,NA,1.30498,NA,NA,NA,NA,NA,NA,108,30,8276,2023-01-15
States,Illinois,2023,3,NA,1.89547,NA,NA,NA,NA,NA,NA,1307,179,68954,2023-01-15
States,Indiana,2023,3,NA,1.563,NA,NA,NA,NA,NA,NA,641,103,41011,2023-01-15
States,Iowa,2023,3,NA,1.74907,NA,NA,NA,NA,NA,NA,75,14,4288,2023-01-15
States,Kansas,2023,3,NA,1.43959,NA,NA,NA,NA,NA,NA,252,35,17505,2023-01-15
States,Kentucky,2023,3,NA,2.12583,NA,NA,NA,NA,NA,NA,742,80,34904,2023-01-15
States,Louisiana,2023,3,NA,1.96965,NA,NA,NA,NA,NA,NA,841,87,42698,2023-01-15
States,Maine,2023,3,NA,1.69248,NA,NA,NA,NA,NA,NA,224,52,13235,2023-01-15
States,Maryland,2023,3,NA,2.25212,NA,NA,NA,NA,NA,NA,889,65,39474,2023-01-15
States,Massachusetts,2023,3,NA,2.12983,NA,NA,NA,NA,NA,NA,1526,95,71649,2023-01-15
States,Michigan,2023,3,NA,1.1786,NA,NA,NA,NA,NA,NA,933,152,79162,2023-01-15
States,Minnesota,2023,3,NA,1.29774,NA,NA,NA,NA,NA,NA,439,71,33828,2023-01-15
States,Mississippi,2023,3,NA,3.58966,NA,NA,NA,NA,NA,NA,450,32,12536,2023-01-15
States,Missouri,2023,3,NA,1.88367,NA,NA,NA,NA,NA,NA,501,41,26597,2023-01-15
States,Montana,2023,3,NA,1.31242,NA,NA,NA,NA,NA,NA,82,28,6248,2023-01-15
States,Nebraska,2023,3,NA,2.40535,NA,NA,NA,NA,NA,NA,345,85,14343,2023-01-15
States,Nevada,2023,3,NA,0.75619,NA,NA,NA,NA,NA,NA,124,32,16398,2023-01-15
States,New Hampshire,2023,3,NA,0.998185,NA,NA,NA,NA,NA,NA,11,10,1102,2023-01-15
States,New Jersey,2023,3,NA,3.64219,NA,NA,NA,NA,NA,NA,978,31,26852,2023-01-15
States,New Mexico,2023,3,NA,4.04113,NA,NA,NA,NA,NA,NA,786,36,19450,2023-01-15
States,New York,2023,3,NA,2.38797,NA,NA,NA,NA,NA,NA,1256,123,52597,2023-01-15
States,North Carolina,2023,3,NA,2.07009,NA,NA,NA,NA,NA,NA,1821,146,87967,2023-01-15
States,North Dakota,2023,3,NA,11.2766,NA,NA,NA,NA,NA,NA,53,4,470,2023-01-15
States,Ohio,2023,3,NA,2.36312,NA,NA,NA,NA,NA,NA,896,84,37916,2023-01-15
States,Oklahoma,2023,3,NA,3.52933,NA,NA,NA,NA,NA,NA,500,33,14167,2023-01-15
States,Oregon,2023,3,NA,1.1928,NA,NA,NA,NA,NA,NA,452,89,37894,2023-01-15
States,Pennsylvania,2023,3,NA,1.46732,NA,NA,NA,NA,NA,NA,925,102,63040,2023-01-15
States,Rhode Island,2023,3,NA,1.25356,NA,NA,NA,NA,NA,NA,141,23,11248,2023-01-15
States,South Carolina,2023,3,NA,3.30362,NA,NA,NA,NA,NA,NA,1045,39,31632,2023-01-15
States,South Dakota,2023,3,NA,1.23987,NA,NA,NA,NA,NA,NA,104,32,8388,2023-01-15
States,Tennessee,2023,3,NA,2.68003,NA,NA,NA,NA,NA,NA,920,101,34328,2023-01-15
States,Texas,2023,3,NA,3.70605,NA,NA,NA,NA,NA,NA,2107,45,56853,2023-01-15
States,Utah,2023,3,NA,2.47087,NA,NA,NA,NA,NA,NA,405,47,16391,2023-01-15
States,Vermont,2023,3,NA,0.825611,NA,NA,NA,NA,NA,NA,49,14,5935,2023-01-15
States,Virginia,2023,3,NA,3.30812,NA,NA,NA,NA,NA,NA,3472,173,104954,2023-01-15
States,Washington,2023,3,NA,1.48388,NA,NA,NA,NA,NA,NA,627,72,42254,2023-01-15
States,West Virginia,2023,3,NA,2.03777,NA,NA,NA,NA,NA,NA,259,44,12710,2023-01-15
States,Wisconsin,2023,3,NA,1.45719,NA,NA,NA,NA,NA,NA,288,34,19764,2023-01-15
States,Wyoming,2023,3,NA,1.82633,NA,NA,NA,NA,NA,NA,53,16,2902,2023-01-15
States,Commonwealth of the Northern Mariana Islands,2023,3,NA,NA,NA,NA,NA,NA,NA,NA,NA,NA,NA,2023-01-15
States,Puerto Rico,2023,3,NA,3.74868,NA,NA,NA,NA,NA,NA,71,7,1894,2023-01-15
States,Virgin Islands,2023,3,NA,2.53497,NA,NA,NA,NA,NA,NA,29,4,1144,2023-01-15
States,New York City,2023,3,NA,5.16483,NA,NA,NA,NA,NA,NA,5322,106,103043,2023-01-15
States,Alabama,2023,4,NA,2.92505,NA,NA,NA,NA,NA,NA,1334,101,45606,2023-01-22
States,Alaska,2023,4,NA,0.945626,NA,NA,NA,NA,NA,NA,36,12,3807,2023-01-22
States,Arizona,2023,4,NA,1.55686,NA,NA,NA,NA,NA,NA,341,44,21903,2023-01-22
States,Arkansas,2023,4,NA,2.21568,NA,NA,NA,NA,NA,NA,316,47,14262,2023-01-22
States,California,2023,4,NA,3.20698,NA,NA,NA,NA,NA,NA,9287,218,289587,2023-01-22
States,Colorado,2023,4,NA,3.12975,NA,NA,NA,NA,NA,NA,1092,98,34891,2023-01-22
States,Connecticut,2023,4,NA,2.07025,NA,NA,NA,NA,NA,NA,847,70,40913,2023-01-22
States,Delaware,2023,4,NA,1.17763,NA,NA,NA,NA,NA,NA,155,26,13162,2023-01-22
States,District of Columbia,2023,4,NA,4.18154,NA,NA,NA,NA,NA,NA,246,4,5883,2023-01-22
States,Florida,2023,4,NA,3.69914,NA,NA,NA,NA,NA,NA,9525,360,257492,2023-01-22
States,Georgia,2023,4,NA,2.8563,NA,NA,NA,NA,NA,NA,2138,100,74852,2023-01-22
States,Hawaii,2023,4,NA,3.10405,NA,NA,NA,NA,NA,NA,1088,40,35051,2023-01-22
States,Idaho,2023,4,NA,1.23668,NA,NA,NA,NA,NA,NA,101,30,8167,2023-01-22
States,Illinois,2023,4,NA,1.99596,NA,NA,NA,NA,NA,NA,1363,179,68288,2023-01-22
States,Indiana,2023,4,NA,1.6857,NA,NA,NA,NA,NA,NA,856,104,50780,2023-01-22
States,Iowa,2023,4,NA,1.72163,NA,NA,NA,NA,NA,NA,83,15,4821,2023-01-22
States,Kansas,2023,4,NA,1.82357,NA,NA,NA,NA,NA,NA,314,34,17219,2023-01-22
States,Kentucky,2023,4,NA,2.72263,NA,NA,NA,NA,NA,NA,912,78,33497,2023-01-22
States,Louisiana,2023,4,NA,2.04602,NA,NA,NA,NA,NA,NA,835,87,40811,2023-01-22
States,Maine,2023,4,NA,1.24941,NA,NA,NA,NA,NA,NA,158,51,12646,2023-01-22
States,Maryland,2023,4,NA,2.32189,NA,NA,NA,NA,NA,NA,980,64,42207,2023-01-22
States,Massachusetts,2023,4,NA,1.90216,NA,NA,NA,NA,NA,NA,1429,95,75125,2023-01-22
States,Michigan,2023,4,NA,1.08697,NA,NA,NA,NA,NA,NA,836,153,76911,2023-01-22
States,Minnesota,2023,4,NA,1.42153,NA,NA,NA,NA,NA,NA,493,71,34681,2023-01-22
States,Mississippi,2023,4,NA,3.53882,NA,NA,NA,NA,NA,NA,438,32,12377,2023-01-22
States,Missouri,2023,4,NA,1.7391,NA,NA,NA,NA,NA,NA,447,41,25703,2023-01-22
States,Montana,2023,4,NA,1.36705,NA,NA,NA,NA,NA,NA,100,28,7315,2023-01-22
States,Nebraska,2023,4,NA,2.3724,NA,NA,NA,NA,NA,NA,383,85,16144,2023-01-22
States,Nevada,2023,4,NA,0.911711,NA,NA,NA,NA,NA,NA,174,32,19085,2023-01-22
States,New Hampshire,2023,4,NA,0.944206,NA,NA,NA,NA,NA,NA,11,10,1165,2023-01-22
States,New Jersey,2023,4,NA,3.67634,NA,NA,NA,NA,NA,NA,1000,31,27201,2023-01-22
States,New Mexico,2023,4,NA,3.98536,NA,NA,NA,NA,NA,NA,784,35,19672,2023-01-22
States,New York,2023,4,NA,2.34254,NA,NA,NA,NA,NA,NA,1282,123,54727,2023-01-22
States,North Carolina,2023,4,NA,2.02869,NA,NA,NA,NA,NA,NA,1769,146,87199,2023-01-22
States,North Dakota,2023,4,NA,3.59184,NA,NA,NA,NA,NA,NA,132,14,3675,2023-01-22
States,Ohio,2023,4,NA,2.2422,NA,NA,NA,NA,NA,NA,853,84,38043,2023-01-22
States,Oklahoma,2023,4,NA,5.70555,NA,NA,NA,NA,NA,NA,448,34,7852,2023-01-22
States,Oregon,2023,4,NA,1.29303,NA,NA,NA,NA,NA,NA,483,78,37354,2023-01-22
States,Pennsylvania,2023,4,NA,1.43737,NA,NA,NA,NA,NA,NA,906,105,63032,2023-01-22
States,Rhode Island,2023,4,NA,1.24422,NA,NA,NA,NA,NA,NA,148,23,11895,2023-01-22
States,South Carolina,2023,4,NA,2.87284,NA,NA,NA,NA,NA,NA,868,38,30214,2023-01-22
States,South Dakota,2023,4,NA,1.34375,NA,NA,NA,NA,NA,NA,117,31,8707,2023-01-22
States,Tennessee,2023,4,NA,2.59733,NA,NA,NA,NA,NA,NA,870,99,33496,2023-01-22
States,Texas,2023,4,NA,3.82218,NA,NA,NA,NA,NA,NA,2048,43,53582,2023-01-22
States,Utah,2023,4,NA,2.22542,NA,NA,NA,NA,NA,NA,402,48,18064,2023-01-22
States,Vermont,2023,4,NA,0.796675,NA,NA,NA,NA,NA,NA,46,15,5774,2023-01-22
States,Virginia,2023,4,NA,3.23285,NA,NA,NA,NA,NA,NA,3389,174,104830,2023-01-22
States,Washington,2023,4,NA,1.44114,NA,NA,NA,NA,NA,NA,639,72,44340,2023-01-22
States,West Virginia,2023,4,NA,2.2135,NA,NA,NA,NA,NA,NA,282,44,12740,2023-01-22
States,Wisconsin,2023,4,NA,1.23813,NA,NA,NA,NA,NA,NA,253,34,20434,2023-01-22
States,Wyoming,2023,4,NA,2.02877,NA,NA,NA,NA,NA,NA,55,15,2711,2023-01-22
States,Commonwealth of the Northern Mariana Islands,2023,4,NA,NA,NA,NA,NA,NA,NA,NA,NA,NA,NA,2023-01-22
States,Puerto Rico,2023,4,NA,3.35958,NA,NA,NA,NA,NA,NA,64,6,1905,2023-01-22
States,Virgin Islands,2023,4,NA,3.87469,NA,NA,NA,NA,NA,NA,47,4,1213,2023-01-22
States,New York City,2023,4,NA,4.77028,NA,NA,NA,NA,NA,NA,5017,105,105172,2023-01-22
States,Alabama,2023,5,NA,2.7485,NA,NA,NA,NA,NA,NA,1335,106,48572,2023-01-29
States,Alaska,2023,5,NA,1.41547,NA,NA,NA,NA,NA,NA,54,12,3815,2023-01-29
States,Arizona,2023,5,NA,1.73303,NA,NA,NA,NA,NA,NA,393,44,22677,2023-01-29
States,Arkansas,2023,5,NA,2.23088,NA,NA,NA,NA,NA,NA,275,45,12327,2023-01-29
States,California,2023,5,NA,3.42504,NA,NA,NA,NA,NA,NA,10071,221,294040,2023-01-29
States,Colorado,2023,5,NA,3.30984,NA,NA,NA,NA,NA,NA,1611,98,48673,2023-01-29
States,Connecticut,2023,5,NA,2.01604,NA,NA,NA,NA,NA,NA,817,70,40525,2023-01-29
States,Delaware,2023,5,NA,1.37674,NA,NA,NA,NA,NA,NA,181,28,13147,2023-01-29
States,District of Columbia,2023,5,NA,4.94155,NA,NA,NA,NA,NA,NA,279,4,5646,2023-01-29
States,Florida,2023,5,NA,3.72095,NA,NA,NA,NA,NA,NA,9701,359,260713,2023-01-29
States,Georgia,2023,5,NA,2.93055,NA,NA,NA,NA,NA,NA,2288,101,78074,2023-01-29
States,Hawaii,2023,5,NA,2.82684,NA,NA,NA,NA,NA,NA,1010,41,35729,2023-01-29
States,Idaho,2023,5,NA,1.28565,NA,NA,NA,NA,NA,NA,119,31,9256,2023-01-29
States,Illinois,2023,5,NA,2.04028,NA,NA,NA,NA,NA,NA,1388,180,68030,2023-01-29
States,Indiana,2023,5,NA,1.73739,NA,NA,NA,NA,NA,NA,902,101,51917,2023-01-29
States,Iowa,2023,5,NA,1.54242,NA,NA,NA,NA,NA,NA,72,15,4668,2023-01-29
States,Kansas,2023,5,NA,1.4397,NA,NA,NA,NA,NA,NA,242,33,16809,2023-01-29
States,Kentucky,2023,5,NA,2.53204,NA,NA,NA,NA,NA,NA,818,79,32306,2023-01-29
States,Louisiana,2023,5,NA,1.83654,NA,NA,NA,NA,NA,NA,755,87,41110,2023-01-29
States,Maine,2023,5,NA,1.0318,NA,NA,NA,NA,NA,NA,134,51,12987,2023-01-29
States,Maryland,2023,5,NA,2.2986,NA,NA,NA,NA,NA,NA,953,66,41460,2023-01-29
States,Massachusetts,2023,5,NA,1.70274,NA,NA,NA,NA,NA,NA,1246,95,73176,2023-01-29
States,Michigan,2023,5,NA,1.0751,NA,NA,NA,NA,NA,NA,844,152,78504,2023-01-29
States,Minnesota,2023,5,NA,1.38517,NA,NA,NA,NA,NA,NA,461,70,33281,2023-01-29
States,Mississippi,2023,5,NA,3.49622,NA,NA,NA,NA,NA,NA,435,32,12442,2023-01-29
States,Missouri,2023,5,NA,1.72621,NA,NA,NA,NA,NA,NA,430,41,24910,2023-01-29
States,Montana,2023,5,NA,1.16311,NA,NA,NA,NA,NA,NA,84,28,7222,2023-01-29
States,Nebraska,2023,5,NA,2.42882,NA,NA,NA,NA,NA,NA,383,85,15769,2023-01-29
States,Nevada,2023,5,NA,0.903017,NA,NA,NA,NA,NA,NA,173,32,19158,2023-01-29
States,New Hampshire,2023,5,NA,0.456323,NA,NA,NA,NA,NA,NA,7,10,1534,2023-01-29
States,New Jersey,2023,5,NA,3.57658,NA,NA,NA,NA,NA,NA,1017,32,28435,2023-01-29
States,New Mexico,2023,5,NA,4.02995,NA,NA,NA,NA,NA,NA,872,36,21638,2023-01-29
States,New York,2023,5,NA,2.47437,NA,NA,NA,NA,NA,NA,1318,121,53266,2023-01-29
States,North Carolina,2023,5,NA,2.06731,NA,NA,NA,NA,NA,NA,1820,144,88037,2023-01-29
States,North Dakota,2023,5,NA,4.4403,NA,NA,NA,NA,NA,NA,119,14,2680,2023-01-29
States,Ohio,2023,5,NA,2.21071,NA,NA,NA,NA,NA,NA,866,83,39173,2023-01-29
States,Oklahoma,2023,5,NA,2.334,NA,NA,NA,NA,NA,NA,361,33,15467,2023-01-29
States,Oregon,2023,5,NA,1.45338,NA,NA,NA,NA,NA,NA,554,88,38118,2023-01-29
States,Pennsylvania,2023,5,NA,1.44959,NA,NA,NA,NA,NA,NA,923,105,63673,2023-01-29
States,Rhode Island,2023,5,NA,1.13976,NA,NA,NA,NA,NA,NA,126,23,11055,2023-01-29
States,South Carolina,2023,5,NA,3.21164,NA,NA,NA,NA,NA,NA,987,39,30732,2023-01-29
States,South Dakota,2023,5,NA,1.01842,NA,NA,NA,NA,NA,NA,89,32,8739,2023-01-29
States,Tennessee,2023,5,NA,2.56084,NA,NA,NA,NA,NA,NA,806,101,31474,2023-01-29
States,Texas,2023,5,NA,3.51183,NA,NA,NA,NA,NA,NA,1633,42,46500,2023-01-29
States,Utah,2023,5,NA,2.46128,NA,NA,NA,NA,NA,NA,445,48,18080,2023-01-29
States,Vermont,2023,5,NA,0.632794,NA,NA,NA,NA,NA,NA,34,15,5373,2023-01-29
States,Virginia,2023,5,NA,3.32821,NA,NA,NA,NA,NA,NA,3528,174,106003,2023-01-29
States,Washington,2023,5,NA,1.40135,NA,NA,NA,NA,NA,NA,623,72,44457,2023-01-29
States,West Virginia,2023,5,NA,1.61576,NA,NA,NA,NA,NA,NA,201,43,12440,2023-01-29
States,Wisconsin,2023,5,NA,1.02745,NA,NA,NA,NA,NA,NA,204,34,19855,2023-01-29
States,Wyoming,2023,5,NA,1.8428,NA,NA,NA,NA,NA,NA,49,15,2659,2023-01-29
States,Commonwealth of the Northern Mariana Islands,2023,5,NA,NA,NA,NA,NA,NA,NA,NA,NA,NA,NA,2023-01-29
States,Puerto Rico,2023,5,NA,3.16547,NA,NA,NA,NA,NA,NA,66,7,2085,2023-01-29
States,Virgin Islands,2023,5,NA,0.945017,NA,NA,NA,NA,NA,NA,11,4,1164,2023-01-29
States,New York City,2023,5,NA,4.80501,NA,NA,NA,NA,NA,NA,5175,106,107700,2023-01-29
States,Alabama,2023,6,NA,2.69995,NA,NA,NA,NA,NA,NA,1350,106,50001,2023-02-05
States,Alaska,2023,6,NA,1.79402,NA,NA,NA,NA,NA,NA,54,12,3010,2023-02-05
States,Arizona,2023,6,NA,1.77795,NA,NA,NA,NA,NA,NA,405,43,22779,2023-02-05
States,Arkansas,2023,6,NA,1.96896,NA,NA,NA,NA,NA,NA,307,48,15592,2023-02-05
States,California,2023,6,NA,3.55255,NA,NA,NA,NA,NA,NA,10583,220,297899,2023-02-05
States,Colorado,2023,6,NA,3.33002,NA,NA,NA,NA,NA,NA,1676,98,50330,2023-02-05
States,Connecticut,2023,6,NA,1.87773,NA,NA,NA,NA,NA,NA,825,70,43936,2023-02-05
States,Delaware,2023,6,NA,1.15015,NA,NA,NA,NA,NA,NA,164,27,14259,2023-02-05
States,District of Columbia,2023,6,NA,4.75798,NA,NA,NA,NA,NA,NA,289,4,6074,2023-02-05
States,Florida,2023,6,NA,3.63625,NA,NA,NA,NA,NA,NA,9537,360,262276,2023-02-05
States,Georgia,2023,6,NA,3.07156,NA,NA,NA,NA,NA,NA,2448,101,79699,2023-02-05
States,Hawaii,2023,6,NA,3.12989,NA,NA,NA,NA,NA,NA,1001,41,31982,2023-02-05
States,Idaho,2023,6,NA,1.20215,NA,NA,NA,NA,NA,NA,103,30,8568,2023-02-05
States,Illinois,2023,6,NA,2.12108,NA,NA,NA,NA,NA,NA,1551,180,73123,2023-02-05
States,Indiana,2023,6,NA,1.72523,NA,NA,NA,NA,NA,NA,952,104,55181,2023-02-05
States,Iowa,2023,6,NA,1.48475,NA,NA,NA,NA,NA,NA,74,15,4984,2023-02-05
States,Kansas,2023,6,NA,1.53583,NA,NA,NA,NA,NA,NA,287,35,18687,2023-02-05
States,Kentucky,2023,6,NA,2.47489,NA,NA,NA,NA,NA,NA,855,78,34547,2023-02-05
States,Louisiana,2023,6,NA,1.93694,NA,NA,NA,NA,NA,NA,825,87,42593,2023-02-05
States,Maine,2023,6,NA,1.16939,NA,NA,NA,NA,NA,NA,169,51,14452,2023-02-05
States,Maryland,2023,6,NA,2.23944,NA,NA,NA,NA,NA,NA,1003,66,44788,2023-02-05
States,Massachusetts,2023,6,NA,1.72143,NA,NA,NA,NA,NA,NA,1335,95,77552,2023-02-05
States,Michigan,2023,6,NA,1.19314,NA,NA,NA,NA,NA,NA,991,156,83058,2023-02-05
States,Minnesota,2023,6,NA,1.36151,NA,NA,NA,NA,NA,NA,462,70,33933,2023-02-05
States,Mississippi,2023,6,NA,3.43878,NA,NA,NA,NA,NA,NA,437,31,12708,2023-02-05
States,Missouri,2023,6,NA,1.65942,NA,NA,NA,NA,NA,NA,454,41,27359,2023-02-05
States,Montana,2023,6,NA,1.35062,NA,NA,NA,NA,NA,NA,100,28,7404,2023-02-05
States,Nebraska,2023,6,NA,2.49878,NA,NA,NA,NA,NA,NA,411,85,16448,2023-02-05
States,Nevada,2023,6,NA,0.843965,NA,NA,NA,NA,NA,NA,172,32,20380,2023-02-05
States,New Hampshire,2023,6,NA,0.86741,NA,NA,NA,NA,NA,NA,14,10,1614,2023-02-05
States,New Jersey,2023,6,NA,3.92411,NA,NA,NA,NA,NA,NA,1152,31,29357,2023-02-05
States,New Mexico,2023,6,NA,4.3698,NA,NA,NA,NA,NA,NA,925,36,21168,2023-02-05
States,New York,2023,6,NA,2.34875,NA,NA,NA,NA,NA,NA,1233,122,52496,2023-02-05
States,North Carolina,2023,6,NA,2.26461,NA,NA,NA,NA,NA,NA,2079,145,91804,2023-02-05
States,North Dakota,2023,6,NA,3.49275,NA,NA,NA,NA,NA,NA,130,13,3722,2023-02-05
States,Ohio,2023,6,NA,2.32946,NA,NA,NA,NA,NA,NA,937,84,40224,2023-02-05
States,Oklahoma,2023,6,NA,2.00711,NA,NA,NA,NA,NA,NA,350,33,17438,2023-02-05
States,Oregon,2023,6,NA,1.31891,NA,NA,NA,NA,NA,NA,523,78,39654,2023-02-05
States,Pennsylvania,2023,6,NA,1.51504,NA,NA,NA,NA,NA,NA,1018,104,67193,2023-02-05
States,Rhode Island,2023,6,NA,1.28528,NA,NA,NA,NA,NA,NA,158,24,12293,2023-02-05
States,South Carolina,2023,6,NA,3.12011,NA,NA,NA,NA,NA,NA,1017,39,32595,2023-02-05
States,South Dakota,2023,6,NA,1.11059,NA,NA,NA,NA,NA,NA,95,30,8554,2023-02-05
States,Tennessee,2023,6,NA,2.31084,NA,NA,NA,NA,NA,NA,831,102,35961,2023-02-05
States,Texas,2023,6,NA,3.36758,NA,NA,NA,NA,NA,NA,1878,45,55767,2023-02-05
States,Utah,2023,6,NA,2.21,NA,NA,NA,NA,NA,NA,414,48,18733,2023-02-05
States,Vermont,2023,6,NA,0.785615,NA,NA,NA,NA,NA,NA,45,14,5728,2023-02-05
States,Virginia,2023,6,NA,3.32294,NA,NA,NA,NA,NA,NA,3688,173,110986,2023-02-05
States,Washington,2023,6,NA,1.49866,NA,NA,NA,NA,NA,NA,687,72,45841,2023-02-05
States,West Virginia,2023,6,NA,2.04429,NA,NA,NA,NA,NA,NA,288,48,14088,2023-02-05
States,Wisconsin,2023,6,NA,1.24881,NA,NA,NA,NA,NA,NA,263,34,21060,2023-02-05
States,Wyoming,2023,6,NA,2.2695,NA,NA,NA,NA,NA,NA,64,14,2820,2023-02-05
States,Commonwealth of the Northern Mariana Islands,2023,6,NA,NA,NA,NA,NA,NA,NA,NA,NA,NA,NA,2023-02-05
States,Puerto Rico,2023,6,NA,2.09644,NA,NA,NA,NA,NA,NA,40,6,1908,2023-02-05
States,Virgin Islands,2023,6,NA,3.30379,NA,NA,NA,NA,NA,NA,41,4,1241,2023-02-05
States,New York City,2023,6,NA,4.82899,NA,NA,NA,NA,NA,NA,5529,106,114496,2023-02-05
States,Alabama,2023,7,NA,2.57543,NA,NA,NA,NA,NA,NA,1253,107,48652,2023-02-12
States,Alaska,2023,7,NA,1.3081,NA,NA,NA,NA,NA,NA,47,12,3593,2023-02-12
States,Arizona,2023,7,NA,1.62053,NA,NA,NA,NA,NA,NA,360,44,22215,2023-02-12
States,Arkansas,2023,7,NA,2.04929,NA,NA,NA,NA,NA,NA,316,47,15420,2023-02-12
States,California,2023,7,NA,3.62101,NA,NA,NA,NA,NA,NA,10451,214,288621,2023-02-12
States,Colorado,2023,7,NA,3.27538,NA,NA,NA,NA,NA,NA,1590,98,48544,2023-02-12
States,Connecticut,2023,7,NA,2.01489,NA,NA,NA,NA,NA,NA,882,69,43774,2023-02-12
States,Delaware,2023,7,NA,1.32507,NA,NA,NA,NA,NA,NA,186,26,14037,2023-02-12
States,District of Columbia,2023,7,NA,4.41834,NA,NA,NA,NA,NA,NA,267,4,6043,2023-02-12
States,Florida,2023,7,NA,3.46929,NA,NA,NA,NA,NA,NA,8970,359,258554,2023-02-12
States,Georgia,2023,7,NA,2.89633,NA,NA,NA,NA,NA,NA,2302,104,79480,2023-02-12
States,Hawaii,2023,7,NA,2.51468,NA,NA,NA,NA,NA,NA,895,37,35591,2023-02-12
States,Idaho,2023,7,NA,1.2763,NA,NA,NA,NA,NA,NA,111,29,8697,2023-02-12
States,Illinois,2023,7,NA,2.27946,NA,NA,NA,NA,NA,NA,1632,179,71596,2023-02-12
States,Indiana,2023,7,NA,1.77871,NA,NA,NA,NA,NA,NA,975,104,54815,2023-02-12
States,Iowa,2023,7,NA,1.71596,NA,NA,NA,NA,NA,NA,76,16,4429,2023-02-12
States,Kansas,2023,7,NA,1.58846,NA,NA,NA,NA,NA,NA,284,34,17879,2023-02-12
States,Kentucky,2023,7,NA,2.23861,NA,NA,NA,NA,NA,NA,786,78,35111,2023-02-12
States,Louisiana,2023,7,NA,1.64221,NA,NA,NA,NA,NA,NA,685,87,41712,2023-02-12
States,Maine,2023,7,NA,1.01725,NA,NA,NA,NA,NA,NA,148,51,14549,2023-02-12
States,Maryland,2023,7,NA,2.34045,NA,NA,NA,NA,NA,NA,1025,61,43795,2023-02-12
States,Massachusetts,2023,7,NA,1.86398,NA,NA,NA,NA,NA,NA,1472,93,78971,2023-02-12
States,Michigan,2023,7,NA,1.12125,NA,NA,NA,NA,NA,NA,913,151,81427,2023-02-12
States,Minnesota,2023,7,NA,1.44179,NA,NA,NA,NA,NA,NA,483,69,33500,2023-02-12
States,Mississippi,2023,7,NA,3.17177,NA,NA,NA,NA,NA,NA,373,30,11760,2023-02-12
States,Missouri,2023,7,NA,1.90088,NA,NA,NA,NA,NA,NA,517,41,27198,2023-02-12
States,Montana,2023,7,NA,1.36382,NA,NA,NA,NA,NA,NA,102,28,7479,2023-02-12
States,Nebraska,2023,7,NA,2.60374,NA,NA,NA,NA,NA,NA,379,84,14556,2023-02-12
States,Nevada,2023,7,NA,0.969032,NA,NA,NA,NA,NA,NA,189,32,19504,2023-02-12
States,New Hampshire,2023,7,NA,1.46374,NA,NA,NA,NA,NA,NA,22,10,1503,2023-02-12
States,New Jersey,2023,7,NA,3.98841,NA,NA,NA,NA,NA,NA,1129,31,28307,2023-02-12
States,New Mexico,2023,7,NA,4.04369,NA,NA,NA,NA,NA,NA,833,37,20600,2023-02-12
States,New York,2023,7,NA,2.43275,NA,NA,NA,NA,NA,NA,1371,120,56356,2023-02-12
States,North Carolina,2023,7,NA,2.11173,NA,NA,NA,NA,NA,NA,1929,143,91347,2023-02-12
States,North Dakota,2023,7,NA,4.82604,NA,NA,NA,NA,NA,NA,129,13,2673,2023-02-12
States,Ohio,2023,7,NA,2.3129,NA,NA,NA,NA,NA,NA,916,78,39604,2023-02-12
States,Oklahoma,2023,7,NA,2.14294,NA,NA,NA,NA,NA,NA,376,33,17546,2023-02-12
States,Oregon,2023,7,NA,1.32447,NA,NA,NA,NA,NA,NA,534,88,40318,2023-02-12
States,Pennsylvania,2023,7,NA,1.47775,NA,NA,NA,NA,NA,NA,1002,103,67806,2023-02-12
States,Rhode Island,2023,7,NA,1.29032,NA,NA,NA,NA,NA,NA,154,21,11935,2023-02-12
States,South Carolina,2023,7,NA,2.79093,NA,NA,NA,NA,NA,NA,843,39,30205,2023-02-12
States,South Dakota,2023,7,NA,1.17337,NA,NA,NA,NA,NA,NA,98,31,8352,2023-02-12
States,Tennessee,2023,7,NA,2.50146,NA,NA,NA,NA,NA,NA,854,98,34140,2023-02-12
States,Texas,2023,7,NA,3.2415,NA,NA,NA,NA,NA,NA,1666,43,51396,2023-02-12
States,Utah,2023,7,NA,2.57353,NA,NA,NA,NA,NA,NA,476,47,18496,2023-02-12
States,Vermont,2023,7,NA,0.699056,NA,NA,NA,NA,NA,NA,40,13,5722,2023-02-12
States,Virginia,2023,7,NA,2.97519,NA,NA,NA,NA,NA,NA,3229,173,108531,2023-02-12
States,Washington,2023,7,NA,1.44339,NA,NA,NA,NA,NA,NA,657,72,45518,2023-02-12
States,West Virginia,2023,7,NA,2.38172,NA,NA,NA,NA,NA,NA,295,44,12386,2023-02-12
States,Wisconsin,2023,7,NA,1.12628,NA,NA,NA,NA,NA,NA,236,34,20954,2023-02-12
States,Wyoming,2023,7,NA,2.35756,NA,NA,NA,NA,NA,NA,60,14,2545,2023-02-12
States,Commonwealth of the Northern Mariana Islands,2023,7,NA,NA,NA,NA,NA,NA,NA,NA,NA,NA,NA,2023-02-12
States,Puerto Rico,2023,7,NA,2.64984,NA,NA,NA,NA,NA,NA,42,6,1585,2023-02-12
States,Virgin Islands,2023,7,NA,2.25891,NA,NA,NA,NA,NA,NA,26,4,1151,2023-02-12
States,New York City,2023,7,NA,4.55318,NA,NA,NA,NA,NA,NA,5039,106,110670,2023-02-12
States,Alabama,2023,8,NA,2.32132,NA,NA,NA,NA,NA,NA,1128,105,48593,2023-02-19
States,Alaska,2023,8,NA,1.51002,NA,NA,NA,NA,NA,NA,49,12,3245,2023-02-19
States,Arizona,2023,8,NA,1.83234,NA,NA,NA,NA,NA,NA,393,43,21448,2023-02-19
States,Arkansas,2023,8,NA,2.11028,NA,NA,NA,NA,NA,NA,341,48,16159,2023-02-19
States,California,2023,8,NA,3.88868,NA,NA,NA,NA,NA,NA,10049,222,258417,2023-02-19
States,Colorado,2023,8,NA,3.08658,NA,NA,NA,NA,NA,NA,1514,98,49051,2023-02-19
States,Connecticut,2023,8,NA,1.98594,NA,NA,NA,NA,NA,NA,856,70,43103,2023-02-19
States,Delaware,2023,8,NA,1.22348,NA,NA,NA,NA,NA,NA,173,26,14140,2023-02-19
States,District of Columbia,2023,8,NA,4.24967,NA,NA,NA,NA,NA,NA,224,4,5271,2023-02-19
States,Florida,2023,8,NA,3.2884,NA,NA,NA,NA,NA,NA,8831,359,268550,2023-02-19
States,Georgia,2023,8,NA,2.67997,NA,NA,NA,NA,NA,NA,2103,103,78471,2023-02-19
States,Hawaii,2023,8,NA,2.81872,NA,NA,NA,NA,NA,NA,809,38,28701,2023-02-19
States,Idaho,2023,8,NA,1.31024,NA,NA,NA,NA,NA,NA,118,30,9006,2023-02-19
States,Illinois,2023,8,NA,2.37307,NA,NA,NA,NA,NA,NA,1735,179,73112,2023-02-19
States,Indiana,2023,8,NA,1.75574,NA,NA,NA,NA,NA,NA,981,104,55874,2023-02-19
States,Iowa,2023,8,NA,1.07666,NA,NA,NA,NA,NA,NA,50,15,4644,2023-02-19
States,Kansas,2023,8,NA,1.49098,NA,NA,NA,NA,NA,NA,271,33,18176,2023-02-19
States,Kentucky,2023,8,NA,1.91475,NA,NA,NA,NA,NA,NA,681,76,35566,2023-02-19
States,Louisiana,2023,8,NA,1.49511,NA,NA,NA,NA,NA,NA,641,87,42873,2023-02-19
States,Maine,2023,8,NA,1.28834,NA,NA,NA,NA,NA,NA,176,51,13661,2023-02-19
States,Maryland,2023,8,NA,2.25092,NA,NA,NA,NA,NA,NA,1025,65,45537,2023-02-19
States,Massachusetts,2023,8,NA,1.64238,NA,NA,NA,NA,NA,NA,1162,95,70751,2023-02-19
States,Michigan,2023,8,NA,1.21066,NA,NA,NA,NA,NA,NA,971,154,80204,2023-02-19
States,Minnesota,2023,8,NA,1.28061,NA,NA,NA,NA,NA,NA,398,70,31079,2023-02-19
States,Mississippi,2023,8,NA,2.56283,NA,NA,NA,NA,NA,NA,309,28,12057,2023-02-19
States,Missouri,2023,8,NA,1.63028,NA,NA,NA,NA,NA,NA,454,41,27848,2023-02-19
States,Montana,2023,8,NA,1.53154,NA,NA,NA,NA,NA,NA,109,28,7117,2023-02-19
States,Nebraska,2023,8,NA,2.47631,NA,NA,NA,NA,NA,NA,379,85,15305,2023-02-19
States,Nevada,2023,8,NA,1.07638,NA,NA,NA,NA,NA,NA,209,31,19417,2023-02-19
States,New Hampshire,2023,8,NA,1.60502,NA,NA,NA,NA,NA,NA,23,10,1433,2023-02-19
States,New Jersey,2023,8,NA,3.71088,NA,NA,NA,NA,NA,NA,1053,32,28376,2023-02-19
States,New Mexico,2023,8,NA,4.0857,NA,NA,NA,NA,NA,NA,902,37,22077,2023-02-19
States,New York,2023,8,NA,2.30016,NA,NA,NA,NA,NA,NA,1275,120,55431,2023-02-19
States,North Carolina,2023,8,NA,2.08946,NA,NA,NA,NA,NA,NA,1918,144,91794,2023-02-19
States,North Dakota,2023,8,NA,1.51775,NA,NA,NA,NA,NA,NA,53,12,3492,2023-02-19
States,Ohio,2023,8,NA,2.68756,NA,NA,NA,NA,NA,NA,1089,81,40520,2023-02-19
States,Oklahoma,2023,8,NA,1.82075,NA,NA,NA,NA,NA,NA,322,35,17685,2023-02-19
States,Oregon,2023,8,NA,1.5397,NA,NA,NA,NA,NA,NA,574,89,37280,2023-02-19
States,Pennsylvania,2023,8,NA,1.45748,NA,NA,NA,NA,NA,NA,971,103,66622,2023-02-19
States,Rhode Island,2023,8,NA,0.934656,NA,NA,NA,NA,NA,NA,114,23,12197,2023-02-19
States,South Carolina,2023,8,NA,2.57577,NA,NA,NA,NA,NA,NA,787,39,30554,2023-02-19
States,South Dakota,2023,8,NA,1.05889,NA,NA,NA,NA,NA,NA,73,31,6894,2023-02-19
States,Tennessee,2023,8,NA,2.36558,NA,NA,NA,NA,NA,NA,828,100,35002,2023-02-19
States,Texas,2023,8,NA,2.98713,NA,NA,NA,NA,NA,NA,1711,45,57279,2023-02-19
States,Utah,2023,8,NA,3.38277,NA,NA,NA,NA,NA,NA,552,47,16318,2023-02-19
States,Vermont,2023,8,NA,0.814089,NA,NA,NA,NA,NA,NA,49,15,6019,2023-02-19
States,Virginia,2023,8,NA,2.92013,NA,NA,NA,NA,NA,NA,3236,173,110817,2023-02-19
States,Washington,2023,8,NA,1.62809,NA,NA,NA,NA,NA,NA,569,72,34949,2023-02-19
States,West Virginia,2023,8,NA,2.25962,NA,NA,NA,NA,NA,NA,286,43,12657,2023-02-19
States,Wisconsin,2023,8,NA,1.21993,NA,NA,NA,NA,NA,NA,250,34,20493,2023-02-19
States,Wyoming,2023,8,NA,1.95578,NA,NA,NA,NA,NA,NA,46,15,2352,2023-02-19
States,Commonwealth of the Northern Mariana Islands,2023,8,NA,NA,NA,NA,NA,NA,NA,NA,NA,NA,NA,2023-02-19
States,Puerto Rico,2023,8,NA,3.36517,NA,NA,NA,NA,NA,NA,74,6,2199,2023-02-19
States,Virgin Islands,2023,8,NA,1.03896,NA,NA,NA,NA,NA,NA,12,4,1155,2023-02-19
States,New York City,2023,8,NA,4.2848,NA,NA,NA,NA,NA,NA,4292,103,100168,2023-02-19
States,Alabama,2023,9,NA,1.96316,NA,NA,NA,NA,NA,NA,841,105,42839,2023-02-26
States,Alaska,2023,9,NA,1.34986,NA,NA,NA,NA,NA,NA,49,12,3630,2023-02-26
States,Arizona,2023,9,NA,1.62191,NA,NA,NA,NA,NA,NA,363,44,22381,2023-02-26
States,Arkansas,2023,9,NA,2.01515,NA,NA,NA,NA,NA,NA,306,46,15185,2023-02-26
States,California,2023,9,NA,3.53505,NA,NA,NA,NA,NA,NA,10152,211,287181,2023-02-26
States,Colorado,2023,9,NA,3.11555,NA,NA,NA,NA,NA,NA,1586,98,50906,2023-02-26
States,Connecticut,2023,9,NA,1.81277,NA,NA,NA,NA,NA,NA,755,70,41649,2023-02-26
States,Delaware,2023,9,NA,0.871043,NA,NA,NA,NA,NA,NA,123,28,14121,2023-02-26
States,District of Columbia,2023,9,NA,3.55137,NA,NA,NA,NA,NA,NA,215,4,6054,2023-02-26
States,Florida,2023,9,NA,3.15107,NA,NA,NA,NA,NA,NA,8502,360,269813,2023-02-26
States,Georgia,2023,9,NA,2.3372,NA,NA,NA,NA,NA,NA,1810,102,77443,2023-02-26
States,Hawaii,2023,9,NA,2.41294,NA,NA,NA,NA,NA,NA,853,37,35351,2023-02-26
States,Idaho,2023,9,NA,1.05713,NA,NA,NA,NA,NA,NA,94,30,8892,2023-02-26
States,Illinois,2023,9,NA,2.32652,NA,NA,NA,NA,NA,NA,1731,179,74403,2023-02-26
States,Indiana,2023,9,NA,1.74929,NA,NA,NA,NA,NA,NA,964,103,55108,2023-02-26
States,Iowa,2023,9,NA,1.46789,NA,NA,NA,NA,NA,NA,72,16,4905,2023-02-26
States,Kansas,2023,9,NA,0.991688,NA,NA,NA,NA,NA,NA,173,33,17445,2023-02-26
States,Kentucky,2023,9,NA,1.9523,NA,NA,NA,NA,NA,NA,677,76,34677,2023-02-26
States,Louisiana,2023,9,NA,1.21087,NA,NA,NA,NA,NA,NA,518,87,42779,2023-02-26
States,Maine,2023,9,NA,1.22031,NA,NA,NA,NA,NA,NA,167,51,13685,2023-02-26
States,Maryland,2023,9,NA,2.05917,NA,NA,NA,NA,NA,NA,941,66,45698,2023-02-26
States,Massachusetts,2023,9,NA,1.44468,NA,NA,NA,NA,NA,NA,1084,94,75034,2023-02-26
States,Michigan,2023,9,NA,1.1673,NA,NA,NA,NA,NA,NA,970,156,83098,2023-02-26
States,Minnesota,2023,9,NA,1.34144,NA,NA,NA,NA,NA,NA,472,69,35186,2023-02-26
States,Mississippi,2023,9,NA,2.88288,NA,NA,NA,NA,NA,NA,368,31,12765,2023-02-26
States,Missouri,2023,9,NA,1.85961,NA,NA,NA,NA,NA,NA,528,41,28393,2023-02-26
States,Montana,2023,9,NA,1.0065,NA,NA,NA,NA,NA,NA,79,28,7849,2023-02-26
States,Nebraska,2023,9,NA,2.67032,NA,NA,NA,NA,NA,NA,439,85,16440,2023-02-26
States,Nevada,2023,9,NA,0.969766,NA,NA,NA,NA,NA,NA,187,31,19283,2023-02-26
States,New Hampshire,2023,9,NA,0.915332,NA,NA,NA,NA,NA,NA,12,10,1311,2023-02-26
States,New Jersey,2023,9,NA,3.86752,NA,NA,NA,NA,NA,NA,1114,32,28804,2023-02-26
States,New Mexico,2023,9,NA,4.18948,NA,NA,NA,NA,NA,NA,926,38,22103,2023-02-26
States,New York,2023,9,NA,2.15804,NA,NA,NA,NA,NA,NA,1182,121,54772,2023-02-26
States,North Carolina,2023,9,NA,1.78328,NA,NA,NA,NA,NA,NA,1595,142,89442,2023-02-26
States,North Dakota,2023,9,NA,1.7321,NA,NA,NA,NA,NA,NA,60,9,3464,2023-02-26
States,Ohio,2023,9,NA,2.54992,NA,NA,NA,NA,NA,NA,1019,79,39962,2023-02-26
States,Oklahoma,2023,9,NA,2.34915,NA,NA,NA,NA,NA,NA,408,35,17368,2023-02-26
States,Oregon,2023,9,NA,1.35388,NA,NA,NA,NA,NA,NA,536,88,39590,2023-02-26
States,Pennsylvania,2023,9,NA,1.39012,NA,NA,NA,NA,NA,NA,909,103,65390,2023-02-26
States,Rhode Island,2023,9,NA,0.94703,NA,NA,NA,NA,NA,NA,118,24,12460,2023-02-26
States,South Carolina,2023,9,NA,2.26545,NA,NA,NA,NA,NA,NA,800,38,35313,2023-02-26
States,South Dakota,2023,9,NA,1.01101,NA,NA,NA,NA,NA,NA,90,32,8902,2023-02-26
States,Tennessee,2023,9,NA,2.34485,NA,NA,NA,NA,NA,NA,818,101,34885,2023-02-26
States,Texas,2023,9,NA,3.01918,NA,NA,NA,NA,NA,NA,1843,59,61043,2023-02-26
States,Utah,2023,9,NA,2.44488,NA,NA,NA,NA,NA,NA,458,48,18733,2023-02-26
States,Vermont,2023,9,NA,0.780966,NA,NA,NA,NA,NA,NA,43,13,5506,2023-02-26
States,Virginia,2023,9,NA,2.96948,NA,NA,NA,NA,NA,NA,3231,173,108807,2023-02-26
States,Washington,2023,9,NA,1.4114,NA,NA,NA,NA,NA,NA,647,72,45841,2023-02-26
States,West Virginia,2023,9,NA,2.15138,NA,NA,NA,NA,NA,NA,274,44,12736,2023-02-26
States,Wisconsin,2023,9,NA,1.20482,NA,NA,NA,NA,NA,NA,261,34,21663,2023-02-26
States,Wyoming,2023,9,NA,1.88201,NA,NA,NA,NA,NA,NA,52,15,2763,2023-02-26
States,Commonwealth of the Northern Mariana Islands,2023,9,NA,NA,NA,NA,NA,NA,NA,NA,NA,NA,NA,2023-02-26
States,Puerto Rico,2023,9,NA,3.61991,NA,NA,NA,NA,NA,NA,72,6,1989,2023-02-26
States,Virgin Islands,2023,9,NA,1.32122,NA,NA,NA,NA,NA,NA,16,4,1211,2023-02-26
States,New York City,2023,9,NA,4.10826,NA,NA,NA,NA,NA,NA,4153,106,101089,2023-02-26
States,Alabama,2023,10,NA,1.88344,NA,NA,NA,NA,NA,NA,891,105,47307,2023-03-05
States,Alaska,2023,10,NA,1.15425,NA,NA,NA,NA,NA,NA,44,12,3812,2023-03-05
States,Arizona,2023,10,NA,1.52924,NA,NA,NA,NA,NA,NA,352,43,23018,2023-03-05
States,Arkansas,2023,10,NA,1.70588,NA,NA,NA,NA,NA,NA,261,45,15300,2023-03-05
States,California,2023,10,NA,3.42857,NA,NA,NA,NA,NA,NA,9846,210,287175,2023-03-05
States,Colorado,2023,10,NA,3.07529,NA,NA,NA,NA,NA,NA,1595,98,51865,2023-03-05
States,Connecticut,2023,10,NA,1.77337,NA,NA,NA,NA,NA,NA,749,69,42236,2023-03-05
States,Delaware,2023,10,NA,0.886824,NA,NA,NA,NA,NA,NA,126,28,14208,2023-03-05
States,District of Columbia,2023,10,NA,3.92986,NA,NA,NA,NA,NA,NA,251,4,6387,2023-03-05
States,Florida,2023,10,NA,3.0899200000000002,NA,NA,NA,NA,NA,NA,8331,360,269619,2023-03-05
States,Georgia,2023,10,NA,2.32315,NA,NA,NA,NA,NA,NA,1733,102,74597,2023-03-05
States,Hawaii,2023,10,NA,2.5825,NA,NA,NA,NA,NA,NA,853,40,33030,2023-03-05
States,Idaho,2023,10,NA,1.26717,NA,NA,NA,NA,NA,NA,107,30,8444,2023-03-05
States,Illinois,2023,10,NA,2.33285,NA,NA,NA,NA,NA,NA,1695,179,72658,2023-03-05
States,Indiana,2023,10,NA,1.68019,NA,NA,NA,NA,NA,NA,928,103,55232,2023-03-05
States,Iowa,2023,10,NA,1.46394,NA,NA,NA,NA,NA,NA,68,15,4645,2023-03-05
States,Kansas,2023,10,NA,1.47587,NA,NA,NA,NA,NA,NA,263,34,17820,2023-03-05
States,Kentucky,2023,10,NA,1.99394,NA,NA,NA,NA,NA,NA,678,75,34003,2023-03-05
States,Louisiana,2023,10,NA,1.25003,NA,NA,NA,NA,NA,NA,533,87,42639,2023-03-05
States,Maine,2023,10,NA,1.01442,NA,NA,NA,NA,NA,NA,152,51,14984,2023-03-05
States,Maryland,2023,10,NA,2.26639,NA,NA,NA,NA,NA,NA,1041,66,45932,2023-03-05
States,Massachusetts,2023,10,NA,1.58898,NA,NA,NA,NA,NA,NA,1217,95,76590,2023-03-05
States,Michigan,2023,10,NA,1.19741,NA,NA,NA,NA,NA,NA,1005,153,83931,2023-03-05
States,Minnesota,2023,10,NA,1.24066,NA,NA,NA,NA,NA,NA,420,71,33853,2023-03-05
States,Mississippi,2023,10,NA,2.44941,NA,NA,NA,NA,NA,NA,305,30,12452,2023-03-05
States,Missouri,2023,10,NA,1.80225,NA,NA,NA,NA,NA,NA,510,41,28298,2023-03-05
States,Montana,2023,10,NA,1.47059,NA,NA,NA,NA,NA,NA,112,28,7616,2023-03-05
States,Nebraska,2023,10,NA,2.93618,NA,NA,NA,NA,NA,NA,467,84,15905,2023-03-05
States,Nevada,2023,10,NA,0.903753,NA,NA,NA,NA,NA,NA,177,32,19585,2023-03-05
States,New Hampshire,2023,10,NA,1.30226,NA,NA,NA,NA,NA,NA,19,10,1459,2023-03-05
States,New Jersey,2023,10,NA,3.86934,NA,NA,NA,NA,NA,NA,1046,31,27033,2023-03-05
States,New Mexico,2023,10,NA,3.98529,NA,NA,NA,NA,NA,NA,910,40,22834,2023-03-05
States,New York,2023,10,NA,2.20548,NA,NA,NA,NA,NA,NA,1244,120,56405,2023-03-05
States,North Carolina,2023,10,NA,1.67114,NA,NA,NA,NA,NA,NA,1431,139,85630,2023-03-05
States,North Dakota,2023,10,NA,2.26378,NA,NA,NA,NA,NA,NA,69,9,3048,2023-03-05
States,Ohio,2023,10,NA,2.37924,NA,NA,NA,NA,NA,NA,961,79,40391,2023-03-05
States,Oklahoma,2023,10,NA,2.13492,NA,NA,NA,NA,NA,NA,369,35,17284,2023-03-05
States,Oregon,2023,10,NA,1.32956,NA,NA,NA,NA,NA,NA,535,88,40239,2023-03-05
States,Pennsylvania,2023,10,NA,1.45102,NA,NA,NA,NA,NA,NA,941,102,64851,2023-03-05
States,Rhode Island,2023,10,NA,1.0425,NA,NA,NA,NA,NA,NA,130,23,12470,2023-03-05
States,South Carolina,2023,10,NA,2.17821,NA,NA,NA,NA,NA,NA,738,38,33881,2023-03-05
States,South Dakota,2023,10,NA,0.729498,NA,NA,NA,NA,NA,NA,62,32,8499,2023-03-05
States,Tennessee,2023,10,NA,2.08646,NA,NA,NA,NA,NA,NA,722,102,34604,2023-03-05
States,Texas,2023,10,NA,2.98894,NA,NA,NA,NA,NA,NA,1778,60,59486,2023-03-05
States,Utah,2023,10,NA,2.48669,NA,NA,NA,NA,NA,NA,467,48,18780,2023-03-05
States,Vermont,2023,10,NA,0.562984,NA,NA,NA,NA,NA,NA,32,13,5684,2023-03-05
States,Virginia,2023,10,NA,2.83832,NA,NA,NA,NA,NA,NA,3051,173,107493,2023-03-05
States,Washington,2023,10,NA,1.45142,NA,NA,NA,NA,NA,NA,676,72,46575,2023-03-05
States,West Virginia,2023,10,NA,2.03124,NA,NA,NA,NA,NA,NA,264,46,12997,2023-03-05
States,Wisconsin,2023,10,NA,1.18318,NA,NA,NA,NA,NA,NA,247,34,20876,2023-03-05
States,Wyoming,2023,10,NA,2.0768,NA,NA,NA,NA,NA,NA,53,15,2552,2023-03-05
States,Commonwealth of the Northern Mariana Islands,2023,10,NA,NA,NA,NA,NA,NA,NA,NA,NA,NA,NA,2023-03-05
States,Puerto Rico,2023,10,NA,2.32454,NA,NA,NA,NA,NA,NA,52,7,2237,2023-03-05
States,Virgin Islands,2023,10,NA,1.21845,NA,NA,NA,NA,NA,NA,14,4,1149,2023-03-05
States,New York City,2023,10,NA,3.99772,NA,NA,NA,NA,NA,NA,4131,106,103334,2023-03-05
States,Alabama,2023,11,NA,1.89721,NA,NA,NA,NA,NA,NA,873,105,46015,2023-03-12
States,Alaska,2023,11,NA,0.941236,NA,NA,NA,NA,NA,NA,37,12,3931,2023-03-12
States,Arizona,2023,11,NA,1.67938,NA,NA,NA,NA,NA,NA,370,43,22032,2023-03-12
States,Arkansas,2023,11,NA,1.74594,NA,NA,NA,NA,NA,NA,254,45,14548,2023-03-12
States,California,2023,11,NA,3.29907,NA,NA,NA,NA,NA,NA,9390,205,284626,2023-03-12
States,Colorado,2023,11,NA,3.17343,NA,NA,NA,NA,NA,NA,1583,98,49883,2023-03-12
States,Connecticut,2023,11,NA,1.85977,NA,NA,NA,NA,NA,NA,757,70,40704,2023-03-12
States,Delaware,2023,11,NA,1.05891,NA,NA,NA,NA,NA,NA,151,27,14260,2023-03-12
States,District of Columbia,2023,11,NA,5.25316,NA,NA,NA,NA,NA,NA,332,4,6320,2023-03-12
States,Florida,2023,11,NA,3.05709,NA,NA,NA,NA,NA,NA,7811,360,255504,2023-03-12
States,Georgia,2023,11,NA,2.51165,NA,NA,NA,NA,NA,NA,1833,100,72980,2023-03-12
States,Hawaii,2023,11,NA,2.41322,NA,NA,NA,NA,NA,NA,746,40,30913,2023-03-12
States,Idaho,2023,11,NA,1.20633,NA,NA,NA,NA,NA,NA,106,29,8787,2023-03-12
States,Illinois,2023,11,NA,2.35498,NA,NA,NA,NA,NA,NA,1714,180,72782,2023-03-12
States,Indiana,2023,11,NA,1.92147,NA,NA,NA,NA,NA,NA,1057,103,55010,2023-03-12
States,Iowa,2023,11,NA,1.51163,NA,NA,NA,NA,NA,NA,52,16,3440,2023-03-12
States,Kansas,2023,11,NA,1.64095,NA,NA,NA,NA,NA,NA,252,34,15357,2023-03-12
States,Kentucky,2023,11,NA,2.00759,NA,NA,NA,NA,NA,NA,714,76,35565,2023-03-12
States,Louisiana,2023,11,NA,1.47728,NA,NA,NA,NA,NA,NA,610,87,41292,2023-03-12
States,Maine,2023,11,NA,1.22202,NA,NA,NA,NA,NA,NA,125,51,10229,2023-03-12
States,Maryland,2023,11,NA,2.21761,NA,NA,NA,NA,NA,NA,1015,67,45770,2023-03-12
States,Massachusetts,2023,11,NA,1.50897,NA,NA,NA,NA,NA,NA,1125,95,74554,2023-03-12
States,Michigan,2023,11,NA,1.26124,NA,NA,NA,NA,NA,NA,1077,152,85392,2023-03-12
States,Minnesota,2023,11,NA,1.40139,NA,NA,NA,NA,NA,NA,467,68,33324,2023-03-12
States,Mississippi,2023,11,NA,2.52094,NA,NA,NA,NA,NA,NA,304,32,12059,2023-03-12
States,Missouri,2023,11,NA,1.6537,NA,NA,NA,NA,NA,NA,457,41,27635,2023-03-12
States,Montana,2023,11,NA,1.29837,NA,NA,NA,NA,NA,NA,102,28,7856,2023-03-12
States,Nebraska,2023,11,NA,3.06585,NA,NA,NA,NA,NA,NA,413,84,13471,2023-03-12
States,Nevada,2023,11,NA,1.04965,NA,NA,NA,NA,NA,NA,189,30,18006,2023-03-12
States,New Hampshire,2023,11,NA,0.707339,NA,NA,NA,NA,NA,NA,8,10,1131,2023-03-12
States,New Jersey,2023,11,NA,3.91174,NA,NA,NA,NA,NA,NA,1108,32,28325,2023-03-12
States,New Mexico,2023,11,NA,3.84528,NA,NA,NA,NA,NA,NA,851,40,22131,2023-03-12
States,New York,2023,11,NA,2.33188,NA,NA,NA,NA,NA,NA,1291,122,55363,2023-03-12
States,North Carolina,2023,11,NA,1.91856,NA,NA,NA,NA,NA,NA,1642,140,85585,2023-03-12
States,North Dakota,2023,11,NA,1.42384,NA,NA,NA,NA,NA,NA,43,9,3020,2023-03-12
States,Ohio,2023,11,NA,2.61565,NA,NA,NA,NA,NA,NA,1050,80,40143,2023-03-12
States,Oklahoma,2023,11,NA,2.07518,NA,NA,NA,NA,NA,NA,350,35,16866,2023-03-12
States,Oregon,2023,11,NA,1.44323,NA,NA,NA,NA,NA,NA,592,88,41019,2023-03-12
States,Pennsylvania,2023,11,NA,1.39908,NA,NA,NA,NA,NA,NA,917,101,65543,2023-03-12
States,Rhode Island,2023,11,NA,1.0189,NA,NA,NA,NA,NA,NA,124,24,12170,2023-03-12
States,South Carolina,2023,11,NA,2.17441,NA,NA,NA,NA,NA,NA,760,38,34952,2023-03-12
States,South Dakota,2023,11,NA,0.830861,NA,NA,NA,NA,NA,NA,70,32,8425,2023-03-12
States,Tennessee,2023,11,NA,1.92522,NA,NA,NA,NA,NA,NA,657,101,34126,2023-03-12
States,Texas,2023,11,NA,2.45286,NA,NA,NA,NA,NA,NA,1336,59,54467,2023-03-12
States,Utah,2023,11,NA,2.46907,NA,NA,NA,NA,NA,NA,465,47,18833,2023-03-12
States,Vermont,2023,11,NA,0.587479,NA,NA,NA,NA,NA,NA,32,14,5447,2023-03-12
States,Virginia,2023,11,NA,2.94034,NA,NA,NA,NA,NA,NA,3207,173,109069,2023-03-12
States,Washington,2023,11,NA,1.53747,NA,NA,NA,NA,NA,NA,718,72,46700,2023-03-12
States,West Virginia,2023,11,NA,2.51114,NA,NA,NA,NA,NA,NA,293,45,11668,2023-03-12
States,Wisconsin,2023,11,NA,1.21992,NA,NA,NA,NA,NA,NA,256,34,20985,2023-03-12
States,Wyoming,2023,11,NA,1.83926,NA,NA,NA,NA,NA,NA,46,14,2501,2023-03-12
States,Commonwealth of the Northern Mariana Islands,2023,11,NA,NA,NA,NA,NA,NA,NA,NA,NA,NA,NA,2023-03-12
States,Puerto Rico,2023,11,NA,2.77237,NA,NA,NA,NA,NA,NA,57,7,2056,2023-03-12
States,Virgin Islands,2023,11,NA,1.89983,NA,NA,NA,NA,NA,NA,22,4,1158,2023-03-12
States,New York City,2023,11,NA,4.30099,NA,NA,NA,NA,NA,NA,4424,104,102860,2023-03-12
States,Alabama,2023,12,NA,1.88851,NA,NA,NA,NA,NA,NA,894,104,47339,2023-03-19
States,Alaska,2023,12,NA,1.83793,NA,NA,NA,NA,NA,NA,66,12,3591,2023-03-19
States,Arizona,2023,12,NA,1.08945,NA,NA,NA,NA,NA,NA,332,43,30474,2023-03-19
States,Arkansas,2023,12,NA,1.4796,NA,NA,NA,NA,NA,NA,215,47,14531,2023-03-19
States,California,2023,12,NA,3.28989,NA,NA,NA,NA,NA,NA,9337,208,283809,2023-03-19
States,Colorado,2023,12,NA,3.14582,NA,NA,NA,NA,NA,NA,1549,98,49240,2023-03-19
States,Connecticut,2023,12,NA,1.83548,NA,NA,NA,NA,NA,NA,797,70,43422,2023-03-19
States,Delaware,2023,12,NA,1.07425,NA,NA,NA,NA,NA,NA,147,24,13684,2023-03-19
States,District of Columbia,2023,12,NA,5.08922,NA,NA,NA,NA,NA,NA,328,4,6445,2023-03-19
States,Florida,2023,12,NA,2.92014,NA,NA,NA,NA,NA,NA,7575,359,259405,2023-03-19
States,Georgia,2023,12,NA,2.64771,NA,NA,NA,NA,NA,NA,2116,99,79918,2023-03-19
States,Hawaii,2023,12,NA,2.63664,NA,NA,NA,NA,NA,NA,891,40,33793,2023-03-19
States,Idaho,2023,12,NA,1.19963,NA,NA,NA,NA,NA,NA,103,30,8586,2023-03-19
States,Illinois,2023,12,NA,2.28351,NA,NA,NA,NA,NA,NA,1689,179,73965,2023-03-19
States,Indiana,2023,12,NA,1.70253,NA,NA,NA,NA,NA,NA,947,102,55623,2023-03-19
States,Iowa,2023,12,NA,1.08186,NA,NA,NA,NA,NA,NA,60,16,5546,2023-03-19
States,Kansas,2023,12,NA,1.10092,NA,NA,NA,NA,NA,NA,198,35,17985,2023-03-19
States,Kentucky,2023,12,NA,2.23517,NA,NA,NA,NA,NA,NA,802,76,35881,2023-03-19
States,Louisiana,2023,12,NA,1.54275,NA,NA,NA,NA,NA,NA,664,87,43040,2023-03-19
States,Maine,2023,12,NA,1.13366,NA,NA,NA,NA,NA,NA,143,39,12614,2023-03-19
States,Maryland,2023,12,NA,2.31868,NA,NA,NA,NA,NA,NA,1047,67,45155,2023-03-19
States,Massachusetts,2023,12,NA,1.64735,NA,NA,NA,NA,NA,NA,1305,95,79218,2023-03-19
States,Michigan,2023,12,NA,1.3398,NA,NA,NA,NA,NA,NA,1150,152,85834,2023-03-19
States,Minnesota,2023,12,NA,1.32907,NA,NA,NA,NA,NA,NA,474,68,35664,2023-03-19
States,Mississippi,2023,12,NA,2.20874,NA,NA,NA,NA,NA,NA,273,30,12360,2023-03-19
States,Missouri,2023,12,NA,1.68354,NA,NA,NA,NA,NA,NA,469,41,27858,2023-03-19
States,Montana,2023,12,NA,1.5022,NA,NA,NA,NA,NA,NA,116,28,7722,2023-03-19
States,Nebraska,2023,12,NA,2.916,NA,NA,NA,NA,NA,NA,402,84,13786,2023-03-19
States,Nevada,2023,12,NA,0.93986,NA,NA,NA,NA,NA,NA,178,32,18939,2023-03-19
States,New Hampshire,2023,12,NA,0.582147,NA,NA,NA,NA,NA,NA,9,10,1546,2023-03-19
States,New Jersey,2023,12,NA,3.86084,NA,NA,NA,NA,NA,NA,1102,31,28543,2023-03-19
States,New Mexico,2023,12,NA,3.36738,NA,NA,NA,NA,NA,NA,689,38,20461,2023-03-19
States,New York,2023,12,NA,2.18914,NA,NA,NA,NA,NA,NA,1281,121,58516,2023-03-19
States,North Carolina,2023,12,NA,1.88297,NA,NA,NA,NA,NA,NA,1748,142,92832,2023-03-19
States,North Dakota,2023,12,NA,1.48755,NA,NA,NA,NA,NA,NA,49,9,3294,2023-03-19
States,Ohio,2023,12,NA,2.39672,NA,NA,NA,NA,NA,NA,995,82,41515,2023-03-19
States,Oklahoma,2023,12,NA,2.37726,NA,NA,NA,NA,NA,NA,399,34,16784,2023-03-19
States,Oregon,2023,12,NA,1.56504,NA,NA,NA,NA,NA,NA,625,77,39935,2023-03-19
States,Pennsylvania,2023,12,NA,1.36333,NA,NA,NA,NA,NA,NA,923,100,67702,2023-03-19
States,Rhode Island,2023,12,NA,1.08439,NA,NA,NA,NA,NA,NA,138,24,12726,2023-03-19
States,South Carolina,2023,12,NA,2.30098,NA,NA,NA,NA,NA,NA,820,38,35637,2023-03-19
States,South Dakota,2023,12,NA,0.826536,NA,NA,NA,NA,NA,NA,76,32,9195,2023-03-19
States,Tennessee,2023,12,NA,2.02835,NA,NA,NA,NA,NA,NA,714,99,35201,2023-03-19
States,Texas,2023,12,NA,2.28697,NA,NA,NA,NA,NA,NA,1255,42,54876,2023-03-19
States,Utah,2023,12,NA,2.54999,NA,NA,NA,NA,NA,NA,482,48,18902,2023-03-19
States,Vermont,2023,12,NA,0.739437,NA,NA,NA,NA,NA,NA,42,14,5680,2023-03-19
States,Virginia,2023,12,NA,2.90199,NA,NA,NA,NA,NA,NA,3250,173,111992,2023-03-19
States,Washington,2023,12,NA,1.53583,NA,NA,NA,NA,NA,NA,735,72,47857,2023-03-19
States,West Virginia,2023,12,NA,2.4,NA,NA,NA,NA,NA,NA,309,46,12875,2023-03-19
States,Wisconsin,2023,12,NA,1.37005,NA,NA,NA,NA,NA,NA,297,34,21678,2023-03-19
States,Wyoming,2023,12,NA,1.03761,NA,NA,NA,NA,NA,NA,24,12,2313,2023-03-19
States,Commonwealth of the Northern Mariana Islands,2023,12,NA,NA,NA,NA,NA,NA,NA,NA,NA,NA,NA,2023-03-19
States,Puerto Rico,2023,12,NA,2.6936,NA,NA,NA,NA,NA,NA,56,6,2079,2023-03-19
States,Virgin Islands,2023,12,NA,1.12108,NA,NA,NA,NA,NA,NA,15,4,1338,2023-03-19
States,New York City,2023,12,NA,4.82397,NA,NA,NA,NA,NA,NA,5067,102,105038,2023-03-19
States,Alabama,2023,13,NA,1.68047,NA,NA,NA,NA,NA,NA,783,106,46594,2023-03-26
States,Alaska,2023,13,NA,1.75022,NA,NA,NA,NA,NA,NA,59,12,3371,2023-03-26
States,Arizona,2023,13,NA,1.44369,NA,NA,NA,NA,NA,NA,311,44,21542,2023-03-26
States,Arkansas,2023,13,NA,1.38314,NA,NA,NA,NA,NA,NA,207,45,14966,2023-03-26
States,California,2023,13,NA,3.35144,NA,NA,NA,NA,NA,NA,9267,208,276508,2023-03-26
States,Colorado,2023,13,NA,2.67735,NA,NA,NA,NA,NA,NA,1310,98,48929,2023-03-26
States,Connecticut,2023,13,NA,1.78641,NA,NA,NA,NA,NA,NA,778,70,43551,2023-03-26
States,Delaware,2023,13,NA,1.17784,NA,NA,NA,NA,NA,NA,152,25,12905,2023-03-26
States,District of Columbia,2023,13,NA,5.18237,NA,NA,NA,NA,NA,NA,341,4,6580,2023-03-26
States,Florida,2023,13,NA,2.8481900000000002,NA,NA,NA,NA,NA,NA,7462,358,261991,2023-03-26
States,Georgia,2023,13,NA,2.4335,NA,NA,NA,NA,NA,NA,1957,102,80419,2023-03-26
States,Hawaii,2023,13,NA,2.66912,NA,NA,NA,NA,NA,NA,797,39,29860,2023-03-26
States,Idaho,2023,13,NA,0.825026,NA,NA,NA,NA,NA,NA,72,30,8727,2023-03-26
States,Illinois,2023,13,NA,1.96617,NA,NA,NA,NA,NA,NA,1425,178,72476,2023-03-26
States,Indiana,2023,13,NA,1.55857,NA,NA,NA,NA,NA,NA,850,102,54537,2023-03-26
States,Iowa,2023,13,NA,1.15496,NA,NA,NA,NA,NA,NA,60,15,5195,2023-03-26
States,Kansas,2023,13,NA,1.11474,NA,NA,NA,NA,NA,NA,198,34,17762,2023-03-26
States,Kentucky,2023,13,NA,1.74938,NA,NA,NA,NA,NA,NA,644,77,36813,2023-03-26
States,Louisiana,2023,13,NA,1.38087,NA,NA,NA,NA,NA,NA,600,87,43451,2023-03-26
States,Maine,2023,13,NA,1.16532,NA,NA,NA,NA,NA,NA,166,51,14245,2023-03-26
States,Maryland,2023,13,NA,2.12563,NA,NA,NA,NA,NA,NA,936,65,44034,2023-03-26
States,Massachusetts,2023,13,NA,1.6838,NA,NA,NA,NA,NA,NA,1330,95,78988,2023-03-26
States,Michigan,2023,13,NA,1.20601,NA,NA,NA,NA,NA,NA,997,152,82669,2023-03-26
States,Minnesota,2023,13,NA,1.51336,NA,NA,NA,NA,NA,NA,525,68,34691,2023-03-26
States,Mississippi,2023,13,NA,1.9862899999999999,NA,NA,NA,NA,NA,NA,255,32,12838,2023-03-26
States,Missouri,2023,13,NA,1.48228,NA,NA,NA,NA,NA,NA,414,41,27930,2023-03-26
States,Montana,2023,13,NA,1.29493,NA,NA,NA,NA,NA,NA,98,28,7568,2023-03-26
States,Nebraska,2023,13,NA,2.6526,NA,NA,NA,NA,NA,NA,425,83,16022,2023-03-26
States,Nevada,2023,13,NA,0.931099,NA,NA,NA,NA,NA,NA,180,32,19332,2023-03-26
States,New Hampshire,2023,13,NA,0.725953,NA,NA,NA,NA,NA,NA,8,9,1102,2023-03-26
States,New Jersey,2023,13,NA,3.79266,NA,NA,NA,NA,NA,NA,1069,31,28186,2023-03-26
States,New Mexico,2023,13,NA,3.51111,NA,NA,NA,NA,NA,NA,765,37,21788,2023-03-26
States,New York,2023,13,NA,2.16315,NA,NA,NA,NA,NA,NA,1249,121,57740,2023-03-26
States,North Carolina,2023,13,NA,1.83384,NA,NA,NA,NA,NA,NA,1697,141,92538,2023-03-26
States,North Dakota,2023,13,NA,1.493,NA,NA,NA,NA,NA,NA,48,9,3215,2023-03-26
States,Ohio,2023,13,NA,2.23966,NA,NA,NA,NA,NA,NA,896,80,40006,2023-03-26
States,Oklahoma,2023,13,NA,2.16807,NA,NA,NA,NA,NA,NA,387,35,17850,2023-03-26
States,Oregon,2023,13,NA,1.47138,NA,NA,NA,NA,NA,NA,571,87,38807,2023-03-26
States,Pennsylvania,2023,13,NA,1.30845,NA,NA,NA,NA,NA,NA,866,101,66185,2023-03-26
States,Rhode Island,2023,13,NA,1.10493,NA,NA,NA,NA,NA,NA,143,24,12942,2023-03-26
States,South Carolina,2023,13,NA,2.41018,NA,NA,NA,NA,NA,NA,866,38,35931,2023-03-26
States,South Dakota,2023,13,NA,0.871283,NA,NA,NA,NA,NA,NA,75,30,8608,2023-03-26
States,Tennessee,2023,13,NA,1.98588,NA,NA,NA,NA,NA,NA,706,99,35551,2023-03-26
States,Texas,2023,13,NA,2.43677,NA,NA,NA,NA,NA,NA,1424,45,58438,2023-03-26
States,Utah,2023,13,NA,2.58506,NA,NA,NA,NA,NA,NA,446,48,17253,2023-03-26
States,Vermont,2023,13,NA,0.654288,NA,NA,NA,NA,NA,NA,37,14,5655,2023-03-26
States,Virginia,2023,13,NA,2.67495,NA,NA,NA,NA,NA,NA,2920,173,109161,2023-03-26
States,Washington,2023,13,NA,1.51605,NA,NA,NA,NA,NA,NA,717,72,47294,2023-03-26
States,West Virginia,2023,13,NA,2.24111,NA,NA,NA,NA,NA,NA,290,46,12940,2023-03-26
States,Wisconsin,2023,13,NA,1.29702,NA,NA,NA,NA,NA,NA,270,34,20817,2023-03-26
States,Wyoming,2023,13,NA,1.08794,NA,NA,NA,NA,NA,NA,24,13,2206,2023-03-26
States,Commonwealth of the Northern Mariana Islands,2023,13,NA,NA,NA,NA,NA,NA,NA,NA,NA,NA,NA,2023-03-26
States,Puerto Rico,2023,13,NA,2.70718,NA,NA,NA,NA,NA,NA,49,6,1810,2023-03-26
States,Virgin Islands,2023,13,NA,0.521739,NA,NA,NA,NA,NA,NA,6,4,1150,2023-03-26
States,New York City,2023,13,NA,4.80824,NA,NA,NA,NA,NA,NA,5189,104,107919,2023-03-26
States,Alabama,2023,14,NA,1.51119,NA,NA,NA,NA,NA,NA,706,106,46718,2023-04-02
States,Alaska,2023,14,NA,1.84203,NA,NA,NA,NA,NA,NA,66,12,3583,2023-04-02
States,Arizona,2023,14,NA,1.24575,NA,NA,NA,NA,NA,NA,271,43,21754,2023-04-02
States,Arkansas,2023,14,NA,1.15294,NA,NA,NA,NA,NA,NA,162,45,14051,2023-04-02
States,California,2023,14,NA,3.18623,NA,NA,NA,NA,NA,NA,8525,207,267558,2023-04-02
States,Colorado,2023,14,NA,2.65994,NA,NA,NA,NA,NA,NA,1333,98,50114,2023-04-02
States,Connecticut,2023,14,NA,1.64045,NA,NA,NA,NA,NA,NA,706,70,43037,2023-04-02
States,Delaware,2023,14,NA,0.795776,NA,NA,NA,NA,NA,NA,104,26,13069,2023-04-02
States,District of Columbia,2023,14,NA,4.6397,NA,NA,NA,NA,NA,NA,273,4,5884,2023-04-02
States,Florida,2023,14,NA,2.80077,NA,NA,NA,NA,NA,NA,7263,359,259322,2023-04-02
States,Georgia,2023,14,NA,2.27603,NA,NA,NA,NA,NA,NA,1721,102,75614,2023-04-02
States,Hawaii,2023,14,NA,2.58462,NA,NA,NA,NA,NA,NA,885,39,34241,2023-04-02
States,Idaho,2023,14,NA,1.05621,NA,NA,NA,NA,NA,NA,87,29,8237,2023-04-02
States,Illinois,2023,14,NA,1.73583,NA,NA,NA,NA,NA,NA,1252,180,72127,2023-04-02
States,Indiana,2023,14,NA,1.37534,NA,NA,NA,NA,NA,NA,753,103,54750,2023-04-02
States,Iowa,2023,14,NA,0.847458,NA,NA,NA,NA,NA,NA,42,15,4956,2023-04-02
States,Kansas,2023,14,NA,0.952824,NA,NA,NA,NA,NA,NA,164,33,17212,2023-04-02
States,Kentucky,2023,14,NA,1.59449,NA,NA,NA,NA,NA,NA,532,76,33365,2023-04-02
States,Louisiana,2023,14,NA,1.29308,NA,NA,NA,NA,NA,NA,550,87,42534,2023-04-02
States,Maine,2023,14,NA,1.06367,NA,NA,NA,NA,NA,NA,145,47,13632,2023-04-02
States,Maryland,2023,14,NA,1.88447,NA,NA,NA,NA,NA,NA,811,65,43036,2023-04-02
States,Massachusetts,2023,14,NA,1.59207,NA,NA,NA,NA,NA,NA,1251,95,78577,2023-04-02
States,Michigan,2023,14,NA,1.09123,NA,NA,NA,NA,NA,NA,911,153,83484,2023-04-02
States,Minnesota,2023,14,NA,1.52123,NA,NA,NA,NA,NA,NA,455,67,29910,2023-04-02
States,Mississippi,2023,14,NA,2.15714,NA,NA,NA,NA,NA,NA,274,32,12702,2023-04-02
States,Missouri,2023,14,NA,1.33676,NA,NA,NA,NA,NA,NA,374,41,27978,2023-04-02
States,Montana,2023,14,NA,1.1533,NA,NA,NA,NA,NA,NA,89,28,7717,2023-04-02
States,Nebraska,2023,14,NA,2.43463,NA,NA,NA,NA,NA,NA,378,84,15526,2023-04-02
States,Nevada,2023,14,NA,0.712713,NA,NA,NA,NA,NA,NA,123,31,17258,2023-04-02
States,New Hampshire,2023,14,NA,1.26783,NA,NA,NA,NA,NA,NA,16,9,1262,2023-04-02
States,New Jersey,2023,14,NA,3.53261,NA,NA,NA,NA,NA,NA,975,31,27600,2023-04-02
States,New Mexico,2023,14,NA,3.27198,NA,NA,NA,NA,NA,NA,720,39,22005,2023-04-02
States,New York,2023,14,NA,1.93375,NA,NA,NA,NA,NA,NA,1056,121,54609,2023-04-02
States,North Carolina,2023,14,NA,1.71346,NA,NA,NA,NA,NA,NA,1527,139,89118,2023-04-02
States,North Dakota,2023,14,NA,1.79211,NA,NA,NA,NA,NA,NA,55,9,3069,2023-04-02
States,Ohio,2023,14,NA,1.93312,NA,NA,NA,NA,NA,NA,722,79,37349,2023-04-02
States,Oklahoma,2023,14,NA,2.12378,NA,NA,NA,NA,NA,NA,373,35,17563,2023-04-02
States,Oregon,2023,14,NA,1.21293,NA,NA,NA,NA,NA,NA,483,89,39821,2023-04-02
States,Pennsylvania,2023,14,NA,1.18346,NA,NA,NA,NA,NA,NA,560,98,47319,2023-04-02
States,Rhode Island,2023,14,NA,0.963855,NA,NA,NA,NA,NA,NA,128,23,13280,2023-04-02
States,South Carolina,2023,14,NA,2.0661,NA,NA,NA,NA,NA,NA,717,38,34703,2023-04-02
States,South Dakota,2023,14,NA,0.915111,NA,NA,NA,NA,NA,NA,76,32,8305,2023-04-02
States,Tennessee,2023,14,NA,1.88479,NA,NA,NA,NA,NA,NA,639,100,33903,2023-04-02
States,Texas,2023,14,NA,2.57977,NA,NA,NA,NA,NA,NA,1406,44,54501,2023-04-02
States,Utah,2023,14,NA,2.2312,NA,NA,NA,NA,NA,NA,381,48,17076,2023-04-02
States,Vermont,2023,14,NA,0.595991,NA,NA,NA,NA,NA,NA,33,14,5537,2023-04-02
States,Virginia,2023,14,NA,2.50062,NA,NA,NA,NA,NA,NA,2613,173,104494,2023-04-02
States,Washington,2023,14,NA,1.47373,NA,NA,NA,NA,NA,NA,648,72,43970,2023-04-02
States,West Virginia,2023,14,NA,1.88737,NA,NA,NA,NA,NA,NA,184,41,9749,2023-04-02
States,Wisconsin,2023,14,NA,1.21425,NA,NA,NA,NA,NA,NA,256,34,21083,2023-04-02
States,Wyoming,2023,14,NA,1.1883,NA,NA,NA,NA,NA,NA,26,13,2188,2023-04-02
States,Commonwealth of the Northern Mariana Islands,2023,14,NA,NA,NA,NA,NA,NA,NA,NA,NA,NA,NA,2023-04-02
States,Puerto Rico,2023,14,NA,2.97753,NA,NA,NA,NA,NA,NA,53,7,1780,2023-04-02
States,Virgin Islands,2023,14,NA,0.925926,NA,NA,NA,NA,NA,NA,11,4,1188,2023-04-02
States,New York City,2023,14,NA,4.42277,NA,NA,NA,NA,NA,NA,4472,105,101113,2023-04-02
States,Alabama,2023,15,NA,1.60424,NA,NA,NA,NA,NA,NA,750,104,46751,2023-04-09
States,Alaska,2023,15,NA,2.27337,NA,NA,NA,NA,NA,NA,81,12,3563,2023-04-09
States,Arizona,2023,15,NA,1.40551,NA,NA,NA,NA,NA,NA,330,43,23479,2023-04-09
States,Arkansas,2023,15,NA,1.07892,NA,NA,NA,NA,NA,NA,159,46,14737,2023-04-09
States,California,2023,15,NA,3.02217,NA,NA,NA,NA,NA,NA,8204,206,271461,2023-04-09
States,Colorado,2023,15,NA,2.64899,NA,NA,NA,NA,NA,NA,1333,98,50321,2023-04-09
States,Connecticut,2023,15,NA,1.66394,NA,NA,NA,NA,NA,NA,712,70,42790,2023-04-09
States,Delaware,2023,15,NA,0.893855,NA,NA,NA,NA,NA,NA,112,25,12530,2023-04-09
States,District of Columbia,2023,15,NA,3.99189,NA,NA,NA,NA,NA,NA,256,4,6413,2023-04-09
States,Florida,2023,15,NA,2.91754,NA,NA,NA,NA,NA,NA,7401,359,253673,2023-04-09
States,Georgia,2023,15,NA,2.16881,NA,NA,NA,NA,NA,NA,1708,101,78753,2023-04-09
States,Hawaii,2023,15,NA,2.77253,NA,NA,NA,NA,NA,NA,969,39,34950,2023-04-09
States,Idaho,2023,15,NA,1.00366,NA,NA,NA,NA,NA,NA,85,30,8469,2023-04-09
States,Illinois,2023,15,NA,1.54342,NA,NA,NA,NA,NA,NA,1112,178,72048,2023-04-09
States,Indiana,2023,15,NA,1.26001,NA,NA,NA,NA,NA,NA,713,103,56587,2023-04-09
States,Iowa,2023,15,NA,1.32516,NA,NA,NA,NA,NA,NA,67,15,5056,2023-04-09
States,Kansas,2023,15,NA,1.02647,NA,NA,NA,NA,NA,NA,185,35,18023,2023-04-09
States,Kentucky,2023,15,NA,1.48154,NA,NA,NA,NA,NA,NA,523,76,35301,2023-04-09
States,Louisiana,2023,15,NA,1.32646,NA,NA,NA,NA,NA,NA,551,87,41539,2023-04-09
States,Maine,2023,15,NA,1.04241,NA,NA,NA,NA,NA,NA,147,46,14102,2023-04-09
States,Maryland,2023,15,NA,1.70938,NA,NA,NA,NA,NA,NA,775,67,45338,2023-04-09
States,Massachusetts,2023,15,NA,1.563,NA,NA,NA,NA,NA,NA,1275,94,81574,2023-04-09
States,Michigan,2023,15,NA,0.935305,NA,NA,NA,NA,NA,NA,807,152,86282,2023-04-09
States,Minnesota,2023,15,NA,1.09187,NA,NA,NA,NA,NA,NA,377,67,34528,2023-04-09
States,Mississippi,2023,15,NA,1.94666,NA,NA,NA,NA,NA,NA,246,30,12637,2023-04-09
States,Missouri,2023,15,NA,1.07735,NA,NA,NA,NA,NA,NA,306,41,28403,2023-04-09
States,Montana,2023,15,NA,1.19353,NA,NA,NA,NA,NA,NA,93,28,7792,2023-04-09
States,Nebraska,2023,15,NA,2.12565,NA,NA,NA,NA,NA,NA,337,83,15854,2023-04-09
States,Nevada,2023,15,NA,0.776484,NA,NA,NA,NA,NA,NA,154,32,19833,2023-04-09
States,New Hampshire,2023,15,NA,0.802139,NA,NA,NA,NA,NA,NA,9,9,1122,2023-04-09
States,New Jersey,2023,15,NA,3.22382,NA,NA,NA,NA,NA,NA,890,31,27607,2023-04-09
States,New Mexico,2023,15,NA,2.94156,NA,NA,NA,NA,NA,NA,677,39,23015,2023-04-09
States,New York,2023,15,NA,1.7257,NA,NA,NA,NA,NA,NA,917,122,53138,2023-04-09
States,North Carolina,2023,15,NA,1.52008,NA,NA,NA,NA,NA,NA,1346,140,88548,2023-04-09
States,North Dakota,2023,15,NA,1.25921,NA,NA,NA,NA,NA,NA,41,9,3256,2023-04-09
States,Ohio,2023,15,NA,1.93821,NA,NA,NA,NA,NA,NA,793,84,40914,2023-04-09
States,Oklahoma,2023,15,NA,1.95702,NA,NA,NA,NA,NA,NA,367,35,18753,2023-04-09
States,Oregon,2023,15,NA,1.24141,NA,NA,NA,NA,NA,NA,497,78,40035,2023-04-09
States,Pennsylvania,2023,15,NA,1.05325,NA,NA,NA,NA,NA,NA,714,100,67790,2023-04-09
States,Rhode Island,2023,15,NA,0.852962,NA,NA,NA,NA,NA,NA,109,23,12779,2023-04-09
States,South Carolina,2023,15,NA,1.98529,NA,NA,NA,NA,NA,NA,664,38,33446,2023-04-09
States,South Dakota,2023,15,NA,0.779589,NA,NA,NA,NA,NA,NA,66,31,8466,2023-04-09
States,Tennessee,2023,15,NA,1.85267,NA,NA,NA,NA,NA,NA,669,99,36110,2023-04-09
States,Texas,2023,15,NA,2.55892,NA,NA,NA,NA,NA,NA,1520,43,59400,2023-04-09
States,Utah,2023,15,NA,2.23276,NA,NA,NA,NA,NA,NA,419,48,18766,2023-04-09
States,Vermont,2023,15,NA,0.522149,NA,NA,NA,NA,NA,NA,31,14,5937,2023-04-09
States,Virginia,2023,15,NA,2.22545,NA,NA,NA,NA,NA,NA,2372,173,106585,2023-04-09
States,Washington,2023,15,NA,1.24025,NA,NA,NA,NA,NA,NA,569,72,45878,2023-04-09
States,West Virginia,2023,15,NA,1.39548,NA,NA,NA,NA,NA,NA,153,40,10964,2023-04-09
States,Wisconsin,2023,15,NA,1.04889,NA,NA,NA,NA,NA,NA,233,34,22214,2023-04-09
States,Wyoming,2023,15,NA,1.5378,NA,NA,NA,NA,NA,NA,36,13,2341,2023-04-09
States,Commonwealth of the Northern Mariana Islands,2023,15,NA,NA,NA,NA,NA,NA,NA,NA,NA,NA,NA,2023-04-09
States,Puerto Rico,2023,15,NA,2.3692,NA,NA,NA,NA,NA,NA,48,7,2026,2023-04-09
States,Virgin Islands,2023,15,NA,0.801425,NA,NA,NA,NA,NA,NA,9,4,1123,2023-04-09
States,New York City,2023,15,NA,3.7878,NA,NA,NA,NA,NA,NA,3790,102,100058,2023-04-09
States,Alabama,2023,16,NA,1.62293,NA,NA,NA,NA,NA,NA,770,104,47445,2023-04-16
States,Alaska,2023,16,NA,1.96138,NA,NA,NA,NA,NA,NA,65,12,3314,2023-04-16
States,Arizona,2023,16,NA,1.23935,NA,NA,NA,NA,NA,NA,285,44,22996,2023-04-16
States,Arkansas,2023,16,NA,1.32237,NA,NA,NA,NA,NA,NA,201,46,15200,2023-04-16
States,California,2023,16,NA,2.86897,NA,NA,NA,NA,NA,NA,7882,207,274733,2023-04-16
States,Colorado,2023,16,NA,2.50747,NA,NA,NA,NA,NA,NA,1268,98,50569,2023-04-16
States,Connecticut,2023,16,NA,1.35805,NA,NA,NA,NA,NA,NA,597,70,43960,2023-04-16
States,Delaware,2023,16,NA,0.702936,NA,NA,NA,NA,NA,NA,96,26,13657,2023-04-16
States,District of Columbia,2023,16,NA,2.96031,NA,NA,NA,NA,NA,NA,182,4,6148,2023-04-16
States,Florida,2023,16,NA,2.80935,NA,NA,NA,NA,NA,NA,7234,358,257497,2023-04-16
States,Georgia,2023,16,NA,1.99958,NA,NA,NA,NA,NA,NA,1600,102,80017,2023-04-16
States,Hawaii,2023,16,NA,2.5355,NA,NA,NA,NA,NA,NA,875,38,34510,2023-04-16
States,Idaho,2023,16,NA,1.00024,NA,NA,NA,NA,NA,NA,84,30,8398,2023-04-16
States,Illinois,2023,16,NA,1.44635,NA,NA,NA,NA,NA,NA,1047,177,72389,2023-04-16
States,Indiana,2023,16,NA,1.31169,NA,NA,NA,NA,NA,NA,737,102,56187,2023-04-16
States,Iowa,2023,16,NA,1.01803,NA,NA,NA,NA,NA,NA,48,14,4715,2023-04-16
States,Kansas,2023,16,NA,0.865548,NA,NA,NA,NA,NA,NA,148,32,17099,2023-04-16
States,Kentucky,2023,16,NA,1.3127,NA,NA,NA,NA,NA,NA,464,76,35347,2023-04-16
States,Louisiana,2023,16,NA,1.2398,NA,NA,NA,NA,NA,NA,521,87,42023,2023-04-16
States,Maine,2023,16,NA,0.979747,NA,NA,NA,NA,NA,NA,134,47,13677,2023-04-16
States,Maryland,2023,16,NA,1.56623,NA,NA,NA,NA,NA,NA,715,65,45651,2023-04-16
States,Massachusetts,2023,16,NA,1.31584,NA,NA,NA,NA,NA,NA,973,95,73945,2023-04-16
States,Michigan,2023,16,NA,0.926035,NA,NA,NA,NA,NA,NA,783,151,84554,2023-04-16
States,Minnesota,2023,16,NA,1.1349,NA,NA,NA,NA,NA,NA,389,67,34276,2023-04-16
States,Mississippi,2023,16,NA,2.2384,NA,NA,NA,NA,NA,NA,289,31,12911,2023-04-16
States,Missouri,2023,16,NA,1.13607,NA,NA,NA,NA,NA,NA,311,41,27375,2023-04-16
States,Montana,2023,16,NA,1.34641,NA,NA,NA,NA,NA,NA,81,27,6016,2023-04-16
States,Nebraska,2023,16,NA,2.00736,NA,NA,NA,NA,NA,NA,300,82,14945,2023-04-16
States,Nevada,2023,16,NA,0.992872,NA,NA,NA,NA,NA,NA,195,32,19640,2023-04-16
States,New Hampshire,2023,16,NA,0.323625,NA,NA,NA,NA,NA,NA,5,10,1545,2023-04-16
States,New Jersey,2023,16,NA,2.75959,NA,NA,NA,NA,NA,NA,826,32,29932,2023-04-16
States,New Mexico,2023,16,NA,2.71603,NA,NA,NA,NA,NA,NA,617,38,22717,2023-04-16
States,New York,2023,16,NA,1.52737,NA,NA,NA,NA,NA,NA,892,120,58401,2023-04-16
States,North Carolina,2023,16,NA,1.23909,NA,NA,NA,NA,NA,NA,1133,137,91438,2023-04-16
States,North Dakota,2023,16,NA,2.08393,NA,NA,NA,NA,NA,NA,73,9,3503,2023-04-16
States,Ohio,2023,16,NA,1.68261,NA,NA,NA,NA,NA,NA,679,82,40354,2023-04-16
States,Oklahoma,2023,16,NA,1.63458,NA,NA,NA,NA,NA,NA,281,34,17191,2023-04-16
States,Oregon,2023,16,NA,1.30433,NA,NA,NA,NA,NA,NA,521,88,39944,2023-04-16
States,Pennsylvania,2023,16,NA,0.961496,NA,NA,NA,NA,NA,NA,655,99,68123,2023-04-16
States,Rhode Island,2023,16,NA,0.607272,NA,NA,NA,NA,NA,NA,82,23,13503,2023-04-16
States,South Carolina,2023,16,NA,1.79012,NA,NA,NA,NA,NA,NA,638,38,35640,2023-04-16
States,South Dakota,2023,16,NA,0.643915,NA,NA,NA,NA,NA,NA,60,32,9318,2023-04-16
States,Tennessee,2023,16,NA,1.76874,NA,NA,NA,NA,NA,NA,629,100,35562,2023-04-16
States,Texas,2023,16,NA,2.68883,NA,NA,NA,NA,NA,NA,1671,58,62146,2023-04-16
States,Utah,2023,16,NA,2.01881,NA,NA,NA,NA,NA,NA,380,48,18823,2023-04-16
States,Vermont,2023,16,NA,0.414007,NA,NA,NA,NA,NA,NA,24,13,5797,2023-04-16
States,Virginia,2023,16,NA,2.1045,NA,NA,NA,NA,NA,NA,2312,173,109860,2023-04-16
States,Washington,2023,16,NA,1.28898,NA,NA,NA,NA,NA,NA,594,71,46083,2023-04-16
States,West Virginia,2023,16,NA,1.19492,NA,NA,NA,NA,NA,NA,128,43,10712,2023-04-16
States,Wisconsin,2023,16,NA,1.0666,NA,NA,NA,NA,NA,NA,229,34,21470,2023-04-16
States,Wyoming,2023,16,NA,0.913043,NA,NA,NA,NA,NA,NA,21,12,2300,2023-04-16
States,Commonwealth of the Northern Mariana Islands,2023,16,NA,NA,NA,NA,NA,NA,NA,NA,NA,NA,NA,2023-04-16
States,Puerto Rico,2023,16,NA,3.45338,NA,NA,NA,NA,NA,NA,70,7,2027,2023-04-16
States,Virgin Islands,2023,16,NA,0.286533,NA,NA,NA,NA,NA,NA,3,4,1047,2023-04-16
States,New York City,2023,16,NA,3.36826,NA,NA,NA,NA,NA,NA,3684,104,109374,2023-04-16
States,Alabama,2023,17,NA,1.66402,NA,NA,NA,NA,NA,NA,795,104,47776,2023-04-23
States,Alaska,2023,17,NA,1.65289,NA,NA,NA,NA,NA,NA,56,12,3388,2023-04-23
States,Arizona,2023,17,NA,1.34099,NA,NA,NA,NA,NA,NA,306,43,22819,2023-04-23
States,Arkansas,2023,17,NA,1.33124,NA,NA,NA,NA,NA,NA,195,45,14648,2023-04-23
States,California,2023,17,NA,2.66504,NA,NA,NA,NA,NA,NA,7566,208,283898,2023-04-23
States,Colorado,2023,17,NA,2.49728,NA,NA,NA,NA,NA,NA,1240,98,49654,2023-04-23
States,Connecticut,2023,17,NA,1.34196,NA,NA,NA,NA,NA,NA,562,70,41879,2023-04-23
States,Delaware,2023,17,NA,0.677424,NA,NA,NA,NA,NA,NA,89,26,13138,2023-04-23
States,District of Columbia,2023,17,NA,3.65816,NA,NA,NA,NA,NA,NA,235,4,6424,2023-04-23
States,Florida,2023,17,NA,2.91901,NA,NA,NA,NA,NA,NA,7420,359,254196,2023-04-23
States,Georgia,2023,17,NA,2.03599,NA,NA,NA,NA,NA,NA,1610,102,79077,2023-04-23
States,Hawaii,2023,17,NA,2.34838,NA,NA,NA,NA,NA,NA,812,38,34577,2023-04-23
States,Idaho,2023,17,NA,1.10358,NA,NA,NA,NA,NA,NA,96,29,8699,2023-04-23
States,Illinois,2023,17,NA,1.35151,NA,NA,NA,NA,NA,NA,937,175,69330,2023-04-23
States,Indiana,2023,17,NA,1.33483,NA,NA,NA,NA,NA,NA,736,102,55138,2023-04-23
States,Iowa,2023,17,NA,0.748596,NA,NA,NA,NA,NA,NA,36,14,4809,2023-04-23
States,Kansas,2023,17,NA,0.979536,NA,NA,NA,NA,NA,NA,157,32,16028,2023-04-23
States,Kentucky,2023,17,NA,1.54516,NA,NA,NA,NA,NA,NA,543,74,35142,2023-04-23
States,Louisiana,2023,17,NA,1.36001,NA,NA,NA,NA,NA,NA,573,87,42132,2023-04-23
States,Maine,2023,17,NA,0.73825,NA,NA,NA,NA,NA,NA,101,47,13681,2023-04-23
States,Maryland,2023,17,NA,1.52947,NA,NA,NA,NA,NA,NA,688,65,44983,2023-04-23
States,Massachusetts,2023,17,NA,1.23866,NA,NA,NA,NA,NA,NA,960,94,77503,2023-04-23
States,Michigan,2023,17,NA,0.90346,NA,NA,NA,NA,NA,NA,773,154,85560,2023-04-23
States,Minnesota,2023,17,NA,1.27949,NA,NA,NA,NA,NA,NA,448,67,35014,2023-04-23
States,Mississippi,2023,17,NA,1.98899,NA,NA,NA,NA,NA,NA,253,30,12720,2023-04-23
States,Missouri,2023,17,NA,1.35977,NA,NA,NA,NA,NA,NA,371,41,27284,2023-04-23
States,Montana,2023,17,NA,1.02108,NA,NA,NA,NA,NA,NA,78,28,7639,2023-04-23
States,Nebraska,2023,17,NA,2.21262,NA,NA,NA,NA,NA,NA,338,83,15276,2023-04-23
States,Nevada,2023,17,NA,0.752623,NA,NA,NA,NA,NA,NA,137,30,18203,2023-04-23
States,New Hampshire,2023,17,NA,0.236035,NA,NA,NA,NA,NA,NA,3,10,1271,2023-04-23
States,New Jersey,2023,17,NA,2.66806,NA,NA,NA,NA,NA,NA,764,32,28635,2023-04-23
States,New Mexico,2023,17,NA,3.0382,NA,NA,NA,NA,NA,NA,688,37,22645,2023-04-23
States,New York,2023,17,NA,1.58483,NA,NA,NA,NA,NA,NA,907,122,57230,2023-04-23
States,North Carolina,2023,17,NA,1.19512,NA,NA,NA,NA,NA,NA,1045,140,87439,2023-04-23
States,North Dakota,2023,17,NA,2.0202,NA,NA,NA,NA,NA,NA,66,9,3267,2023-04-23
States,Ohio,2023,17,NA,1.76457,NA,NA,NA,NA,NA,NA,708,80,40123,2023-04-23
States,Oklahoma,2023,17,NA,1.47849,NA,NA,NA,NA,NA,NA,253,35,17112,2023-04-23
States,Oregon,2023,17,NA,1.22016,NA,NA,NA,NA,NA,NA,505,88,41388,2023-04-23
States,Pennsylvania,2023,17,NA,0.930345,NA,NA,NA,NA,NA,NA,614,99,65997,2023-04-23
States,Rhode Island,2023,17,NA,0.909163,NA,NA,NA,NA,NA,NA,114,23,12539,2023-04-23
States,South Carolina,2023,17,NA,1.866,NA,NA,NA,NA,NA,NA,645,37,34566,2023-04-23
States,South Dakota,2023,17,NA,0.84569,NA,NA,NA,NA,NA,NA,73,31,8632,2023-04-23
States,Tennessee,2023,17,NA,1.99715,NA,NA,NA,NA,NA,NA,715,99,35801,2023-04-23
States,Texas,2023,17,NA,2.58831,NA,NA,NA,NA,NA,NA,1593,59,61546,2023-04-23
States,Utah,2023,17,NA,2.13673,NA,NA,NA,NA,NA,NA,391,47,18299,2023-04-23
States,Vermont,2023,17,NA,0.55991,NA,NA,NA,NA,NA,NA,30,13,5358,2023-04-23
States,Virginia,2023,17,NA,2.24759,NA,NA,NA,NA,NA,NA,2445,173,108783,2023-04-23
States,Washington,2023,17,NA,1.19627,NA,NA,NA,NA,NA,NA,548,72,45809,2023-04-23
States,West Virginia,2023,17,NA,1.24448,NA,NA,NA,NA,NA,NA,141,42,11330,2023-04-23
States,Wisconsin,2023,17,NA,0.967019,NA,NA,NA,NA,NA,NA,207,34,21406,2023-04-23
States,Wyoming,2023,17,NA,0.807537,NA,NA,NA,NA,NA,NA,18,12,2229,2023-04-23
States,Commonwealth of the Northern Mariana Islands,2023,17,NA,NA,NA,NA,NA,NA,NA,NA,NA,NA,NA,2023-04-23
States,Puerto Rico,2023,17,NA,3.93035,NA,NA,NA,NA,NA,NA,79,7,2010,2023-04-23
States,Virgin Islands,2023,17,NA,1.27202,NA,NA,NA,NA,NA,NA,13,4,1022,2023-04-23
States,New York City,2023,17,NA,3.59269,NA,NA,NA,NA,NA,NA,4104,105,114232,2023-04-23
States,Alabama,2023,18,NA,1.77523,NA,NA,NA,NA,NA,NA,789,104,44445,2023-04-30
States,Alaska,2023,18,NA,1.33573,NA,NA,NA,NA,NA,NA,52,12,3893,2023-04-30
States,Arizona,2023,18,NA,1.50061,NA,NA,NA,NA,NA,NA,330,42,21991,2023-04-30
States,Arkansas,2023,18,NA,1.31489,NA,NA,NA,NA,NA,NA,192,44,14602,2023-04-30
States,California,2023,18,NA,2.8112,NA,NA,NA,NA,NA,NA,7901,205,281054,2023-04-30
States,Colorado,2023,18,NA,2.41277,NA,NA,NA,NA,NA,NA,1244,98,51559,2023-04-30
States,Connecticut,2023,18,NA,1.41107,NA,NA,NA,NA,NA,NA,599,70,42450,2023-04-30
States,Delaware,2023,18,NA,0.762788,NA,NA,NA,NA,NA,NA,102,24,13372,2023-04-30
States,District of Columbia,2023,18,NA,3.82458,NA,NA,NA,NA,NA,NA,225,4,5883,2023-04-30
States,Florida,2023,18,NA,2.95376,NA,NA,NA,NA,NA,NA,7434,359,251679,2023-04-30
States,Georgia,2023,18,NA,2.06906,NA,NA,NA,NA,NA,NA,1649,101,79698,2023-04-30
States,Hawaii,2023,18,NA,2.44966,NA,NA,NA,NA,NA,NA,837,40,34168,2023-04-30
States,Idaho,2023,18,NA,0.859266,NA,NA,NA,NA,NA,NA,74,30,8612,2023-04-30
States,Illinois,2023,18,NA,1.26892,NA,NA,NA,NA,NA,NA,944,179,74394,2023-04-30
States,Indiana,2023,18,NA,1.24235,NA,NA,NA,NA,NA,NA,680,101,54735,2023-04-30
States,Iowa,2023,18,NA,0.765027,NA,NA,NA,NA,NA,NA,35,14,4575,2023-04-30
States,Kansas,2023,18,NA,1.02561,NA,NA,NA,NA,NA,NA,175,31,17063,2023-04-30
States,Kentucky,2023,18,NA,1.51369,NA,NA,NA,NA,NA,NA,519,74,34287,2023-04-30
States,Louisiana,2023,18,NA,1.44015,NA,NA,NA,NA,NA,NA,615,87,42704,2023-04-30
States,Maine,2023,18,NA,0.725531,NA,NA,NA,NA,NA,NA,100,47,13783,2023-04-30
States,Maryland,2023,18,NA,1.63404,NA,NA,NA,NA,NA,NA,738,66,45164,2023-04-30
States,Massachusetts,2023,18,NA,1.2215,NA,NA,NA,NA,NA,NA,954,94,78101,2023-04-30
States,Michigan,2023,18,NA,1.10447,NA,NA,NA,NA,NA,NA,950,153,86014,2023-04-30
States,Minnesota,2023,18,NA,1.21023,NA,NA,NA,NA,NA,NA,423,67,34952,2023-04-30
States,Mississippi,2023,18,NA,1.86675,NA,NA,NA,NA,NA,NA,232,30,12428,2023-04-30
States,Missouri,2023,18,NA,1.22181,NA,NA,NA,NA,NA,NA,337,41,27582,2023-04-30
States,Montana,2023,18,NA,1.05766,NA,NA,NA,NA,NA,NA,82,28,7753,2023-04-30
States,Nebraska,2023,18,NA,1.9813,NA,NA,NA,NA,NA,NA,303,83,15293,2023-04-30
States,Nevada,2023,18,NA,0.595818,NA,NA,NA,NA,NA,NA,104,30,17455,2023-04-30
States,New Hampshire,2023,18,NA,0.552486,NA,NA,NA,NA,NA,NA,6,9,1086,2023-04-30
States,New Jersey,2023,18,NA,2.66802,NA,NA,NA,NA,NA,NA,761,32,28523,2023-04-30
States,New Mexico,2023,18,NA,2.81782,NA,NA,NA,NA,NA,NA,645,37,22890,2023-04-30
States,New York,2023,18,NA,1.1209,NA,NA,NA,NA,NA,NA,579,97,51655,2023-04-30
States,North Carolina,2023,18,NA,1.18814,NA,NA,NA,NA,NA,NA,1070,137,90057,2023-04-30
States,North Dakota,2023,18,NA,1.54159,NA,NA,NA,NA,NA,NA,53,9,3438,2023-04-30
States,Ohio,2023,18,NA,1.746,NA,NA,NA,NA,NA,NA,698,84,39977,2023-04-30
States,Oklahoma,2023,18,NA,1.41098,NA,NA,NA,NA,NA,NA,228,34,16159,2023-04-30
States,Oregon,2023,18,NA,1.07875,NA,NA,NA,NA,NA,NA,447,88,41437,2023-04-30
States,Pennsylvania,2023,18,NA,0.943082,NA,NA,NA,NA,NA,NA,623,98,66060,2023-04-30
States,Rhode Island,2023,18,NA,0.905162,NA,NA,NA,NA,NA,NA,111,24,12263,2023-04-30
States,South Carolina,2023,18,NA,1.83296,NA,NA,NA,NA,NA,NA,629,37,34316,2023-04-30
States,South Dakota,2023,18,NA,0.7718,NA,NA,NA,NA,NA,NA,67,31,8681,2023-04-30
States,Tennessee,2023,18,NA,2.12234,NA,NA,NA,NA,NA,NA,773,100,36422,2023-04-30
States,Texas,2023,18,NA,2.90948,NA,NA,NA,NA,NA,NA,1674,59,57536,2023-04-30
States,Utah,2023,18,NA,1.93671,NA,NA,NA,NA,NA,NA,358,48,18485,2023-04-30
States,Vermont,2023,18,NA,0.443498,NA,NA,NA,NA,NA,NA,25,13,5637,2023-04-30
States,Virginia,2023,18,NA,2.31571,NA,NA,NA,NA,NA,NA,2543,173,109815,2023-04-30
States,Washington,2023,18,NA,1.11203,NA,NA,NA,NA,NA,NA,510,72,45862,2023-04-30
States,West Virginia,2023,18,NA,4.56208,NA,NA,NA,NA,NA,NA,499,44,10938,2023-04-30
States,Wisconsin,2023,18,NA,0.987404,NA,NA,NA,NA,NA,NA,214,34,21673,2023-04-30
States,Wyoming,2023,18,NA,1.11757,NA,NA,NA,NA,NA,NA,25,12,2237,2023-04-30
States,Commonwealth of the Northern Mariana Islands,2023,18,NA,NA,NA,NA,NA,NA,NA,NA,NA,NA,NA,2023-04-30
States,Puerto Rico,2023,18,NA,2.9164,NA,NA,NA,NA,NA,NA,45,7,1543,2023-04-30
States,Virgin Islands,2023,18,NA,1.06195,NA,NA,NA,NA,NA,NA,12,4,1130,2023-04-30
States,New York City,2023,18,NA,3.91646,NA,NA,NA,NA,NA,NA,4332,105,110610,2023-04-30
States,Alabama,2023,19,NA,1.62275,NA,NA,NA,NA,NA,NA,744,104,45848,2023-05-07
States,Alaska,2023,19,NA,1.27681,NA,NA,NA,NA,NA,NA,50,12,3916,2023-05-07
States,Arizona,2023,19,NA,1.25174,NA,NA,NA,NA,NA,NA,279,44,22289,2023-05-07
States,Arkansas,2023,19,NA,0.904266,NA,NA,NA,NA,NA,NA,138,44,15261,2023-05-07
States,California,2023,19,NA,2.87044,NA,NA,NA,NA,NA,NA,8167,202,284521,2023-05-07
States,Colorado,2023,19,NA,2.30861,NA,NA,NA,NA,NA,NA,1167,98,50550,2023-05-07
States,Connecticut,2023,19,NA,1.31349,NA,NA,NA,NA,NA,NA,579,70,44081,2023-05-07
States,Delaware,2023,19,NA,0.763868,NA,NA,NA,NA,NA,NA,103,24,13484,2023-05-07
States,District of Columbia,2023,19,NA,4.18097,NA,NA,NA,NA,NA,NA,268,4,6410,2023-05-07
States,Florida,2023,19,NA,2.8798,NA,NA,NA,NA,NA,NA,7242,356,251476,2023-05-07
States,Georgia,2023,19,NA,2.34443,NA,NA,NA,NA,NA,NA,1895,102,80830,2023-05-07
States,Hawaii,2023,19,NA,2.25486,NA,NA,NA,NA,NA,NA,766,39,33971,2023-05-07
States,Idaho,2023,19,NA,0.708973,NA,NA,NA,NA,NA,NA,61,30,8604,2023-05-07
States,Illinois,2023,19,NA,1.12859,NA,NA,NA,NA,NA,NA,827,178,73277,2023-05-07
States,Indiana,2023,19,NA,1.22087,NA,NA,NA,NA,NA,NA,679,101,55616,2023-05-07
States,Iowa,2023,19,NA,0.58052,NA,NA,NA,NA,NA,NA,27,14,4651,2023-05-07
States,Kansas,2023,19,NA,0.810761,NA,NA,NA,NA,NA,NA,132,31,16281,2023-05-07
States,Kentucky,2023,19,NA,1.32186,NA,NA,NA,NA,NA,NA,427,74,32303,2023-05-07
States,Louisiana,2023,19,NA,1.24931,NA,NA,NA,NA,NA,NA,542,87,43384,2023-05-07
States,Maine,2023,19,NA,0.801444,NA,NA,NA,NA,NA,NA,111,47,13850,2023-05-07
States,Maryland,2023,19,NA,1.68351,NA,NA,NA,NA,NA,NA,778,66,46213,2023-05-07
States,Massachusetts,2023,19,NA,1.34974,NA,NA,NA,NA,NA,NA,1110,95,82238,2023-05-07
States,Michigan,2023,19,NA,0.97135,NA,NA,NA,NA,NA,NA,871,153,89669,2023-05-07
States,Minnesota,2023,19,NA,1.1114,NA,NA,NA,NA,NA,NA,386,67,34731,2023-05-07
States,Mississippi,2023,19,NA,1.60496,NA,NA,NA,NA,NA,NA,189,28,11776,2023-05-07
States,Missouri,2023,19,NA,1.11698,NA,NA,NA,NA,NA,NA,311,41,27843,2023-05-07
States,Montana,2023,19,NA,1.00388,NA,NA,NA,NA,NA,NA,75,28,7471,2023-05-07
States,Nebraska,2023,19,NA,1.72392,NA,NA,NA,NA,NA,NA,270,83,15662,2023-05-07
States,Nevada,2023,19,NA,0.711485,NA,NA,NA,NA,NA,NA,127,29,17850,2023-05-07
States,New Hampshire,2023,19,NA,0.426621,NA,NA,NA,NA,NA,NA,5,9,1172,2023-05-07
States,New Jersey,2023,19,NA,2.71053,NA,NA,NA,NA,NA,NA,767,32,28297,2023-05-07
States,New Mexico,2023,19,NA,2.54256,NA,NA,NA,NA,NA,NA,563,37,22143,2023-05-07
States,New York,2023,19,NA,1.39906,NA,NA,NA,NA,NA,NA,967,121,69118,2023-05-07
States,North Carolina,2023,19,NA,1.17183,NA,NA,NA,NA,NA,NA,1061,135,90542,2023-05-07
States,North Dakota,2023,19,NA,1.68639,NA,NA,NA,NA,NA,NA,57,9,3380,2023-05-07
States,Ohio,2023,19,NA,1.84886,NA,NA,NA,NA,NA,NA,721,77,38997,2023-05-07
States,Oklahoma,2023,19,NA,1.24711,NA,NA,NA,NA,NA,NA,221,35,17721,2023-05-07
States,Oregon,2023,19,NA,1.13717,NA,NA,NA,NA,NA,NA,464,88,40803,2023-05-07
States,Pennsylvania,2023,19,NA,0.975856,NA,NA,NA,NA,NA,NA,637,98,65276,2023-05-07
States,Rhode Island,2023,19,NA,0.74796,NA,NA,NA,NA,NA,NA,99,22,13236,2023-05-07
States,South Carolina,2023,19,NA,1.75859,NA,NA,NA,NA,NA,NA,616,38,35028,2023-05-07
States,South Dakota,2023,19,NA,0.800565,NA,NA,NA,NA,NA,NA,68,31,8494,2023-05-07
States,Tennessee,2023,19,NA,1.92409,NA,NA,NA,NA,NA,NA,696,100,36173,2023-05-07
States,Texas,2023,19,NA,2.57569,NA,NA,NA,NA,NA,NA,1511,57,58664,2023-05-07
States,Utah,2023,19,NA,1.88024,NA,NA,NA,NA,NA,NA,352,48,18721,2023-05-07
States,Vermont,2023,19,NA,0.510025,NA,NA,NA,NA,NA,NA,29,12,5686,2023-05-07
States,Virginia,2023,19,NA,2.3067,NA,NA,NA,NA,NA,NA,2583,174,111978,2023-05-07
States,Washington,2023,19,NA,1.08677,NA,NA,NA,NA,NA,NA,495,72,45548,2023-05-07
States,West Virginia,2023,19,NA,4.54632,NA,NA,NA,NA,NA,NA,479,43,10536,2023-05-07
States,Wisconsin,2023,19,NA,1.07184,NA,NA,NA,NA,NA,NA,235,34,21925,2023-05-07
States,Wyoming,2023,19,NA,0.704556,NA,NA,NA,NA,NA,NA,15,11,2129,2023-05-07
States,Commonwealth of the Northern Mariana Islands,2023,19,NA,NA,NA,NA,NA,NA,NA,NA,NA,NA,NA,2023-05-07
States,Puerto Rico,2023,19,NA,3.67388,NA,NA,NA,NA,NA,NA,73,6,1987,2023-05-07
States,Virgin Islands,2023,19,NA,0,NA,NA,NA,NA,NA,NA,0,4,817,2023-05-07
States,New York City,2023,19,NA,4.19988,NA,NA,NA,NA,NA,NA,4711,104,112170,2023-05-07
States,Alabama,2023,20,NA,1.54993,NA,NA,NA,NA,NA,NA,736,104,47486,2023-05-14
States,Alaska,2023,20,NA,1.54352,NA,NA,NA,NA,NA,NA,61,12,3952,2023-05-14
States,Arizona,2023,20,NA,1.24032,NA,NA,NA,NA,NA,NA,269,44,21688,2023-05-14
States,Arkansas,2023,20,NA,0.884715,NA,NA,NA,NA,NA,NA,130,44,14694,2023-05-14
States,California,2023,20,NA,2.82237,NA,NA,NA,NA,NA,NA,8073,203,286036,2023-05-14
States,Colorado,2023,20,NA,2.2249,NA,NA,NA,NA,NA,NA,1107,98,49755,2023-05-14
States,Connecticut,2023,20,NA,1.30393,NA,NA,NA,NA,NA,NA,564,70,43254,2023-05-14
States,Delaware,2023,20,NA,0.767668,NA,NA,NA,NA,NA,NA,102,23,13287,2023-05-14
States,District of Columbia,2023,20,NA,4.29069,NA,NA,NA,NA,NA,NA,271,4,6316,2023-05-14
States,Florida,2023,20,NA,2.87266,NA,NA,NA,NA,NA,NA,7204,358,250778,2023-05-14
States,Georgia,2023,20,NA,2.27985,NA,NA,NA,NA,NA,NA,1812,102,79479,2023-05-14
States,Hawaii,2023,20,NA,2.28956,NA,NA,NA,NA,NA,NA,776,39,33893,2023-05-14
States,Idaho,2023,20,NA,0.795073,NA,NA,NA,NA,NA,NA,71,30,8930,2023-05-14
States,Illinois,2023,20,NA,1.01594,NA,NA,NA,NA,NA,NA,174,179,17127,2023-05-14
States,Indiana,2023,20,NA,1.15712,NA,NA,NA,NA,NA,NA,607,102,52458,2023-05-14
States,Iowa,2023,20,NA,0.767754,NA,NA,NA,NA,NA,NA,28,14,3647,2023-05-14
States,Kansas,2023,20,NA,0.613758,NA,NA,NA,NA,NA,NA,101,33,16456,2023-05-14
States,Kentucky,2023,20,NA,1.04197,NA,NA,NA,NA,NA,NA,318,76,30519,2023-05-14
States,Louisiana,2023,20,NA,1.28033,NA,NA,NA,NA,NA,NA,553,87,43192,2023-05-14
States,Maine,2023,20,NA,0.518026,NA,NA,NA,NA,NA,NA,74,47,14285,2023-05-14
States,Maryland,2023,20,NA,1.80743,NA,NA,NA,NA,NA,NA,831,66,45977,2023-05-14
States,Massachusetts,2023,20,NA,1.28767,NA,NA,NA,NA,NA,NA,1081,95,83950,2023-05-14
States,Michigan,2023,20,NA,0.963291,NA,NA,NA,NA,NA,NA,830,150,86163,2023-05-14
States,Minnesota,2023,20,NA,1.18147,NA,NA,NA,NA,NA,NA,403,67,34110,2023-05-14
States,Mississippi,2023,20,NA,1.73369,NA,NA,NA,NA,NA,NA,216,30,12459,2023-05-14
States,Missouri,2023,20,NA,0.833827,NA,NA,NA,NA,NA,NA,225,41,26984,2023-05-14
States,Montana,2023,20,NA,0.782701,NA,NA,NA,NA,NA,NA,59,28,7538,2023-05-14
States,Nebraska,2023,20,NA,1.89211,NA,NA,NA,NA,NA,NA,282,82,14904,2023-05-14
States,Nevada,2023,20,NA,0.818397,NA,NA,NA,NA,NA,NA,142,29,17351,2023-05-14
States,New Hampshire,2023,20,NA,0.704225,NA,NA,NA,NA,NA,NA,7,8,994,2023-05-14
States,New Jersey,2023,20,NA,3.0197600000000002,NA,NA,NA,NA,NA,NA,816,29,27022,2023-05-14
States,New Mexico,2023,20,NA,2.60729,NA,NA,NA,NA,NA,NA,548,38,21018,2023-05-14
States,New York,2023,20,NA,1.71774,NA,NA,NA,NA,NA,NA,1018,120,59264,2023-05-14
States,North Carolina,2023,20,NA,1.12544,NA,NA,NA,NA,NA,NA,1006,135,89387,2023-05-14
States,North Dakota,2023,20,NA,1.73861,NA,NA,NA,NA,NA,NA,58,9,3336,2023-05-14
States,Ohio,2023,20,NA,1.8652,NA,NA,NA,NA,NA,NA,696,76,37315,2023-05-14
States,Oklahoma,2023,20,NA,0.994007,NA,NA,NA,NA,NA,NA,209,35,21026,2023-05-14
States,Oregon,2023,20,NA,1.01599,NA,NA,NA,NA,NA,NA,432,88,42520,2023-05-14
States,Pennsylvania,2023,20,NA,0.881057,NA,NA,NA,NA,NA,NA,580,96,65830,2023-05-14
States,Rhode Island,2023,20,NA,0.76428,NA,NA,NA,NA,NA,NA,95,22,12430,2023-05-14
States,South Carolina,2023,20,NA,1.75231,NA,NA,NA,NA,NA,NA,606,39,34583,2023-05-14
States,South Dakota,2023,20,NA,0.56247,NA,NA,NA,NA,NA,NA,47,30,8356,2023-05-14
States,Tennessee,2023,20,NA,1.7505,NA,NA,NA,NA,NA,NA,625,101,35704,2023-05-14
States,Texas,2023,20,NA,2.64719,NA,NA,NA,NA,NA,NA,1165,57,44009,2023-05-14
States,Utah,2023,20,NA,1.78271,NA,NA,NA,NA,NA,NA,339,48,19016,2023-05-14
States,Vermont,2023,20,NA,0.462304,NA,NA,NA,NA,NA,NA,26,12,5624,2023-05-14
States,Virginia,2023,20,NA,2.16196,NA,NA,NA,NA,NA,NA,2410,174,111473,2023-05-14
States,Washington,2023,20,NA,1.05281,NA,NA,NA,NA,NA,NA,492,71,46732,2023-05-14
States,West Virginia,2023,20,NA,1.13283,NA,NA,NA,NA,NA,NA,124,43,10946,2023-05-14
States,Wisconsin,2023,20,NA,0.808446,NA,NA,NA,NA,NA,NA,170,34,21028,2023-05-14
States,Wyoming,2023,20,NA,0.358423,NA,NA,NA,NA,NA,NA,7,11,1953,2023-05-14
States,Commonwealth of the Northern Mariana Islands,2023,20,NA,NA,NA,NA,NA,NA,NA,NA,NA,NA,NA,2023-05-14
States,Puerto Rico,2023,20,NA,3.92857,NA,NA,NA,NA,NA,NA,77,6,1960,2023-05-14
States,Virgin Islands,2023,20,NA,0.130548,NA,NA,NA,NA,NA,NA,1,4,766,2023-05-14
States,New York City,2023,20,NA,4.1314,NA,NA,NA,NA,NA,NA,4608,104,111536,2023-05-14
States,Alabama,2023,21,NA,1.43912,NA,NA,NA,NA,NA,NA,622,103,43221,2023-05-21
States,Alaska,2023,21,NA,1.73722,NA,NA,NA,NA,NA,NA,71,12,4087,2023-05-21
States,Arizona,2023,21,NA,1.28521,NA,NA,NA,NA,NA,NA,282,44,21942,2023-05-21
States,Arkansas,2023,21,NA,1.12853,NA,NA,NA,NA,NA,NA,167,44,14798,2023-05-21
States,California,2023,21,NA,2.89984,NA,NA,NA,NA,NA,NA,8133,198,280464,2023-05-21
States,Colorado,2023,21,NA,1.95113,NA,NA,NA,NA,NA,NA,971,98,49766,2023-05-21
States,Connecticut,2023,21,NA,1.16287,NA,NA,NA,NA,NA,NA,507,70,43599,2023-05-21
States,Delaware,2023,21,NA,0.833403,NA,NA,NA,NA,NA,NA,99,21,11879,2023-05-21
States,District of Columbia,2023,21,NA,4.67646,NA,NA,NA,NA,NA,NA,245,4,5239,2023-05-21
States,Florida,2023,21,NA,2.88768,NA,NA,NA,NA,NA,NA,7101,358,245907,2023-05-21
States,Georgia,2023,21,NA,2.1819,NA,NA,NA,NA,NA,NA,1698,100,77822,2023-05-21
States,Hawaii,2023,21,NA,2.07178,NA,NA,NA,NA,NA,NA,695,40,33546,2023-05-21
States,Idaho,2023,21,NA,0.505268,NA,NA,NA,NA,NA,NA,47,30,9302,2023-05-21
States,Illinois,2023,21,NA,1.21357,NA,NA,NA,NA,NA,NA,829,173,68311,2023-05-21
States,Indiana,2023,21,NA,1.11858,NA,NA,NA,NA,NA,NA,611,100,54623,2023-05-21
States,Iowa,2023,21,NA,0.807799,NA,NA,NA,NA,NA,NA,29,14,3590,2023-05-21
States,Kansas,2023,21,NA,0.677172,NA,NA,NA,NA,NA,NA,107,32,15801,2023-05-21
States,Kentucky,2023,21,NA,1.17256,NA,NA,NA,NA,NA,NA,332,71,28314,2023-05-21
States,Louisiana,2023,21,NA,1.1881,NA,NA,NA,NA,NA,NA,507,87,42673,2023-05-21
States,Maine,2023,21,NA,0.650232,NA,NA,NA,NA,NA,NA,91,47,13995,2023-05-21
States,Maryland,2023,21,NA,1.70551,NA,NA,NA,NA,NA,NA,775,65,45441,2023-05-21
States,Massachusetts,2023,21,NA,1.27233,NA,NA,NA,NA,NA,NA,1066,93,83783,2023-05-21
States,Michigan,2023,21,NA,0.829297,NA,NA,NA,NA,NA,NA,726,150,87544,2023-05-21
States,Minnesota,2023,21,NA,1.13798,NA,NA,NA,NA,NA,NA,393,67,34535,2023-05-21
States,Mississippi,2023,21,NA,2.24283,NA,NA,NA,NA,NA,NA,266,29,11860,2023-05-21
States,Missouri,2023,21,NA,0.964596,NA,NA,NA,NA,NA,NA,270,41,27991,2023-05-21
States,Montana,2023,21,NA,0.856449,NA,NA,NA,NA,NA,NA,67,28,7823,2023-05-21
States,Nebraska,2023,21,NA,1.84738,NA,NA,NA,NA,NA,NA,283,83,15319,2023-05-21
States,Nevada,2023,21,NA,0.623917,NA,NA,NA,NA,NA,NA,108,29,17310,2023-05-21
States,New Hampshire,2023,21,NA,0.1221,NA,NA,NA,NA,NA,NA,1,9,819,2023-05-21
States,New Jersey,2023,21,NA,2.69302,NA,NA,NA,NA,NA,NA,752,31,27924,2023-05-21
States,New Mexico,2023,21,NA,2.40318,NA,NA,NA,NA,NA,NA,489,35,20348,2023-05-21
States,New York,2023,21,NA,1.65233,NA,NA,NA,NA,NA,NA,964,118,58342,2023-05-21
States,North Carolina,2023,21,NA,1.10302,NA,NA,NA,NA,NA,NA,963,131,87306,2023-05-21
States,North Dakota,2023,21,NA,1.92635,NA,NA,NA,NA,NA,NA,68,9,3530,2023-05-21
States,Ohio,2023,21,NA,1.67353,NA,NA,NA,NA,NA,NA,622,76,37167,2023-05-21
States,Oklahoma,2023,21,NA,0.874665,NA,NA,NA,NA,NA,NA,176,33,20122,2023-05-21
States,Oregon,2023,21,NA,0.736377,NA,NA,NA,NA,NA,NA,10,4,1358,2023-05-21
States,Pennsylvania,2023,21,NA,0.879263,NA,NA,NA,NA,NA,NA,570,94,64827,2023-05-21
States,Rhode Island,2023,21,NA,0.619599,NA,NA,NA,NA,NA,NA,76,23,12266,2023-05-21
States,South Carolina,2023,21,NA,1.39733,NA,NA,NA,NA,NA,NA,460,38,32920,2023-05-21
States,South Dakota,2023,21,NA,0.573263,NA,NA,NA,NA,NA,NA,50,31,8722,2023-05-21
States,Tennessee,2023,21,NA,1.62762,NA,NA,NA,NA,NA,NA,569,100,34959,2023-05-21
States,Texas,2023,21,NA,2.55126,NA,NA,NA,NA,NA,NA,708,41,27751,2023-05-21
States,Utah,2023,21,NA,1.50571,NA,NA,NA,NA,NA,NA,278,47,18463,2023-05-21
States,Vermont,2023,21,NA,0.363951,NA,NA,NA,NA,NA,NA,21,12,5770,2023-05-21
States,Virginia,2023,21,NA,2.06428,NA,NA,NA,NA,NA,NA,2300,175,111419,2023-05-21
States,Washington,2023,21,NA,1.10426,NA,NA,NA,NA,NA,NA,516,71,46728,2023-05-21
States,West Virginia,2023,21,NA,0.931983,NA,NA,NA,NA,NA,NA,104,44,11159,2023-05-21
States,Wisconsin,2023,21,NA,0.888478,NA,NA,NA,NA,NA,NA,192,34,21610,2023-05-21
States,Wyoming,2023,21,NA,0.599829,NA,NA,NA,NA,NA,NA,14,12,2334,2023-05-21
States,Commonwealth of the Northern Mariana Islands,2023,21,NA,NA,NA,NA,NA,NA,NA,NA,NA,NA,NA,2023-05-21
States,Puerto Rico,2023,21,NA,3.17686,NA,NA,NA,NA,NA,NA,67,6,2109,2023-05-21
States,Virgin Islands,2023,21,NA,0.545455,NA,NA,NA,NA,NA,NA,6,4,1100,2023-05-21
States,New York City,2023,21,NA,4.05644,NA,NA,NA,NA,NA,NA,4413,103,108790,2023-05-21
States,Alabama,2023,22,NA,1.5171,NA,NA,NA,NA,NA,NA,684,105,45086,2023-05-28
States,Alaska,2023,22,NA,1.33531,NA,NA,NA,NA,NA,NA,45,12,3370,2023-05-28
States,Arizona,2023,22,NA,1.10605,NA,NA,NA,NA,NA,NA,226,43,20433,2023-05-28
States,Arkansas,2023,22,NA,0.917874,NA,NA,NA,NA,NA,NA,133,44,14490,2023-05-28
States,California,2023,22,NA,3.0799,NA,NA,NA,NA,NA,NA,7630,199,247735,2023-05-28
States,Colorado,2023,22,NA,1.8689,NA,NA,NA,NA,NA,NA,871,98,46605,2023-05-28
States,Connecticut,2023,22,NA,1.27753,NA,NA,NA,NA,NA,NA,551,70,43130,2023-05-28
States,Delaware,2023,22,NA,0.738832,NA,NA,NA,NA,NA,NA,86,20,11640,2023-05-28
States,District of Columbia,2023,22,NA,3.53654,NA,NA,NA,NA,NA,NA,210,4,5938,2023-05-28
States,Florida,2023,22,NA,3.15908,NA,NA,NA,NA,NA,NA,7702,358,243805,2023-05-28
States,Georgia,2023,22,NA,2.31611,NA,NA,NA,NA,NA,NA,1808,101,78062,2023-05-28
States,Hawaii,2023,22,NA,2.43458,NA,NA,NA,NA,NA,NA,695,40,28547,2023-05-28
States,Idaho,2023,22,NA,0.56926,NA,NA,NA,NA,NA,NA,51,30,8959,2023-05-28
States,Illinois,2023,22,NA,1.09793,NA,NA,NA,NA,NA,NA,769,176,70041,2023-05-28
States,Indiana,2023,22,NA,1.03841,NA,NA,NA,NA,NA,NA,574,101,55277,2023-05-28
States,Iowa,2023,22,NA,0.92869,NA,NA,NA,NA,NA,NA,28,14,3015,2023-05-28
States,Kansas,2023,22,NA,0.621202,NA,NA,NA,NA,NA,NA,92,30,14810,2023-05-28
States,Kentucky,2023,22,NA,0.812168,NA,NA,NA,NA,NA,NA,228,71,28073,2023-05-28
States,Louisiana,2023,22,NA,1.22262,NA,NA,NA,NA,NA,NA,518,87,42368,2023-05-28
States,Maine,2023,22,NA,0.821898,NA,NA,NA,NA,NA,NA,112,47,13627,2023-05-28
States,Maryland,2023,22,NA,1.80284,NA,NA,NA,NA,NA,NA,797,65,44208,2023-05-28
States,Massachusetts,2023,22,NA,1.25974,NA,NA,NA,NA,NA,NA,991,94,78667,2023-05-28
States,Michigan,2023,22,NA,0.894708,NA,NA,NA,NA,NA,NA,790,149,88297,2023-05-28
States,Minnesota,2023,22,NA,1.7959,NA,NA,NA,NA,NA,NA,299,61,16649,2023-05-28
States,Mississippi,2023,22,NA,1.76426,NA,NA,NA,NA,NA,NA,188,28,10656,2023-05-28
States,Missouri,2023,22,NA,0.889792,NA,NA,NA,NA,NA,NA,254,41,28546,2023-05-28
States,Montana,2023,22,NA,0.78534,NA,NA,NA,NA,NA,NA,60,28,7640,2023-05-28
States,Nebraska,2023,22,NA,1.6852,NA,NA,NA,NA,NA,NA,244,83,14479,2023-05-28
States,Nevada,2023,22,NA,0.646254,NA,NA,NA,NA,NA,NA,103,29,15938,2023-05-28
States,New Hampshire,2023,22,NA,0.170068,NA,NA,NA,NA,NA,NA,1,8,588,2023-05-28
States,New Jersey,2023,22,NA,2.9322,NA,NA,NA,NA,NA,NA,788,30,26874,2023-05-28
States,New Mexico,2023,22,NA,2.25624,NA,NA,NA,NA,NA,NA,482,38,21363,2023-05-28
States,New York,2023,22,NA,1.31054,NA,NA,NA,NA,NA,NA,762,118,58144,2023-05-28
States,North Carolina,2023,22,NA,1.15618,NA,NA,NA,NA,NA,NA,1011,131,87443,2023-05-28
States,North Dakota,2023,22,0,0,NA,NA,NA,NA,NA,NA,0,0,0,2023-05-28
States,Ohio,2023,22,NA,1.56499,NA,NA,NA,NA,NA,NA,560,74,35783,2023-05-28
States,Oklahoma,2023,22,NA,0.768279,NA,NA,NA,NA,NA,NA,149,34,19394,2023-05-28
States,Oregon,2023,22,NA,1.07615,NA,NA,NA,NA,NA,NA,445,88,41351,2023-05-28
States,Pennsylvania,2023,22,NA,0.797258,NA,NA,NA,NA,NA,NA,528,94,66227,2023-05-28
States,Rhode Island,2023,22,NA,0.645655,NA,NA,NA,NA,NA,NA,76,23,11771,2023-05-28
States,South Carolina,2023,22,NA,1.49025,NA,NA,NA,NA,NA,NA,506,39,33954,2023-05-28
States,South Dakota,2023,22,NA,0.788091,NA,NA,NA,NA,NA,NA,63,31,7994,2023-05-28
States,Tennessee,2023,22,NA,1.60542,NA,NA,NA,NA,NA,NA,547,100,34072,2023-05-28
States,Texas,2023,22,NA,2.24826,NA,NA,NA,NA,NA,NA,1086,51,48304,2023-05-28
States,Utah,2023,22,NA,1.33446,NA,NA,NA,NA,NA,NA,236,48,17685,2023-05-28
States,Vermont,2023,22,NA,0.378137,NA,NA,NA,NA,NA,NA,22,11,5818,2023-05-28
States,Virginia,2023,22,NA,2.11525,NA,NA,NA,NA,NA,NA,2343,178,110767,2023-05-28
States,Washington,2023,22,NA,1.08034,NA,NA,NA,NA,NA,NA,465,71,43042,2023-05-28
States,West Virginia,2023,22,NA,0.819085,NA,NA,NA,NA,NA,NA,80,43,9767,2023-05-28
States,Wisconsin,2023,22,NA,0.953332,NA,NA,NA,NA,NA,NA,210,34,22028,2023-05-28
States,Wyoming,2023,22,NA,0.820934,NA,NA,NA,NA,NA,NA,16,11,1949,2023-05-28
States,Commonwealth of the Northern Mariana Islands,2023,22,NA,NA,NA,NA,NA,NA,NA,NA,NA,NA,NA,2023-05-28
States,Puerto Rico,2023,22,NA,4.35881,NA,NA,NA,NA,NA,NA,69,5,1583,2023-05-28
States,Virgin Islands,2023,22,NA,0.847458,NA,NA,NA,NA,NA,NA,10,4,1180,2023-05-28
States,New York City,2023,22,NA,4.07308,NA,NA,NA,NA,NA,NA,4394,103,107879,2023-05-28
